"Customer_ID","order_count","units_purchased","net_revenue","aov","customer_type"
"CUST1000",2,6.0,53058.0,26529.0,"Repeat"
"CUST1001",3,7.0,73161.0,24387.0,"Repeat"
"CUST1002",3,6.0,204362.0,68120.67,"Repeat"
"CUST1004",1,4.0,8720.0,8720.0,"One-time"
"CUST1006",1,1.0,45465.0,45465.0,"One-time"
"CUST1007",1,3.0,35932.0,35932.0,"One-time"
"CUST1011",2,8.0,124524.0,62262.0,"Repeat"
"CUST1013",2,4.0,43782.0,21891.0,"Repeat"
"CUST1015",1,5.0,73646.0,73646.0,"One-time"
"CUST1017",1,4.0,103027.0,103027.0,"One-time"
"CUST1018",1,2.0,51529.0,51529.0,"One-time"
"CUST1019",1,3.0,15923.0,15923.0,"One-time"
"CUST1020",3,8.0,4477.0,1492.33,"Repeat"
"CUST1021",2,7.0,224369.0,112184.5,"Repeat"
"CUST1022",1,5.0,250.0,250.0,"One-time"
"CUST1023",1,2.0,150.0,150.0,"One-time"
"CUST1024",1,3.0,93365.0,93365.0,"One-time"
"CUST1025",2,6.0,59073.0,29536.5,"Repeat"
"CUST1026",1,3.0,175.0,175.0,"One-time"
"CUST1027",1,2.0,54893.0,54893.0,"One-time"
"CUST1030",4,12.0,282184.0,70546.0,"Repeat"
"CUST1031",3,5.0,102980.0,34326.67,"Repeat"
"CUST1032",1,5.0,250.0,250.0,"One-time"
"CUST1035",1,5.0,44350.0,44350.0,"One-time"
"CUST1036",4,8.0,116614.0,29153.5,"Repeat"
"CUST1037",2,8.0,280514.0,140257.0,"Repeat"
"CUST1038",2,10.0,355340.0,177670.0,"Repeat"
"CUST1039",2,2.0,43546.0,21773.0,"Repeat"
"CUST1040",2,8.0,238696.0,119348.0,"Repeat"
"CUST1041",3,11.0,255004.0,85001.33,"Repeat"
"CUST1042",1,5.0,138868.0,138868.0,"One-time"
"CUST1043",3,9.0,274991.0,91663.67,"Repeat"
"CUST1044",1,5.0,128549.0,128549.0,"One-time"
"CUST1045",2,8.0,74133.0,37066.5,"Repeat"
"CUST1046",1,2.0,96536.0,96536.0,"One-time"
"CUST1047",1,1.0,27366.0,27366.0,"One-time"
"CUST1048",1,5.0,29611.0,29611.0,"One-time"
"CUST1049",2,4.0,103762.0,51881.0,"Repeat"
"CUST1050",4,9.0,162198.0,40549.5,"Repeat"
"CUST1051",1,5.0,147022.0,147022.0,"One-time"
"CUST1053",1,4.0,8293.0,8293.0,"One-time"
"CUST1054",3,9.0,333055.0,111018.33,"Repeat"
"CUST1055",1,5.0,230535.0,230535.0,"One-time"
"CUST1056",1,5.0,168041.0,168041.0,"One-time"
"CUST1057",1,4.0,200.0,200.0,"One-time"
"CUST1058",1,4.0,66899.0,66899.0,"One-time"
"CUST1059",3,11.0,153731.0,51243.67,"Repeat"
"CUST1060",1,3.0,175.0,175.0,"One-time"
"CUST1061",1,2.0,27032.0,27032.0,"One-time"
"CUST1062",1,2.0,9894.0,9894.0,"One-time"
"CUST1064",1,5.0,221725.0,221725.0,"One-time"
"CUST1065",1,5.0,60252.0,60252.0,"One-time"
"CUST1067",1,4.0,78985.0,78985.0,"One-time"
"CUST1068",2,10.0,417777.0,208888.5,"Repeat"
"CUST1069",2,5.0,87662.0,43831.0,"Repeat"
"CUST1070",1,1.0,48486.0,48486.0,"One-time"
"CUST1071",1,4.0,8644.0,8644.0,"One-time"
"CUST1072",3,9.0,173497.0,57832.33,"Repeat"
"CUST1074",5,13.0,406280.0,81256.0,"Repeat"
"CUST1075",2,8.0,146595.0,73297.5,"Repeat"
"CUST1076",2,9.0,244351.0,122175.5,"Repeat"
"CUST1078",4,16.0,324244.0,81061.0,"Repeat"
"CUST1080",2,8.0,252806.0,126403.0,"Repeat"
"CUST1081",1,2.0,15752.0,15752.0,"One-time"
"CUST1082",4,8.0,163117.0,40779.25,"Repeat"
"CUST1083",1,4.0,116230.0,116230.0,"One-time"
"CUST1084",3,8.0,94939.0,31646.33,"Repeat"
"CUST1086",2,7.0,27407.0,13703.5,"Repeat"
"CUST1090",1,4.0,62216.0,62216.0,"One-time"
"CUST1091",2,6.0,167008.0,83504.0,"Repeat"
"CUST1092",1,5.0,61753.0,61753.0,"One-time"
"CUST1093",1,2.0,74209.0,74209.0,"One-time"
"CUST1094",2,9.0,318450.0,159225.0,"Repeat"
"CUST1095",2,5.0,63691.0,31845.5,"Repeat"
"CUST1096",2,8.0,327498.0,163749.0,"Repeat"
"CUST1097",2,6.0,57733.0,28866.5,"Repeat"
"CUST1098",4,11.0,382297.0,95574.25,"Repeat"
"CUST1099",4,17.0,411233.0,102808.25,"Repeat"
"CUST1100",1,4.0,9861.0,9861.0,"One-time"
"CUST1101",2,7.0,96623.0,48311.5,"Repeat"
"CUST1103",6,18.0,492524.0,82087.33,"Repeat"
"CUST1104",1,1.0,36731.0,36731.0,"One-time"
"CUST1105",1,1.0,46640.0,46640.0,"One-time"
"CUST1106",3,10.0,375480.0,125160.0,"Repeat"
"CUST1107",4,9.0,158126.0,39531.5,"Repeat"
"CUST1109",1,1.0,11101.0,11101.0,"One-time"
"CUST1110",2,5.0,141560.0,70780.0,"Repeat"
"CUST1111",1,3.0,46668.0,46668.0,"One-time"
"CUST1113",2,6.0,11870.0,5935.0,"Repeat"
"CUST1114",4,11.0,307043.0,76760.75,"Repeat"
"CUST1115",1,3.0,100973.0,100973.0,"One-time"
"CUST1116",3,8.0,313223.0,104407.67,"Repeat"
"CUST1117",1,2.0,29534.0,29534.0,"One-time"
"CUST1118",4,11.0,343458.0,85864.5,"Repeat"
"CUST1119",2,4.0,143541.0,71770.5,"Repeat"
"CUST1121",2,5.0,203913.0,101956.5,"Repeat"
"CUST1123",2,4.0,80969.0,40484.5,"Repeat"
"CUST1124",1,4.0,25487.0,25487.0,"One-time"
"CUST1127",1,4.0,190582.0,190582.0,"One-time"
"CUST1128",3,10.0,180066.0,60022.0,"Repeat"
"CUST1129",2,5.0,215836.0,107918.0,"Repeat"
"CUST1131",1,3.0,22585.0,22585.0,"One-time"
"CUST1132",1,3.0,175.0,175.0,"One-time"
"CUST1135",2,3.0,64072.0,32036.0,"Repeat"
"CUST1136",1,4.0,101713.0,101713.0,"One-time"
"CUST1137",3,14.0,465396.0,155132.0,"Repeat"
"CUST1138",1,5.0,90133.0,90133.0,"One-time"
"CUST1139",3,4.0,56220.0,18740.0,"Repeat"
"CUST1141",1,3.0,22486.0,22486.0,"One-time"
"CUST1142",2,7.0,193815.0,96907.5,"Repeat"
"CUST1143",2,6.0,164259.0,82129.5,"Repeat"
"CUST1144",4,16.0,309146.0,77286.5,"Repeat"
"CUST1145",1,1.0,11849.0,11849.0,"One-time"
"CUST1146",1,1.0,125.0,125.0,"One-time"
"CUST1148",2,2.0,40362.0,20181.0,"Repeat"
"CUST1149",1,5.0,140094.0,140094.0,"One-time"
"CUST1150",2,6.0,113265.0,56632.5,"Repeat"
"CUST1151",1,1.0,6933.0,6933.0,"One-time"
"CUST1152",2,7.0,11448.0,5724.0,"Repeat"
"CUST1153",2,9.0,98256.0,49128.0,"Repeat"
"CUST1155",1,1.0,17666.0,17666.0,"One-time"
"CUST1156",1,3.0,128789.0,128789.0,"One-time"
"CUST1157",1,2.0,59990.0,59990.0,"One-time"
"CUST1158",1,2.0,21704.0,21704.0,"One-time"
"CUST1159",4,15.0,401501.0,100375.25,"Repeat"
"CUST1160",2,7.0,100629.0,50314.5,"Repeat"
"CUST1162",5,21.0,459824.0,91964.8,"Repeat"
"CUST1164",3,3.0,74549.0,24849.67,"Repeat"
"CUST1166",2,9.0,344004.0,172002.0,"Repeat"
"CUST1168",1,2.0,6265.0,6265.0,"One-time"
"CUST1169",2,5.0,177263.0,88631.5,"Repeat"
"CUST1170",4,8.0,133779.0,33444.75,"Repeat"
"CUST1171",4,14.0,336455.0,84113.75,"Repeat"
"CUST1172",1,4.0,17901.0,17901.0,"One-time"
"CUST1173",2,8.0,202513.0,101256.5,"Repeat"
"CUST1174",1,4.0,109301.0,109301.0,"One-time"
"CUST1175",1,5.0,12810.0,12810.0,"One-time"
"CUST1176",2,9.0,238842.0,119421.0,"Repeat"
"CUST1178",2,7.0,188182.0,94091.0,"Repeat"
"CUST1179",2,8.0,228410.0,114205.0,"Repeat"
"CUST1181",1,5.0,249346.0,249346.0,"One-time"
"CUST1182",4,15.0,191490.0,47872.5,"Repeat"
"CUST1184",2,3.0,56272.0,28136.0,"Repeat"
"CUST1185",1,2.0,12063.0,12063.0,"One-time"
"CUST1186",3,12.0,42309.0,14103.0,"Repeat"
"CUST1187",2,2.0,58031.0,29015.5,"Repeat"
"CUST1188",1,4.0,194526.0,194526.0,"One-time"
"CUST1190",1,3.0,175.0,175.0,"One-time"
"CUST1191",1,4.0,11184.0,11184.0,"One-time"
"CUST1192",2,8.0,177897.0,88948.5,"Repeat"
"CUST1193",1,5.0,141717.0,141717.0,"One-time"
"CUST1194",1,1.0,33578.0,33578.0,"One-time"
"CUST1195",2,7.0,180388.0,90194.0,"Repeat"
"CUST1196",3,10.0,315077.0,105025.67,"Repeat"
"CUST1197",2,8.0,193992.0,96996.0,"Repeat"
"CUST1198",3,11.0,219948.0,73316.0,"Repeat"
"CUST1199",2,9.0,43351.0,21675.5,"Repeat"
"CUST1200",1,2.0,150.0,150.0,"One-time"
"CUST1201",2,6.0,44484.0,22242.0,"Repeat"
"CUST1202",1,5.0,149913.0,149913.0,"One-time"
"CUST1203",3,12.0,268506.0,89502.0,"Repeat"
"CUST1204",2,6.0,185545.0,92772.5,"Repeat"
"CUST1205",2,7.0,46601.0,23300.5,"Repeat"
"CUST1206",4,8.0,111253.0,27813.25,"Repeat"
"CUST1207",2,7.0,213719.0,106859.5,"Repeat"
"CUST1208",5,10.0,271373.0,54274.6,"Repeat"
"CUST1210",2,7.0,19308.0,9654.0,"Repeat"
"CUST1211",1,1.0,26814.0,26814.0,"One-time"
"CUST1212",1,1.0,7186.0,7186.0,"One-time"
"CUST1213",2,4.0,133773.0,66886.5,"Repeat"
"CUST1214",4,8.0,225395.0,56348.75,"Repeat"
"CUST1215",1,3.0,58753.0,58753.0,"One-time"
"CUST1216",2,7.0,139774.0,69887.0,"Repeat"
"CUST1217",1,5.0,19909.0,19909.0,"One-time"
"CUST1218",1,1.0,20366.0,20366.0,"One-time"
"CUST1219",2,6.0,164991.0,82495.5,"Repeat"
"CUST1220",1,2.0,94172.0,94172.0,"One-time"
"CUST1221",2,7.0,118436.0,59218.0,"Repeat"
"CUST1223",3,10.0,104274.0,34758.0,"Repeat"
"CUST1224",3,10.0,392600.0,130866.67,"Repeat"
"CUST1225",1,2.0,150.0,150.0,"One-time"
"CUST1226",1,5.0,181599.0,181599.0,"One-time"
"CUST1227",2,8.0,157186.0,78593.0,"Repeat"
"CUST1228",1,1.0,39967.0,39967.0,"One-time"
"CUST1229",2,10.0,500.0,250.0,"Repeat"
"CUST1230",2,6.0,85096.0,42548.0,"Repeat"
"CUST1231",4,8.0,139166.0,34791.5,"Repeat"
"CUST1232",2,2.0,23324.0,11662.0,"Repeat"
"CUST1233",1,4.0,193516.0,193516.0,"One-time"
"CUST1234",2,6.0,43447.0,21723.5,"Repeat"
"CUST1235",6,20.0,478450.0,79741.67,"Repeat"
"CUST1236",1,5.0,65284.0,65284.0,"One-time"
"CUST1237",3,13.0,399229.0,133076.33,"Repeat"
"CUST1240",1,2.0,98203.0,98203.0,"One-time"
"CUST1241",4,14.0,238760.0,59690.0,"Repeat"
"CUST1242",1,1.0,40383.0,40383.0,"One-time"
"CUST1243",2,8.0,122478.0,61239.0,"Repeat"
"CUST1244",4,7.0,179270.0,44817.5,"Repeat"
"CUST1245",2,6.0,87371.0,43685.5,"Repeat"
"CUST1246",1,1.0,25077.0,25077.0,"One-time"
"CUST1247",1,1.0,657.0,657.0,"One-time"
"CUST1248",2,5.0,37405.0,18702.5,"Repeat"
"CUST1249",3,8.0,138413.0,46137.67,"Repeat"
"CUST1250",4,8.0,110666.0,27666.5,"Repeat"
"CUST1252",2,8.0,215298.0,107649.0,"Repeat"
"CUST1254",2,5.0,72363.0,36181.5,"Repeat"
"CUST1257",1,4.0,34065.0,34065.0,"One-time"
"CUST1260",2,5.0,52997.0,26498.5,"Repeat"
"CUST1261",2,5.0,64281.0,32140.5,"Repeat"
"CUST1262",1,4.0,200.0,200.0,"One-time"
"CUST1263",1,2.0,64971.0,64971.0,"One-time"
"CUST1264",2,6.0,176880.0,88440.0,"Repeat"
"CUST1266",3,6.0,46343.0,15447.67,"Repeat"
"CUST1267",2,9.0,290850.0,145425.0,"Repeat"
"CUST1268",1,3.0,53508.0,53508.0,"One-time"
"CUST1269",1,2.0,68453.0,68453.0,"One-time"
"CUST1270",2,5.0,92519.0,46259.5,"Repeat"
"CUST1271",4,12.0,270974.0,67743.5,"Repeat"
"CUST1272",2,10.0,273439.0,136719.5,"Repeat"
"CUST1273",4,13.0,373958.0,93489.5,"Repeat"
"CUST1275",2,6.0,112757.0,56378.5,"Repeat"
"CUST1276",1,2.0,9565.0,9565.0,"One-time"
"CUST1277",1,2.0,28214.0,28214.0,"One-time"
"CUST1278",1,4.0,119550.0,119550.0,"One-time"
"CUST1279",1,2.0,78010.0,78010.0,"One-time"
"CUST1280",2,7.0,241265.0,120632.5,"Repeat"
"CUST1281",1,4.0,195570.0,195570.0,"One-time"
"CUST1282",2,7.0,229737.0,114868.5,"Repeat"
"CUST1285",4,10.0,137773.0,34443.25,"Repeat"
"CUST1286",3,7.0,195773.0,65257.67,"Repeat"
"CUST1289",1,3.0,145031.0,145031.0,"One-time"
"CUST1290",5,14.0,280187.0,56037.4,"Repeat"
"CUST1291",1,1.0,47511.0,47511.0,"One-time"
"CUST1292",2,6.0,88112.0,44056.0,"Repeat"
"CUST1293",3,4.0,22672.0,7557.33,"Repeat"
"CUST1294",3,5.0,115148.0,38382.67,"Repeat"
"CUST1295",1,3.0,134141.0,134141.0,"One-time"
"CUST1296",3,14.0,216622.0,72207.33,"Repeat"
"CUST1297",1,1.0,23963.0,23963.0,"One-time"
"CUST1298",5,15.0,462001.0,92400.2,"Repeat"
"CUST1301",2,5.0,162240.0,81120.0,"Repeat"
"CUST1302",2,7.0,229113.0,114556.5,"Repeat"
"CUST1303",1,2.0,7788.0,7788.0,"One-time"
"CUST1304",3,9.0,306977.0,102325.67,"Repeat"
"CUST1305",1,4.0,120192.0,120192.0,"One-time"
"CUST1309",2,5.0,52892.0,26446.0,"Repeat"
"CUST1311",2,8.0,48659.0,24329.5,"Repeat"
"CUST1312",2,4.0,117550.0,58775.0,"Repeat"
"CUST1313",2,6.0,42331.0,21165.5,"Repeat"
"CUST1314",2,4.0,136027.0,68013.5,"Repeat"
"CUST1315",1,4.0,1113.0,1113.0,"One-time"
"CUST1316",1,4.0,74084.0,74084.0,"One-time"
"CUST1317",3,11.0,261683.0,87227.67,"Repeat"
"CUST1318",4,15.0,437622.0,109405.5,"Repeat"
"CUST1319",4,16.0,322963.0,80740.75,"Repeat"
"CUST1320",3,10.0,228583.0,76194.33,"Repeat"
"CUST1321",2,3.0,88048.0,44024.0,"Repeat"
"CUST1323",2,6.0,66861.0,33430.5,"Repeat"
"CUST1324",4,11.0,290532.0,72633.0,"Repeat"
"CUST1325",3,8.0,196408.0,65469.33,"Repeat"
"CUST1327",2,6.0,55298.0,27649.0,"Repeat"
"CUST1328",1,3.0,36940.0,36940.0,"One-time"
"CUST1329",1,1.0,9446.0,9446.0,"One-time"
"CUST1331",1,5.0,97332.0,97332.0,"One-time"
"CUST1332",2,3.0,23021.0,11510.5,"Repeat"
"CUST1333",1,3.0,69827.0,69827.0,"One-time"
"CUST1334",1,4.0,113955.0,113955.0,"One-time"
"CUST1335",1,3.0,95209.0,95209.0,"One-time"
"CUST1337",3,10.0,237205.0,79068.33,"Repeat"
"CUST1338",2,6.0,282013.0,141006.5,"Repeat"
"CUST1339",4,10.0,397729.0,99432.25,"Repeat"
"CUST1341",2,9.0,279958.0,139979.0,"Repeat"
"CUST1342",3,7.0,181614.0,60538.0,"Repeat"
"CUST1343",2,9.0,339299.0,169649.5,"Repeat"
"CUST1344",1,1.0,21774.0,21774.0,"One-time"
"CUST1345",3,7.0,140241.0,46747.0,"Repeat"
"CUST1346",1,4.0,71133.0,71133.0,"One-time"
"CUST1347",1,4.0,200.0,200.0,"One-time"
"CUST1348",3,9.0,235560.0,78520.0,"Repeat"
"CUST1349",2,8.0,19261.0,9630.5,"Repeat"
"CUST1350",2,5.0,186169.0,93084.5,"Repeat"
"CUST1351",1,5.0,38511.0,38511.0,"One-time"
"CUST1352",1,1.0,9484.0,9484.0,"One-time"
"CUST1353",2,3.0,81394.0,40697.0,"Repeat"
"CUST1354",2,5.0,179365.0,89682.5,"Repeat"
"CUST1355",4,17.0,289598.0,72399.5,"Repeat"
"CUST1356",1,4.0,75094.0,75094.0,"One-time"
"CUST1357",1,1.0,43323.0,43323.0,"One-time"
"CUST1358",4,17.0,171065.0,42766.25,"Repeat"
"CUST1359",2,7.0,150992.0,75496.0,"Repeat"
"CUST1360",1,3.0,105388.0,105388.0,"One-time"
"CUST1361",3,13.0,361729.0,120576.33,"Repeat"
"CUST1362",1,3.0,3498.0,3498.0,"One-time"
"CUST1363",2,4.0,34843.0,17421.5,"Repeat"
"CUST1368",2,4.0,141638.0,70819.0,"Repeat"
"CUST1369",2,8.0,113913.0,56956.5,"Repeat"
"CUST1370",4,18.0,213134.0,53283.5,"Repeat"
"CUST1371",1,4.0,30779.0,30779.0,"One-time"
"CUST1372",2,4.0,76859.0,38429.5,"Repeat"
"CUST1374",3,7.0,211748.0,70582.67,"Repeat"
"CUST1375",2,3.0,34207.0,17103.5,"Repeat"
"CUST1377",2,5.0,158356.0,79178.0,"Repeat"
"CUST1378",1,5.0,182496.0,182496.0,"One-time"
"CUST1379",4,13.0,413767.0,103441.75,"Repeat"
"CUST1380",4,12.0,304954.0,76238.5,"Repeat"
"CUST1381",3,8.0,239255.0,79751.67,"Repeat"
"CUST1383",2,10.0,276036.0,138018.0,"Repeat"
"CUST1384",3,12.0,180834.0,60278.0,"Repeat"
"CUST1385",1,3.0,175.0,175.0,"One-time"
"CUST1386",1,1.0,42644.0,42644.0,"One-time"
"CUST1387",4,13.0,151604.0,37901.0,"Repeat"
"CUST1388",2,7.0,190490.0,95245.0,"Repeat"
"CUST1389",1,3.0,130058.0,130058.0,"One-time"
"CUST1391",2,5.0,27929.0,13964.5,"Repeat"
"CUST1392",1,2.0,80956.0,80956.0,"One-time"
"CUST1393",3,10.0,259836.0,86612.0,"Repeat"
"CUST1394",2,5.0,198619.0,99309.5,"Repeat"
"CUST1395",3,13.0,250344.0,83448.0,"Repeat"
"CUST1396",1,2.0,4081.0,4081.0,"One-time"
"CUST1397",1,2.0,85568.0,85568.0,"One-time"
"CUST1398",1,5.0,50849.0,50849.0,"One-time"
"CUST1399",1,1.0,42161.0,42161.0,"One-time"
"CUST1400",1,5.0,47886.0,47886.0,"One-time"
"CUST1402",3,10.0,186001.0,62000.33,"Repeat"
"CUST1403",1,2.0,38313.0,38313.0,"One-time"
"CUST1404",2,7.0,123036.0,61518.0,"Repeat"
"CUST1405",3,12.0,398891.0,132963.67,"Repeat"
"CUST1406",2,6.0,59509.0,29754.5,"Repeat"
"CUST1407",2,6.0,182289.0,91144.5,"Repeat"
"CUST1409",3,10.0,275253.0,91751.0,"Repeat"
"CUST1410",1,2.0,7407.0,7407.0,"One-time"
"CUST1411",2,7.0,68057.0,34028.5,"Repeat"
"CUST1412",2,5.0,84522.0,42261.0,"Repeat"
"CUST1413",1,5.0,170211.0,170211.0,"One-time"
"CUST1414",4,7.0,49253.0,12313.25,"Repeat"
"CUST1415",2,3.0,18328.0,9164.0,"Repeat"
"CUST1416",1,5.0,66453.0,66453.0,"One-time"
"CUST1417",1,1.0,33482.0,33482.0,"One-time"
"CUST1418",2,6.0,19659.0,9829.5,"Repeat"
"CUST1419",2,6.0,234895.0,117447.5,"Repeat"
"CUST1420",1,1.0,13116.0,13116.0,"One-time"
"CUST1421",1,3.0,137646.0,137646.0,"One-time"
"CUST1423",2,3.0,128012.0,64006.0,"Repeat"
"CUST1424",1,3.0,37367.0,37367.0,"One-time"
"CUST1425",2,4.0,110860.0,55430.0,"Repeat"
"CUST1426",1,2.0,2098.0,2098.0,"One-time"
"CUST1427",1,4.0,200.0,200.0,"One-time"
"CUST1428",2,5.0,115862.0,57931.0,"Repeat"
"CUST1429",1,4.0,10587.0,10587.0,"One-time"
"CUST1430",2,9.0,200166.0,100083.0,"Repeat"
"CUST1432",2,3.0,40066.0,20033.0,"Repeat"
"CUST1433",2,6.0,107130.0,53565.0,"Repeat"
"CUST1435",1,5.0,145290.0,145290.0,"One-time"
"CUST1438",1,2.0,11816.0,11816.0,"One-time"
"CUST1439",4,12.0,398758.0,99689.5,"Repeat"
"CUST1440",4,19.0,31528.0,7882.0,"Repeat"
"CUST1442",1,4.0,18860.0,18860.0,"One-time"
"CUST1443",1,5.0,94867.0,94867.0,"One-time"
"CUST1444",1,3.0,175.0,175.0,"One-time"
"CUST1445",2,6.0,88096.0,44048.0,"Repeat"
"CUST1446",3,7.0,223261.0,74420.33,"Repeat"
"CUST1447",2,7.0,99077.0,49538.5,"Repeat"
"CUST1448",1,1.0,42902.0,42902.0,"One-time"
"CUST1451",4,10.0,263612.0,65903.0,"Repeat"
"CUST1452",1,2.0,91627.0,91627.0,"One-time"
"CUST1453",2,2.0,5370.0,2685.0,"Repeat"
"CUST1454",1,4.0,132430.0,132430.0,"One-time"
"CUST1455",2,2.0,53374.0,26687.0,"Repeat"
"CUST1456",1,3.0,67322.0,67322.0,"One-time"
"CUST1457",3,11.0,226732.0,75577.33,"Repeat"
"CUST1458",3,5.0,119718.0,39906.0,"Repeat"
"CUST1459",2,6.0,88582.0,44291.0,"Repeat"
"CUST1460",1,1.0,125.0,125.0,"One-time"
"CUST1461",1,2.0,60513.0,60513.0,"One-time"
"CUST1462",1,2.0,53860.0,53860.0,"One-time"
"CUST1463",4,9.0,136627.0,34156.75,"Repeat"
"CUST1465",1,4.0,188950.0,188950.0,"One-time"
"CUST1466",4,12.0,230271.0,57567.75,"Repeat"
"CUST1468",4,9.0,77706.0,19426.5,"Repeat"
"CUST1470",2,5.0,75860.0,37930.0,"Repeat"
"CUST1471",1,5.0,221148.0,221148.0,"One-time"
"CUST1472",2,5.0,82377.0,41188.5,"Repeat"
"CUST1473",3,12.0,306840.0,102280.0,"Repeat"
"CUST1474",1,3.0,39870.0,39870.0,"One-time"
"CUST1475",1,4.0,44509.0,44509.0,"One-time"
"CUST1476",3,14.0,193669.0,64556.33,"Repeat"
"CUST1477",2,4.0,61123.0,30561.5,"Repeat"
"CUST1478",1,1.0,22056.0,22056.0,"One-time"
"CUST1480",3,5.0,12311.0,4103.67,"Repeat"
"CUST1481",1,5.0,205695.0,205695.0,"One-time"
"CUST1482",3,5.0,122147.0,40715.67,"Repeat"
"CUST1483",3,14.0,395463.0,131821.0,"Repeat"
"CUST1484",3,8.0,33964.0,11321.33,"Repeat"
"CUST1485",2,4.0,183727.0,91863.5,"Repeat"
"CUST1486",2,8.0,11694.0,5847.0,"Repeat"
"CUST1489",3,11.0,239007.0,79669.0,"Repeat"
"CUST1490",1,4.0,33595.0,33595.0,"One-time"
"CUST1491",3,10.0,229290.0,76430.0,"Repeat"
"CUST1492",2,4.0,143115.0,71557.5,"Repeat"
"CUST1493",1,4.0,42549.0,42549.0,"One-time"
"CUST1496",3,10.0,190330.0,63443.33,"Repeat"
"CUST1497",4,12.0,165441.0,41360.25,"Repeat"
"CUST1498",2,2.0,16383.0,8191.5,"Repeat"
"CUST1500",1,5.0,11188.0,11188.0,"One-time"
"CUST1502",2,7.0,132446.0,66223.0,"Repeat"
"CUST1503",2,2.0,16648.0,8324.0,"Repeat"
"CUST1504",2,3.0,50810.0,25405.0,"Repeat"
"CUST1505",1,1.0,403.0,403.0,"One-time"
"CUST1506",1,5.0,72619.0,72619.0,"One-time"
"CUST1507",3,3.0,19783.0,6594.33,"Repeat"
"CUST1508",6,23.0,509823.0,84970.5,"Repeat"
"CUST1509",2,6.0,226230.0,113115.0,"Repeat"
"CUST1510",3,10.0,229911.0,76637.0,"Repeat"
"CUST1511",2,4.0,132880.0,66440.0,"Repeat"
"CUST1513",2,5.0,45373.0,22686.5,"Repeat"
"CUST1514",3,10.0,140594.0,46864.67,"Repeat"
"CUST1515",4,13.0,373988.0,93497.0,"Repeat"
"CUST1516",1,3.0,131469.0,131469.0,"One-time"
"CUST1517",3,11.0,221857.0,73952.33,"Repeat"
"CUST1518",3,13.0,490145.0,163381.67,"Repeat"
"CUST1522",2,10.0,306711.0,153355.5,"Repeat"
"CUST1523",2,5.0,55991.0,27995.5,"Repeat"
"CUST1524",2,10.0,185569.0,92784.5,"Repeat"
"CUST1525",1,5.0,69253.0,69253.0,"One-time"
"CUST1526",1,5.0,86423.0,86423.0,"One-time"
"CUST1527",2,3.0,56929.0,28464.5,"Repeat"
"CUST1530",1,3.0,175.0,175.0,"One-time"
"CUST1531",2,8.0,304111.0,152055.5,"Repeat"
"CUST1532",1,5.0,250.0,250.0,"One-time"
"CUST1533",2,8.0,261041.0,130520.5,"Repeat"
"CUST1534",1,4.0,14615.0,14615.0,"One-time"
"CUST1535",3,8.0,117862.0,39287.33,"Repeat"
"CUST1537",1,4.0,18873.0,18873.0,"One-time"
"CUST1538",1,5.0,250.0,250.0,"One-time"
"CUST1539",1,4.0,70397.0,70397.0,"One-time"
"CUST1540",2,2.0,11951.0,5975.5,"Repeat"
"CUST1543",4,16.0,346074.0,86518.5,"Repeat"
"CUST1544",3,12.0,169802.0,56600.67,"Repeat"
"CUST1545",1,2.0,20871.0,20871.0,"One-time"
"CUST1546",2,4.0,22164.0,11082.0,"Repeat"
"CUST1547",2,4.0,179663.0,89831.5,"Repeat"
"CUST1548",2,7.0,114660.0,57330.0,"Repeat"
"CUST1549",3,8.0,259534.0,86511.33,"Repeat"
"CUST1550",1,2.0,150.0,150.0,"One-time"
"CUST1551",2,10.0,74434.0,37217.0,"Repeat"
"CUST1552",1,1.0,3106.0,3106.0,"One-time"
"CUST1553",1,1.0,36693.0,36693.0,"One-time"
"CUST1554",3,6.0,161242.0,53747.33,"Repeat"
"CUST1555",3,11.0,195057.0,65019.0,"Repeat"
"CUST1556",3,6.0,181110.0,60370.0,"Repeat"
"CUST1557",1,5.0,48162.0,48162.0,"One-time"
"CUST1558",1,1.0,11724.0,11724.0,"One-time"
"CUST1559",1,3.0,103443.0,103443.0,"One-time"
"CUST1560",2,3.0,38131.0,19065.5,"Repeat"
"CUST1561",4,13.0,423938.0,105984.5,"Repeat"
"CUST1562",3,9.0,142042.0,47347.33,"Repeat"
"CUST1563",2,4.0,94157.0,47078.5,"Repeat"
"CUST1564",2,6.0,118577.0,59288.5,"Repeat"
"CUST1565",2,7.0,30164.0,15082.0,"Repeat"
"CUST1566",1,2.0,25711.0,25711.0,"One-time"
"CUST1567",2,9.0,90192.0,45096.0,"Repeat"
"CUST1568",1,1.0,17141.0,17141.0,"One-time"
"CUST1569",2,5.0,172718.0,86359.0,"Repeat"
"CUST1570",1,2.0,64447.0,64447.0,"One-time"
"CUST1571",1,5.0,56336.0,56336.0,"One-time"
"CUST1573",1,3.0,175.0,175.0,"One-time"
"CUST1574",1,5.0,231416.0,231416.0,"One-time"
"CUST1575",2,7.0,70449.0,35224.5,"Repeat"
"CUST1576",4,14.0,257560.0,64390.0,"Repeat"
"CUST1577",2,6.0,88462.0,44231.0,"Repeat"
"CUST1579",3,8.0,217139.0,72379.67,"Repeat"
"CUST1580",1,2.0,44994.0,44994.0,"One-time"
"CUST1581",2,4.0,53682.0,26841.0,"Repeat"
"CUST1582",2,8.0,283684.0,141842.0,"Repeat"
"CUST1585",1,3.0,41102.0,41102.0,"One-time"
"CUST1586",2,8.0,307251.0,153625.5,"Repeat"
"CUST1587",2,2.0,27363.0,13681.5,"Repeat"
"CUST1589",3,13.0,305018.0,101672.67,"Repeat"
"CUST1590",2,7.0,268508.0,134254.0,"Repeat"
"CUST1591",2,4.0,85695.0,42847.5,"Repeat"
"CUST1592",1,4.0,151892.0,151892.0,"One-time"
"CUST1593",1,5.0,117097.0,117097.0,"One-time"
"CUST1594",5,16.0,496349.0,99269.8,"Repeat"
"CUST1595",1,4.0,99470.0,99470.0,"One-time"
"CUST1596",3,14.0,193039.0,64346.33,"Repeat"
"CUST1597",1,4.0,200.0,200.0,"One-time"
"CUST1598",1,5.0,176168.0,176168.0,"One-time"
"CUST1600",2,6.0,44009.0,22004.5,"Repeat"
"CUST1602",2,4.0,82887.0,41443.5,"Repeat"
"CUST1603",1,4.0,76827.0,76827.0,"One-time"
"CUST1604",1,2.0,32287.0,32287.0,"One-time"
"CUST1605",3,11.0,314896.0,104965.33,"Repeat"
"CUST1606",2,10.0,305064.0,152532.0,"Repeat"
"CUST1607",3,9.0,221250.0,73750.0,"Repeat"
"CUST1608",5,7.0,141099.0,28219.8,"Repeat"
"CUST1609",2,4.0,53178.0,26589.0,"Repeat"
"CUST1610",3,6.0,176474.0,58824.67,"Repeat"
"CUST1611",2,6.0,54032.0,27016.0,"Repeat"
"CUST1612",2,4.0,17780.0,8890.0,"Repeat"
"CUST1613",4,12.0,194316.0,48579.0,"Repeat"
"CUST1614",2,3.0,27450.0,13725.0,"Repeat"
"CUST1615",3,8.0,113449.0,37816.33,"Repeat"
"CUST1616",2,7.0,207482.0,103741.0,"Repeat"
"CUST1617",2,8.0,158162.0,79081.0,"Repeat"
"CUST1618",2,4.0,112537.0,56268.5,"Repeat"
"CUST1620",3,9.0,337027.0,112342.33,"Repeat"
"CUST1622",3,11.0,258559.0,86186.33,"Repeat"
"CUST1623",2,6.0,213699.0,106849.5,"Repeat"
"CUST1624",1,4.0,90225.0,90225.0,"One-time"
"CUST1625",3,8.0,105009.0,35003.0,"Repeat"
"CUST1626",3,12.0,234874.0,78291.33,"Repeat"
"CUST1627",6,21.0,367732.0,61288.67,"Repeat"
"CUST1628",1,4.0,124103.0,124103.0,"One-time"
"CUST1629",1,3.0,79680.0,79680.0,"One-time"
"CUST1630",1,1.0,43613.0,43613.0,"One-time"
"CUST1631",3,10.0,66610.0,22203.33,"Repeat"
"CUST1632",1,2.0,49313.0,49313.0,"One-time"
"CUST1633",1,2.0,98118.0,98118.0,"One-time"
"CUST1634",1,2.0,26974.0,26974.0,"One-time"
"CUST1635",1,2.0,57969.0,57969.0,"One-time"
"CUST1636",3,5.0,73608.0,24536.0,"Repeat"
"CUST1637",3,8.0,192974.0,64324.67,"Repeat"
"CUST1638",2,6.0,159268.0,79634.0,"Repeat"
"CUST1640",4,14.0,362579.0,90644.75,"Repeat"
"CUST1641",2,3.0,113674.0,56837.0,"Repeat"
"CUST1642",2,3.0,15442.0,7721.0,"Repeat"
"CUST1643",1,2.0,84487.0,84487.0,"One-time"
"CUST1644",2,5.0,140081.0,70040.5,"Repeat"
"CUST1645",2,7.0,400.0,200.0,"Repeat"
"CUST1646",3,10.0,373224.0,124408.0,"Repeat"
"CUST1647",1,1.0,2139.0,2139.0,"One-time"
"CUST1648",2,7.0,188337.0,94168.5,"Repeat"
"CUST1649",2,4.0,66848.0,33424.0,"Repeat"
"CUST1650",1,5.0,28332.0,28332.0,"One-time"
"CUST1651",5,7.0,228958.0,45791.6,"Repeat"
"CUST1652",1,4.0,171358.0,171358.0,"One-time"
"CUST1653",1,5.0,135455.0,135455.0,"One-time"
"CUST1654",1,1.0,43437.0,43437.0,"One-time"
"CUST1655",1,4.0,139823.0,139823.0,"One-time"
"CUST1656",4,14.0,305794.0,76448.5,"Repeat"
"CUST1657",2,10.0,55558.0,27779.0,"Repeat"
"CUST1658",2,9.0,31074.0,15537.0,"Repeat"
"CUST1659",2,5.0,39594.0,19797.0,"Repeat"
"CUST1660",3,5.0,190925.0,63641.67,"Repeat"
"CUST1661",1,1.0,2736.0,2736.0,"One-time"
"CUST1662",1,2.0,43637.0,43637.0,"One-time"
"CUST1663",1,5.0,250.0,250.0,"One-time"
"CUST1665",3,11.0,294211.0,98070.33,"Repeat"
"CUST1666",2,7.0,62654.0,31327.0,"Repeat"
"CUST1667",1,1.0,12773.0,12773.0,"One-time"
"CUST1668",2,3.0,82864.0,41432.0,"Repeat"
"CUST1669",1,4.0,38889.0,38889.0,"One-time"
"CUST1670",2,6.0,172495.0,86247.5,"Repeat"
"CUST1671",3,11.0,274576.0,91525.33,"Repeat"
"CUST1672",4,7.0,233816.0,58454.0,"Repeat"
"CUST1674",2,6.0,112142.0,56071.0,"Repeat"
"CUST1676",1,3.0,121024.0,121024.0,"One-time"
"CUST1677",1,4.0,189103.0,189103.0,"One-time"
"CUST1678",1,3.0,104104.0,104104.0,"One-time"
"CUST1679",2,8.0,248400.0,124200.0,"Repeat"
"CUST1680",1,3.0,175.0,175.0,"One-time"
"CUST1682",1,5.0,216495.0,216495.0,"One-time"
"CUST1683",1,2.0,150.0,150.0,"One-time"
"CUST1685",3,10.0,263321.0,87773.67,"Repeat"
"CUST1686",2,8.0,207109.0,103554.5,"Repeat"
"CUST1687",2,8.0,92251.0,46125.5,"Repeat"
"CUST1688",1,2.0,60510.0,60510.0,"One-time"
"CUST1689",1,3.0,118683.0,118683.0,"One-time"
"CUST1690",2,5.0,53741.0,26870.5,"Repeat"
"CUST1691",1,1.0,125.0,125.0,"One-time"
"CUST1692",1,1.0,35729.0,35729.0,"One-time"
"CUST1693",1,5.0,97877.0,97877.0,"One-time"
"CUST1694",1,5.0,7032.0,7032.0,"One-time"
"CUST1697",1,4.0,52577.0,52577.0,"One-time"
"CUST1698",2,5.0,41034.0,20517.0,"Repeat"
"CUST1701",2,3.0,77282.0,38641.0,"Repeat"
"CUST1702",2,6.0,120636.0,60318.0,"Repeat"
"CUST1703",2,7.0,87873.0,43936.5,"Repeat"
"CUST1704",1,1.0,31239.0,31239.0,"One-time"
"CUST1708",5,18.0,759468.0,151893.6,"Repeat"
"CUST1709",2,6.0,81065.0,40532.5,"Repeat"
"CUST1710",2,6.0,146285.0,73142.5,"Repeat"
"CUST1711",2,9.0,52296.0,26148.0,"Repeat"
"CUST1712",2,5.0,171936.0,85968.0,"Repeat"
"CUST1713",2,6.0,263198.0,131599.0,"Repeat"
"CUST1714",1,3.0,83515.0,83515.0,"One-time"
"CUST1716",3,4.0,10327.0,3442.33,"Repeat"
"CUST1717",1,5.0,31050.0,31050.0,"One-time"
"CUST1718",5,14.0,144946.0,28989.2,"Repeat"
"CUST1719",2,4.0,103856.0,51928.0,"Repeat"
"CUST1720",3,4.0,144810.0,48270.0,"Repeat"
"CUST1721",3,8.0,86002.0,28667.33,"Repeat"
"CUST1723",1,3.0,175.0,175.0,"One-time"
"CUST1724",1,1.0,41066.0,41066.0,"One-time"
"CUST1725",2,8.0,95185.0,47592.5,"Repeat"
"CUST1726",3,6.0,184210.0,61403.33,"Repeat"
"CUST1727",3,7.0,264351.0,88117.0,"Repeat"
"CUST1728",1,4.0,85388.0,85388.0,"One-time"
"CUST1731",1,2.0,92976.0,92976.0,"One-time"
"CUST1732",4,17.0,669430.0,167357.5,"Repeat"
"CUST1733",2,4.0,155646.0,77823.0,"Repeat"
"CUST1734",4,7.0,209241.0,52310.25,"Repeat"
"CUST1735",2,4.0,52274.0,26137.0,"Repeat"
"CUST1736",2,4.0,124847.0,62423.5,"Repeat"
"CUST1737",1,4.0,13401.0,13401.0,"One-time"
"CUST1738",1,5.0,197901.0,197901.0,"One-time"
"CUST1739",1,3.0,85278.0,85278.0,"One-time"
"CUST1740",2,5.0,20909.0,10454.5,"Repeat"
"CUST1741",2,6.0,276075.0,138037.5,"Repeat"
"CUST1742",1,3.0,175.0,175.0,"One-time"
"CUST1743",5,11.0,105159.0,21031.8,"Repeat"
"CUST1744",4,11.0,199917.0,49979.25,"Repeat"
"CUST1745",2,10.0,238134.0,119067.0,"Repeat"
"CUST1746",4,11.0,299005.0,74751.25,"Repeat"
"CUST1748",1,2.0,28324.0,28324.0,"One-time"
"CUST1749",3,3.0,38362.0,12787.33,"Repeat"
"CUST1750",1,5.0,250.0,250.0,"One-time"
"CUST1751",3,5.0,134562.0,44854.0,"Repeat"
"CUST1752",5,22.0,717621.0,143524.2,"Repeat"
"CUST1753",5,16.0,233853.0,46770.6,"Repeat"
"CUST1755",1,1.0,24032.0,24032.0,"One-time"
"CUST1757",1,2.0,74158.0,74158.0,"One-time"
"CUST1760",1,5.0,163378.0,163378.0,"One-time"
"CUST1761",2,5.0,163983.0,81991.5,"Repeat"
"CUST1762",3,7.0,259033.0,86344.33,"Repeat"
"CUST1763",2,3.0,114986.0,57493.0,"Repeat"
"CUST1764",1,1.0,5751.0,5751.0,"One-time"
"CUST1765",2,7.0,161101.0,80550.5,"Repeat"
"CUST1766",1,4.0,140759.0,140759.0,"One-time"
"CUST1767",2,5.0,172501.0,86250.5,"Repeat"
"CUST1768",3,12.0,356286.0,118762.0,"Repeat"
"CUST1769",4,10.0,118169.0,29542.25,"Repeat"
"CUST1770",3,10.0,136079.0,45359.67,"Repeat"
"CUST1772",2,6.0,39616.0,19808.0,"Repeat"
"CUST1774",4,15.0,611779.0,152944.75,"Repeat"
"CUST1775",1,1.0,41971.0,41971.0,"One-time"
"CUST1776",3,8.0,132367.0,44122.33,"Repeat"
"CUST1777",1,2.0,52027.0,52027.0,"One-time"
"CUST1778",1,1.0,37446.0,37446.0,"One-time"
"CUST1779",2,8.0,107161.0,53580.5,"Repeat"
"CUST1781",2,9.0,345292.0,172646.0,"Repeat"
"CUST1782",2,8.0,140923.0,70461.5,"Repeat"
"CUST1783",2,8.0,157068.0,78534.0,"Repeat"
"CUST1785",2,8.0,251760.0,125880.0,"Repeat"
"CUST1786",1,2.0,58105.0,58105.0,"One-time"
"CUST1787",1,4.0,178209.0,178209.0,"One-time"
"CUST1788",1,3.0,47038.0,47038.0,"One-time"
"CUST1789",1,4.0,58182.0,58182.0,"One-time"
"CUST1791",1,5.0,145952.0,145952.0,"One-time"
"CUST1792",1,1.0,21719.0,21719.0,"One-time"
"CUST1793",2,4.0,90151.0,45075.5,"Repeat"
"CUST1795",2,7.0,116022.0,58011.0,"Repeat"
"CUST1796",1,2.0,84258.0,84258.0,"One-time"
"CUST1797",1,5.0,250.0,250.0,"One-time"
"CUST1801",3,7.0,169999.0,56666.33,"Repeat"
"CUST1802",3,9.0,266024.0,88674.67,"Repeat"
"CUST1803",1,3.0,111017.0,111017.0,"One-time"
"CUST1804",1,1.0,9157.0,9157.0,"One-time"
"CUST1805",1,1.0,42474.0,42474.0,"One-time"
"CUST1806",2,7.0,124618.0,62309.0,"Repeat"
"CUST1807",3,11.0,349796.0,116598.67,"Repeat"
"CUST1808",4,16.0,339016.0,84754.0,"Repeat"
"CUST1809",1,2.0,150.0,150.0,"One-time"
"CUST1810",1,4.0,110511.0,110511.0,"One-time"
"CUST1811",1,4.0,200.0,200.0,"One-time"
"CUST1812",2,3.0,103003.0,51501.5,"Repeat"
"CUST1813",2,6.0,193196.0,96598.0,"Repeat"
"CUST1814",2,7.0,3090.0,1545.0,"Repeat"
"CUST1815",3,7.0,277218.0,92406.0,"Repeat"
"CUST1816",1,2.0,55831.0,55831.0,"One-time"
"CUST1817",2,6.0,159699.0,79849.5,"Repeat"
"CUST1818",2,6.0,148248.0,74124.0,"Repeat"
"CUST1819",3,10.0,175528.0,58509.33,"Repeat"
"CUST1820",1,4.0,200.0,200.0,"One-time"
"CUST1821",1,4.0,124587.0,124587.0,"One-time"
"CUST1822",1,5.0,250.0,250.0,"One-time"
"CUST1823",2,9.0,115833.0,57916.5,"Repeat"
"CUST1824",4,13.0,155701.0,38925.25,"Repeat"
"CUST1826",1,2.0,97506.0,97506.0,"One-time"
"CUST1827",2,5.0,66334.0,33167.0,"Repeat"
"CUST1828",3,7.0,67298.0,22432.67,"Repeat"
"CUST1830",2,2.0,53043.0,26521.5,"Repeat"
"CUST1832",2,6.0,40750.0,20375.0,"Repeat"
"CUST1833",4,9.0,235412.0,58853.0,"Repeat"
"CUST1834",4,10.0,257057.0,64264.25,"Repeat"
"CUST1836",2,4.0,76485.0,38242.5,"Repeat"
"CUST1837",1,2.0,78097.0,78097.0,"One-time"
"CUST1839",1,3.0,91377.0,91377.0,"One-time"
"CUST1840",2,7.0,233026.0,116513.0,"Repeat"
"CUST1841",1,1.0,9837.0,9837.0,"One-time"
"CUST1842",1,5.0,192922.0,192922.0,"One-time"
"CUST1843",1,3.0,93558.0,93558.0,"One-time"
"CUST1844",2,5.0,110085.0,55042.5,"Repeat"
"CUST1845",1,5.0,65828.0,65828.0,"One-time"
"CUST1846",1,4.0,96256.0,96256.0,"One-time"
"CUST1847",6,18.0,223235.0,37205.83,"Repeat"
"CUST1848",5,12.0,308641.0,61728.2,"Repeat"
"CUST1849",2,5.0,196014.0,98007.0,"Repeat"
"CUST1850",1,3.0,17963.0,17963.0,"One-time"
"CUST1851",3,11.0,305320.0,101773.33,"Repeat"
"CUST1852",1,5.0,90039.0,90039.0,"One-time"
"CUST1853",3,5.0,27928.0,9309.33,"Repeat"
"CUST1854",1,5.0,250.0,250.0,"One-time"
"CUST1855",1,2.0,49365.0,49365.0,"One-time"
"CUST1856",1,2.0,15808.0,15808.0,"One-time"
"CUST1857",1,1.0,40238.0,40238.0,"One-time"
"CUST1859",3,9.0,364382.0,121460.67,"Repeat"
"CUST1860",2,6.0,122707.0,61353.5,"Repeat"
"CUST1862",1,1.0,46575.0,46575.0,"One-time"
"CUST1863",1,4.0,81024.0,81024.0,"One-time"
"CUST1864",1,2.0,46723.0,46723.0,"One-time"
"CUST1865",1,1.0,42786.0,42786.0,"One-time"
"CUST1866",1,4.0,181967.0,181967.0,"One-time"
"CUST1867",1,3.0,175.0,175.0,"One-time"
"CUST1868",3,5.0,67239.0,22413.0,"Repeat"
"CUST1869",3,9.0,101715.0,33905.0,"Repeat"
"CUST1870",1,2.0,150.0,150.0,"One-time"
"CUST1871",3,7.0,229214.0,76404.67,"Repeat"
"CUST1873",3,8.0,115545.0,38515.0,"Repeat"
"CUST1874",3,8.0,176466.0,58822.0,"Repeat"
"CUST1875",2,6.0,90124.0,45062.0,"Repeat"
"CUST1876",2,7.0,132194.0,66097.0,"Repeat"
"CUST1877",1,5.0,23968.0,23968.0,"One-time"
"CUST1878",4,8.0,29228.0,7307.0,"Repeat"
"CUST1879",1,1.0,15564.0,15564.0,"One-time"
"CUST1880",2,6.0,12648.0,6324.0,"Repeat"
"CUST1881",2,8.0,222671.0,111335.5,"Repeat"
"CUST1882",3,6.0,198021.0,66007.0,"Repeat"
"CUST1883",2,5.0,104744.0,52372.0,"Repeat"
"CUST1884",1,3.0,141535.0,141535.0,"One-time"
"CUST1885",1,1.0,28259.0,28259.0,"One-time"
"CUST1886",2,5.0,64369.0,32184.5,"Repeat"
"CUST1887",1,5.0,198102.0,198102.0,"One-time"
"CUST1888",1,4.0,7603.0,7603.0,"One-time"
"CUST1890",3,4.0,113210.0,37736.67,"Repeat"
"CUST1891",3,8.0,294138.0,98046.0,"Repeat"
"CUST1892",1,4.0,106569.0,106569.0,"One-time"
"CUST1893",1,3.0,175.0,175.0,"One-time"
"CUST1894",3,3.0,59675.0,19891.67,"Repeat"
"CUST1895",1,4.0,91688.0,91688.0,"One-time"
"CUST1896",1,2.0,72884.0,72884.0,"One-time"
"CUST1897",3,8.0,234639.0,78213.0,"Repeat"
"CUST1898",2,7.0,61419.0,30709.5,"Repeat"
"CUST1900",2,5.0,57594.0,28797.0,"Repeat"
"CUST1901",1,1.0,4926.0,4926.0,"One-time"
"CUST1902",1,5.0,57345.0,57345.0,"One-time"
"CUST1903",2,6.0,166478.0,83239.0,"Repeat"
"CUST1904",1,1.0,34296.0,34296.0,"One-time"
"CUST1906",2,6.0,16479.0,8239.5,"Repeat"
"CUST1907",2,4.0,115217.0,57608.5,"Repeat"
"CUST1908",2,5.0,65744.0,32872.0,"Repeat"
"CUST1909",1,2.0,3748.0,3748.0,"One-time"
"CUST1910",3,9.0,71999.0,23999.67,"Repeat"
"CUST1911",1,2.0,19982.0,19982.0,"One-time"
"CUST1912",2,5.0,67269.0,33634.5,"Repeat"
"CUST1913",3,12.0,196025.0,65341.67,"Repeat"
"CUST1914",1,3.0,175.0,175.0,"One-time"
"CUST1915",1,5.0,189366.0,189366.0,"One-time"
"CUST1916",2,6.0,130814.0,65407.0,"Repeat"
"CUST1917",1,3.0,42807.0,42807.0,"One-time"
"CUST1918",2,3.0,12813.0,6406.5,"Repeat"
"CUST1919",3,8.0,212046.0,70682.0,"Repeat"
"CUST1920",2,5.0,144857.0,72428.5,"Repeat"
"CUST1921",4,14.0,157573.0,39393.25,"Repeat"
"CUST1923",1,5.0,241650.0,241650.0,"One-time"
"CUST1924",4,15.0,214506.0,53626.5,"Repeat"
"CUST1925",2,8.0,107159.0,53579.5,"Repeat"
"CUST1926",1,1.0,45410.0,45410.0,"One-time"
"CUST1927",2,6.0,142665.0,71332.5,"Repeat"
"CUST1929",2,8.0,185540.0,92770.0,"Repeat"
"CUST1930",4,12.0,139184.0,34796.0,"Repeat"
"CUST1931",2,7.0,142594.0,71297.0,"Repeat"
"CUST1932",5,16.0,537137.0,107427.4,"Repeat"
"CUST1934",1,1.0,12631.0,12631.0,"One-time"
"CUST1937",4,8.0,91279.0,22819.75,"Repeat"
"CUST1942",1,3.0,8906.0,8906.0,"One-time"
"CUST1943",4,13.0,322423.0,80605.75,"Repeat"
"CUST1944",3,7.0,143293.0,47764.33,"Repeat"
"CUST1946",1,5.0,199041.0,199041.0,"One-time"
"CUST1947",1,4.0,200.0,200.0,"One-time"
"CUST1948",3,6.0,172268.0,57422.67,"Repeat"
"CUST1950",1,4.0,67060.0,67060.0,"One-time"
"CUST1951",2,5.0,83436.0,41718.0,"Repeat"
"CUST1953",3,9.0,69923.0,23307.67,"Repeat"
"CUST1954",3,11.0,196743.0,65581.0,"Repeat"
"CUST1955",1,1.0,18174.0,18174.0,"One-time"
"CUST1956",3,10.0,398039.0,132679.67,"Repeat"
"CUST1958",1,3.0,2449.0,2449.0,"One-time"
"CUST1959",1,3.0,24651.0,24651.0,"One-time"
"CUST1960",3,9.0,177718.0,59239.33,"Repeat"
"CUST1962",2,5.0,77875.0,38937.5,"Repeat"
"CUST1963",4,16.0,204831.0,51207.75,"Repeat"
"CUST1965",1,2.0,40746.0,40746.0,"One-time"
"CUST1966",2,3.0,31570.0,15785.0,"Repeat"
"CUST1967",2,7.0,152237.0,76118.5,"Repeat"
"CUST1968",2,9.0,121487.0,60743.5,"Repeat"
"CUST1969",3,8.0,192357.0,64119.0,"Repeat"
"CUST1970",1,4.0,32629.0,32629.0,"One-time"
"CUST1971",6,14.0,324787.0,54131.17,"Repeat"
"CUST1972",1,2.0,12518.0,12518.0,"One-time"
"CUST1973",1,4.0,200.0,200.0,"One-time"
"CUST1974",2,7.0,128309.0,64154.5,"Repeat"
"CUST1975",1,2.0,34340.0,34340.0,"One-time"
"CUST1976",3,8.0,133271.0,44423.67,"Repeat"
"CUST1978",1,1.0,6754.0,6754.0,"One-time"
"CUST1980",2,4.0,69506.0,34753.0,"Repeat"
"CUST1981",5,17.0,487505.0,97501.0,"Repeat"
"CUST1982",1,3.0,175.0,175.0,"One-time"
"CUST1983",2,9.0,51693.0,25846.5,"Repeat"
"CUST1985",2,7.0,193373.0,96686.5,"Repeat"
"CUST1986",1,1.0,29854.0,29854.0,"One-time"
"CUST1987",2,4.0,96175.0,48087.5,"Repeat"
"CUST1988",2,8.0,305193.0,152596.5,"Repeat"
"CUST1989",3,8.0,87638.0,29212.67,"Repeat"
"CUST1990",3,12.0,324876.0,108292.0,"Repeat"
"CUST1992",1,4.0,28127.0,28127.0,"One-time"
"CUST1993",1,1.0,30495.0,30495.0,"One-time"
"CUST1994",3,11.0,267120.0,89040.0,"Repeat"
"CUST1997",3,11.0,302627.0,100875.67,"Repeat"
"CUST1998",1,3.0,71887.0,71887.0,"One-time"
"CUST1999",4,14.0,383264.0,95816.0,"Repeat"
"CUST2000",2,5.0,95721.0,47860.5,"Repeat"
"CUST2001",1,4.0,200.0,200.0,"One-time"
"CUST2002",2,6.0,12865.0,6432.5,"Repeat"
"CUST2003",2,8.0,65188.0,32594.0,"Repeat"
"CUST2005",2,3.0,23105.0,11552.5,"Repeat"
"CUST2006",6,18.0,605476.0,100912.67,"Repeat"
"CUST2007",2,8.0,323486.0,161743.0,"Repeat"
"CUST2008",4,14.0,406797.0,101699.25,"Repeat"
"CUST2009",3,5.0,97628.0,32542.67,"Repeat"
"CUST2011",3,8.0,97895.0,32631.67,"Repeat"
"CUST2012",3,7.0,210569.0,70189.67,"Repeat"
"CUST2013",5,15.0,381554.0,76310.8,"Repeat"
"CUST2014",2,7.0,133658.0,66829.0,"Repeat"
"CUST2015",2,8.0,333215.0,166607.5,"Repeat"
"CUST2016",2,5.0,133184.0,66592.0,"Repeat"
"CUST2017",1,5.0,136828.0,136828.0,"One-time"
"CUST2018",2,3.0,70633.0,35316.5,"Repeat"
"CUST2019",2,4.0,155079.0,77539.5,"Repeat"
"CUST2020",3,10.0,188324.0,62774.67,"Repeat"
"CUST2022",1,3.0,140114.0,140114.0,"One-time"
"CUST2023",1,3.0,175.0,175.0,"One-time"
"CUST2024",1,1.0,12660.0,12660.0,"One-time"
"CUST2025",2,5.0,131735.0,65867.5,"Repeat"
"CUST2026",1,2.0,34418.0,34418.0,"One-time"
"CUST2029",2,4.0,7575.0,3787.5,"Repeat"
"CUST2030",1,5.0,184583.0,184583.0,"One-time"
"CUST2031",2,7.0,259907.0,129953.5,"Repeat"
"CUST2032",1,1.0,10848.0,10848.0,"One-time"
"CUST2033",3,12.0,181999.0,60666.33,"Repeat"
"CUST2034",2,7.0,227039.0,113519.5,"Repeat"
"CUST2036",2,5.0,12761.0,6380.5,"Repeat"
"CUST2037",1,5.0,80887.0,80887.0,"One-time"
"CUST2038",1,2.0,63511.0,63511.0,"One-time"
"CUST2040",3,9.0,215441.0,71813.67,"Repeat"
"CUST2042",3,12.0,153159.0,51053.0,"Repeat"
"CUST2043",3,6.0,171316.0,57105.33,"Repeat"
"CUST2044",2,4.0,92801.0,46400.5,"Repeat"
"CUST2047",2,5.0,325.0,162.5,"Repeat"
"CUST2048",3,8.0,171182.0,57060.67,"Repeat"
"CUST2049",5,18.0,650229.0,130045.8,"Repeat"
"CUST2050",2,8.0,258696.0,129348.0,"Repeat"
"CUST2051",2,7.0,102579.0,51289.5,"Repeat"
"CUST2052",3,10.0,95431.0,31810.33,"Repeat"
"CUST2053",1,3.0,8553.0,8553.0,"One-time"
"CUST2054",2,6.0,79838.0,39919.0,"Repeat"
"CUST2055",1,3.0,52466.0,52466.0,"One-time"
"CUST2056",2,7.0,7168.0,3584.0,"Repeat"
"CUST2058",1,4.0,122354.0,122354.0,"One-time"
"CUST2059",1,4.0,8215.0,8215.0,"One-time"
"CUST2060",2,8.0,143230.0,71615.0,"Repeat"
"CUST2062",2,8.0,173737.0,86868.5,"Repeat"
"CUST2063",4,16.0,552763.0,138190.75,"Repeat"
"CUST2065",3,8.0,233907.0,77969.0,"Repeat"
"CUST2067",1,4.0,47274.0,47274.0,"One-time"
"CUST2073",2,4.0,103504.0,51752.0,"Repeat"
"CUST2074",1,2.0,52387.0,52387.0,"One-time"
"CUST2075",2,5.0,241596.0,120798.0,"Repeat"
"CUST2076",3,10.0,210828.0,70276.0,"Repeat"
"CUST2077",1,2.0,31017.0,31017.0,"One-time"
"CUST2078",2,7.0,7772.0,3886.0,"Repeat"
"CUST2079",3,10.0,88868.0,29622.67,"Repeat"
"CUST2080",3,9.0,373633.0,124544.33,"Repeat"
"CUST2081",1,5.0,190329.0,190329.0,"One-time"
"CUST2083",3,9.0,164225.0,54741.67,"Repeat"
"CUST2085",2,9.0,232571.0,116285.5,"Repeat"
"CUST2086",1,1.0,39102.0,39102.0,"One-time"
"CUST2087",2,10.0,192903.0,96451.5,"Repeat"
"CUST2088",2,9.0,288118.0,144059.0,"Repeat"
"CUST2090",1,1.0,21043.0,21043.0,"One-time"
"CUST2091",3,11.0,297305.0,99101.67,"Repeat"
"CUST2093",2,8.0,269140.0,134570.0,"Repeat"
"CUST2094",5,14.0,229836.0,45967.2,"Repeat"
"CUST2095",1,1.0,3290.0,3290.0,"One-time"
"CUST2096",1,4.0,167049.0,167049.0,"One-time"
"CUST2097",2,7.0,131114.0,65557.0,"Repeat"
"CUST2098",2,6.0,50087.0,25043.5,"Repeat"
"CUST2099",3,11.0,295823.0,98607.67,"Repeat"
"CUST2100",5,14.0,351263.0,70252.6,"Repeat"
"CUST2101",1,3.0,126741.0,126741.0,"One-time"
"CUST2102",1,4.0,118882.0,118882.0,"One-time"
"CUST2103",1,5.0,35546.0,35546.0,"One-time"
"CUST2104",2,10.0,152080.0,76040.0,"Repeat"
"CUST2105",2,9.0,404751.0,202375.5,"Repeat"
"CUST2106",3,8.0,75363.0,25121.0,"Repeat"
"CUST2107",2,6.0,201026.0,100513.0,"Repeat"
"CUST2108",1,3.0,144922.0,144922.0,"One-time"
"CUST2109",5,12.0,239808.0,47961.6,"Repeat"
"CUST2110",2,4.0,54214.0,27107.0,"Repeat"
"CUST2111",2,6.0,158391.0,79195.5,"Repeat"
"CUST2112",3,11.0,180905.0,60301.67,"Repeat"
"CUST2113",2,7.0,151155.0,75577.5,"Repeat"
"CUST2114",2,7.0,59202.0,29601.0,"Repeat"
"CUST2116",2,6.0,36933.0,18466.5,"Repeat"
"CUST2117",3,7.0,213362.0,71120.67,"Repeat"
"CUST2119",1,4.0,162108.0,162108.0,"One-time"
"CUST2122",2,7.0,228320.0,114160.0,"Repeat"
"CUST2123",2,9.0,259379.0,129689.5,"Repeat"
"CUST2125",2,5.0,39642.0,19821.0,"Repeat"
"CUST2126",1,4.0,46751.0,46751.0,"One-time"
"CUST2127",2,8.0,201211.0,100605.5,"Repeat"
"CUST2128",3,11.0,129089.0,43029.67,"Repeat"
"CUST2129",2,7.0,207096.0,103548.0,"Repeat"
"CUST2130",1,2.0,46482.0,46482.0,"One-time"
"CUST2132",2,5.0,1487.0,743.5,"Repeat"
"CUST2133",3,12.0,228316.0,76105.33,"Repeat"
"CUST2134",1,5.0,115835.0,115835.0,"One-time"
"CUST2136",2,6.0,178791.0,89395.5,"Repeat"
"CUST2139",2,5.0,150783.0,75391.5,"Repeat"
"CUST2140",3,12.0,254343.0,84781.0,"Repeat"
"CUST2142",2,5.0,145210.0,72605.0,"Repeat"
"CUST2143",2,3.0,59932.0,29966.0,"Repeat"
"CUST2144",1,5.0,45557.0,45557.0,"One-time"
"CUST2146",2,7.0,265881.0,132940.5,"Repeat"
"CUST2147",1,1.0,3866.0,3866.0,"One-time"
"CUST2148",2,5.0,215855.0,107927.5,"Repeat"
"CUST2150",1,5.0,136714.0,136714.0,"One-time"
"CUST2151",2,4.0,92835.0,46417.5,"Repeat"
"CUST2152",2,6.0,132225.0,66112.5,"Repeat"
"CUST2153",1,1.0,20754.0,20754.0,"One-time"
"CUST2154",3,10.0,422267.0,140755.67,"Repeat"
"CUST2155",1,4.0,24829.0,24829.0,"One-time"
"CUST2156",3,6.0,184423.0,61474.33,"Repeat"
"CUST2157",2,8.0,225736.0,112868.0,"Repeat"
"CUST2158",1,1.0,6059.0,6059.0,"One-time"
"CUST2159",1,2.0,60212.0,60212.0,"One-time"
"CUST2160",6,19.0,710789.0,118464.83,"Repeat"
"CUST2162",2,4.0,155599.0,77799.5,"Repeat"
"CUST2163",4,10.0,257807.0,64451.75,"Repeat"
"CUST2164",1,2.0,64949.0,64949.0,"One-time"
"CUST2166",1,4.0,104072.0,104072.0,"One-time"
"CUST2167",1,2.0,45775.0,45775.0,"One-time"
"CUST2168",4,12.0,313675.0,78418.75,"Repeat"
"CUST2170",3,8.0,232902.0,77634.0,"Repeat"
"CUST2171",3,8.0,111760.0,37253.33,"Repeat"
"CUST2172",1,5.0,24697.0,24697.0,"One-time"
"CUST2174",2,9.0,135029.0,67514.5,"Repeat"
"CUST2175",7,19.0,387536.0,55362.29,"Repeat"
"CUST2176",1,5.0,166437.0,166437.0,"One-time"
"CUST2177",1,5.0,117580.0,117580.0,"One-time"
"CUST2178",4,11.0,236250.0,59062.5,"Repeat"
"CUST2179",4,14.0,211088.0,52772.0,"Repeat"
"CUST2181",1,4.0,136556.0,136556.0,"One-time"
"CUST2182",3,7.0,117165.0,39055.0,"Repeat"
"CUST2183",3,11.0,155098.0,51699.33,"Repeat"
"CUST2184",3,10.0,165756.0,55252.0,"Repeat"
"CUST2185",2,7.0,137153.0,68576.5,"Repeat"
"CUST2186",1,4.0,106050.0,106050.0,"One-time"
"CUST2188",1,2.0,150.0,150.0,"One-time"
"CUST2189",3,8.0,45951.0,15317.0,"Repeat"
"CUST2191",2,7.0,298625.0,149312.5,"Repeat"
"CUST2193",1,3.0,175.0,175.0,"One-time"
"CUST2194",1,3.0,37055.0,37055.0,"One-time"
"CUST2195",3,13.0,322689.0,107563.0,"Repeat"
"CUST2196",2,3.0,33503.0,16751.5,"Repeat"
"CUST2197",2,7.0,155034.0,77517.0,"Repeat"
"CUST2198",1,5.0,162423.0,162423.0,"One-time"
"CUST2199",1,3.0,2898.0,2898.0,"One-time"
"CUST2200",4,15.0,393285.0,98321.25,"Repeat"
"CUST2201",1,4.0,113151.0,113151.0,"One-time"
"CUST2202",1,1.0,125.0,125.0,"One-time"
"CUST2203",2,9.0,59021.0,29510.5,"Repeat"
"CUST2204",1,2.0,60814.0,60814.0,"One-time"
"CUST2205",1,2.0,45776.0,45776.0,"One-time"
"CUST2206",1,3.0,51770.0,51770.0,"One-time"
"CUST2207",1,4.0,181585.0,181585.0,"One-time"
"CUST2208",3,7.0,123194.0,41064.67,"Repeat"
"CUST2210",3,12.0,344524.0,114841.33,"Repeat"
"CUST2211",2,5.0,120767.0,60383.5,"Repeat"
"CUST2212",1,3.0,175.0,175.0,"One-time"
"CUST2213",1,4.0,42649.0,42649.0,"One-time"
"CUST2214",1,1.0,12611.0,12611.0,"One-time"
"CUST2218",1,3.0,56980.0,56980.0,"One-time"
"CUST2220",1,1.0,9556.0,9556.0,"One-time"
"CUST2221",6,20.0,175849.0,29308.17,"Repeat"
"CUST2222",2,7.0,227700.0,113850.0,"Repeat"
"CUST2223",2,5.0,82512.0,41256.0,"Repeat"
"CUST2226",2,9.0,289680.0,144840.0,"Repeat"
"CUST2227",1,1.0,38609.0,38609.0,"One-time"
"CUST2229",1,4.0,30510.0,30510.0,"One-time"
"CUST2230",3,6.0,146330.0,48776.67,"Repeat"
"CUST2231",3,9.0,325045.0,108348.33,"Repeat"
"CUST2232",4,11.0,154282.0,38570.5,"Repeat"
"CUST2233",1,2.0,33944.0,33944.0,"One-time"
"CUST2234",2,6.0,350.0,175.0,"Repeat"
"CUST2235",3,5.0,150962.0,50320.67,"Repeat"
"CUST2236",1,2.0,23220.0,23220.0,"One-time"
"CUST2237",2,3.0,39743.0,19871.5,"Repeat"
"CUST2239",2,4.0,112414.0,56207.0,"Repeat"
"CUST2241",1,3.0,3746.0,3746.0,"One-time"
"CUST2243",1,2.0,77667.0,77667.0,"One-time"
"CUST2244",1,4.0,113602.0,113602.0,"One-time"
"CUST2245",2,7.0,96543.0,48271.5,"Repeat"
"CUST2246",1,3.0,88055.0,88055.0,"One-time"
"CUST2247",3,9.0,104819.0,34939.67,"Repeat"
"CUST2249",3,7.0,48182.0,16060.67,"Repeat"
"CUST2250",2,4.0,20622.0,10311.0,"Repeat"
"CUST2251",1,4.0,7502.0,7502.0,"One-time"
"CUST2252",1,4.0,19178.0,19178.0,"One-time"
"CUST2253",1,2.0,83676.0,83676.0,"One-time"
"CUST2254",1,2.0,996.0,996.0,"One-time"
"CUST2256",3,8.0,156872.0,52290.67,"Repeat"
"CUST2257",4,12.0,185176.0,46294.0,"Repeat"
"CUST2258",2,3.0,43735.0,21867.5,"Repeat"
"CUST2259",2,4.0,15262.0,7631.0,"Repeat"
"CUST2260",4,12.0,196628.0,49157.0,"Repeat"
"CUST2262",3,5.0,65384.0,21794.67,"Repeat"
"CUST2263",2,2.0,60564.0,30282.0,"Repeat"
"CUST2264",4,10.0,159016.0,39754.0,"Repeat"
"CUST2265",2,5.0,181435.0,90717.5,"Repeat"
"CUST2266",1,4.0,21131.0,21131.0,"One-time"
"CUST2267",1,4.0,121626.0,121626.0,"One-time"
"CUST2268",2,6.0,103874.0,51937.0,"Repeat"
"CUST2269",1,2.0,2218.0,2218.0,"One-time"
"CUST2270",1,2.0,29182.0,29182.0,"One-time"
"CUST2271",2,3.0,86283.0,43141.5,"Repeat"
"CUST2273",2,7.0,212814.0,106407.0,"Repeat"
"CUST2274",1,2.0,11911.0,11911.0,"One-time"
"CUST2276",1,5.0,179143.0,179143.0,"One-time"
"CUST2279",3,10.0,311941.0,103980.33,"Repeat"
"CUST2280",1,5.0,190616.0,190616.0,"One-time"
"CUST2281",1,2.0,31968.0,31968.0,"One-time"
"CUST2282",2,4.0,97906.0,48953.0,"Repeat"
"CUST2283",1,4.0,29905.0,29905.0,"One-time"
"CUST2284",2,6.0,100363.0,50181.5,"Repeat"
"CUST2285",2,5.0,48186.0,24093.0,"Repeat"
"CUST2286",1,2.0,71756.0,71756.0,"One-time"
"CUST2287",2,5.0,194158.0,97079.0,"Repeat"
"CUST2288",3,6.0,170150.0,56716.67,"Repeat"
"CUST2290",6,12.0,209584.0,34930.67,"Repeat"
"CUST2292",6,17.0,379236.0,63206.0,"Repeat"
"CUST2293",5,16.0,486953.0,97390.6,"Repeat"
"CUST2294",1,3.0,106191.0,106191.0,"One-time"
"CUST2295",1,5.0,17766.0,17766.0,"One-time"
"CUST2296",2,3.0,30002.0,15001.0,"Repeat"
"CUST2297",1,2.0,19589.0,19589.0,"One-time"
"CUST2298",2,6.0,174258.0,87129.0,"Repeat"
"CUST2299",2,9.0,246673.0,123336.5,"Repeat"
"CUST2300",1,2.0,84917.0,84917.0,"One-time"
"CUST2301",4,11.0,90424.0,22606.0,"Repeat"
"CUST2302",1,3.0,94326.0,94326.0,"One-time"
"CUST2303",3,7.0,163457.0,54485.67,"Repeat"
"CUST2304",2,4.0,75036.0,37518.0,"Repeat"
"CUST2305",2,8.0,235278.0,117639.0,"Repeat"
"CUST2306",2,5.0,123263.0,61631.5,"Repeat"
"CUST2308",2,7.0,149255.0,74627.5,"Repeat"
"CUST2309",1,3.0,108569.0,108569.0,"One-time"
"CUST2310",3,7.0,199862.0,66620.67,"Repeat"
"CUST2312",1,3.0,29804.0,29804.0,"One-time"
"CUST2313",2,7.0,189635.0,94817.5,"Repeat"
"CUST2314",2,10.0,177393.0,88696.5,"Repeat"
"CUST2315",2,6.0,150716.0,75358.0,"Repeat"
"CUST2316",2,7.0,230698.0,115349.0,"Repeat"
"CUST2318",3,9.0,66820.0,22273.33,"Repeat"
"CUST2319",2,6.0,165740.0,82870.0,"Repeat"
"CUST2320",1,1.0,43382.0,43382.0,"One-time"
"CUST2321",1,4.0,99497.0,99497.0,"One-time"
"CUST2322",2,5.0,143672.0,71836.0,"Repeat"
"CUST2323",2,8.0,136102.0,68051.0,"Repeat"
"CUST2324",1,4.0,195378.0,195378.0,"One-time"
"CUST2325",5,12.0,424322.0,84864.4,"Repeat"
"CUST2326",1,1.0,7230.0,7230.0,"One-time"
"CUST2328",4,18.0,455014.0,113753.5,"Repeat"
"CUST2332",4,10.0,37056.0,9264.0,"Repeat"
"CUST2333",2,8.0,186329.0,93164.5,"Repeat"
"CUST2334",1,1.0,25884.0,25884.0,"One-time"
"CUST2335",1,5.0,53846.0,53846.0,"One-time"
"CUST2336",3,13.0,85140.0,28380.0,"Repeat"
"CUST2337",1,5.0,130809.0,130809.0,"One-time"
"CUST2338",3,12.0,170052.0,56684.0,"Repeat"
"CUST2339",1,4.0,184670.0,184670.0,"One-time"
"CUST2340",1,1.0,40930.0,40930.0,"One-time"
"CUST2341",2,4.0,19491.0,9745.5,"Repeat"
"CUST2342",2,7.0,89577.0,44788.5,"Repeat"
"CUST2343",2,9.0,268901.0,134450.5,"Repeat"
"CUST2344",3,9.0,177618.0,59206.0,"Repeat"
"CUST2345",2,3.0,31902.0,15951.0,"Repeat"
"CUST2346",3,10.0,270634.0,90211.33,"Repeat"
"CUST2347",2,4.0,69388.0,34694.0,"Repeat"
"CUST2348",1,1.0,14883.0,14883.0,"One-time"
"CUST2349",3,7.0,21279.0,7093.0,"Repeat"
"CUST2350",2,8.0,133548.0,66774.0,"Repeat"
"CUST2351",1,1.0,125.0,125.0,"One-time"
"CUST2353",3,7.0,16635.0,5545.0,"Repeat"
"CUST2354",3,7.0,207571.0,69190.33,"Repeat"
"CUST2355",1,4.0,117861.0,117861.0,"One-time"
"CUST2356",2,5.0,58677.0,29338.5,"Repeat"
"CUST2357",2,2.0,12649.0,6324.5,"Repeat"
"CUST2358",4,7.0,271825.0,67956.25,"Repeat"
"CUST2359",4,16.0,379975.0,94993.75,"Repeat"
"CUST2360",2,6.0,231489.0,115744.5,"Repeat"
"CUST2361",1,3.0,95205.0,95205.0,"One-time"
"CUST2362",1,1.0,125.0,125.0,"One-time"
"CUST2363",1,3.0,86960.0,86960.0,"One-time"
"CUST2364",1,4.0,171984.0,171984.0,"One-time"
"CUST2365",2,10.0,220916.0,110458.0,"Repeat"
"CUST2366",1,1.0,9982.0,9982.0,"One-time"
"CUST2367",1,1.0,2414.0,2414.0,"One-time"
"CUST2369",3,8.0,76294.0,25431.33,"Repeat"
"CUST2371",1,2.0,2923.0,2923.0,"One-time"
"CUST2372",1,2.0,150.0,150.0,"One-time"
"CUST2373",2,7.0,98574.0,49287.0,"Repeat"
"CUST2374",1,5.0,13462.0,13462.0,"One-time"
"CUST2375",3,3.0,115555.0,38518.33,"Repeat"
"CUST2376",4,15.0,440741.0,110185.25,"Repeat"
"CUST2377",1,5.0,36294.0,36294.0,"One-time"
"CUST2379",2,10.0,291132.0,145566.0,"Repeat"
"CUST2380",2,6.0,350.0,175.0,"Repeat"
"CUST2381",2,7.0,84285.0,42142.5,"Repeat"
"CUST2382",2,7.0,400.0,200.0,"Repeat"
"CUST2385",3,9.0,142171.0,47390.33,"Repeat"
"CUST2386",2,9.0,186717.0,93358.5,"Repeat"
"CUST2387",2,9.0,450.0,225.0,"Repeat"
"CUST2388",2,7.0,137253.0,68626.5,"Repeat"
"CUST2389",2,7.0,11895.0,5947.5,"Repeat"
"CUST2390",3,9.0,240137.0,80045.67,"Repeat"
"CUST2391",1,5.0,250.0,250.0,"One-time"
"CUST2392",1,1.0,36177.0,36177.0,"One-time"
"CUST2393",4,7.0,176788.0,44197.0,"Repeat"
"CUST2394",4,11.0,250157.0,62539.25,"Repeat"
"CUST2395",2,3.0,45817.0,22908.5,"Repeat"
"CUST2398",3,12.0,246599.0,82199.67,"Repeat"
"CUST2399",1,1.0,125.0,125.0,"One-time"
"CUST2403",2,3.0,90760.0,45380.0,"Repeat"
"CUST2404",2,4.0,77639.0,38819.5,"Repeat"
"CUST2405",4,19.0,585671.0,146417.75,"Repeat"
"CUST2406",2,4.0,39006.0,19503.0,"Repeat"
"CUST2407",1,5.0,85021.0,85021.0,"One-time"
"CUST2409",2,8.0,277607.0,138803.5,"Repeat"
"CUST2410",4,7.0,218781.0,54695.25,"Repeat"
"CUST2411",1,2.0,36028.0,36028.0,"One-time"
"CUST2412",2,6.0,190801.0,95400.5,"Repeat"
"CUST2414",4,9.0,18844.0,4711.0,"Repeat"
"CUST2415",4,14.0,349268.0,87317.0,"Repeat"
"CUST2416",3,7.0,134950.0,44983.33,"Repeat"
"CUST2417",2,5.0,28430.0,14215.0,"Repeat"
"CUST2418",3,10.0,161225.0,53741.67,"Repeat"
"CUST2419",2,4.0,32110.0,16055.0,"Repeat"
"CUST2421",2,7.0,191195.0,95597.5,"Repeat"
"CUST2423",4,13.0,315548.0,78887.0,"Repeat"
"CUST2424",2,4.0,61476.0,30738.0,"Repeat"
"CUST2425",1,4.0,55488.0,55488.0,"One-time"
"CUST2426",3,10.0,144101.0,48033.67,"Repeat"
"CUST2427",2,6.0,4104.0,2052.0,"Repeat"
"CUST2429",3,10.0,277034.0,92344.67,"Repeat"
"CUST2430",1,1.0,125.0,125.0,"One-time"
"CUST2431",1,3.0,100028.0,100028.0,"One-time"
"CUST2434",4,10.0,386401.0,96600.25,"Repeat"
"CUST2435",3,10.0,381435.0,127145.0,"Repeat"
"CUST2436",1,2.0,22666.0,22666.0,"One-time"
"CUST2437",2,6.0,126362.0,63181.0,"Repeat"
"CUST2438",5,19.0,553316.0,110663.2,"Repeat"
"CUST2439",1,1.0,33300.0,33300.0,"One-time"
"CUST2442",4,8.0,135285.0,33821.25,"Repeat"
"CUST2443",2,7.0,308692.0,154346.0,"Repeat"
"CUST2444",2,4.0,118672.0,59336.0,"Repeat"
"CUST2446",4,16.0,483487.0,120871.75,"Repeat"
"CUST2447",2,6.0,98543.0,49271.5,"Repeat"
"CUST2448",2,6.0,172663.0,86331.5,"Repeat"
"CUST2449",2,5.0,40015.0,20007.5,"Repeat"
"CUST2450",1,1.0,47912.0,47912.0,"One-time"
"CUST2451",2,6.0,187676.0,93838.0,"Repeat"
"CUST2452",2,5.0,45006.0,22503.0,"Repeat"
"CUST2453",2,6.0,93919.0,46959.5,"Repeat"
"CUST2454",2,5.0,205666.0,102833.0,"Repeat"
"CUST2456",2,7.0,98336.0,49168.0,"Repeat"
"CUST2457",1,5.0,82009.0,82009.0,"One-time"
"CUST2458",1,3.0,139824.0,139824.0,"One-time"
"CUST2459",2,6.0,65295.0,32647.5,"Repeat"
"CUST2460",2,9.0,406384.0,203192.0,"Repeat"
"CUST2461",1,4.0,177011.0,177011.0,"One-time"
"CUST2462",1,4.0,88790.0,88790.0,"One-time"
"CUST2463",3,12.0,339884.0,113294.67,"Repeat"
"CUST2464",1,2.0,45984.0,45984.0,"One-time"
"CUST2465",1,1.0,24650.0,24650.0,"One-time"
"CUST2466",1,2.0,43579.0,43579.0,"One-time"
"CUST2467",2,10.0,158466.0,79233.0,"Repeat"
"CUST2468",2,9.0,261543.0,130771.5,"Repeat"
"CUST2469",1,3.0,122892.0,122892.0,"One-time"
"CUST2470",2,8.0,15168.0,7584.0,"Repeat"
"CUST2471",1,4.0,126271.0,126271.0,"One-time"
"CUST2473",3,9.0,177405.0,59135.0,"Repeat"
"CUST2474",1,2.0,13391.0,13391.0,"One-time"
"CUST2475",1,1.0,27646.0,27646.0,"One-time"
"CUST2476",4,10.0,201336.0,50334.0,"Repeat"
"CUST2477",1,1.0,3579.0,3579.0,"One-time"
"CUST2478",2,2.0,79327.0,39663.5,"Repeat"
"CUST2479",5,17.0,208530.0,41706.0,"Repeat"
"CUST2480",3,10.0,128084.0,42694.67,"Repeat"
"CUST2482",3,12.0,322495.0,107498.33,"Repeat"
"CUST2487",1,5.0,250.0,250.0,"One-time"
"CUST2488",1,2.0,509.0,509.0,"One-time"
"CUST2490",3,9.0,156998.0,52332.67,"Repeat"
"CUST2491",1,4.0,189712.0,189712.0,"One-time"
"CUST2492",1,1.0,40865.0,40865.0,"One-time"
"CUST2493",4,12.0,165986.0,41496.5,"Repeat"
"CUST2494",3,12.0,314517.0,104839.0,"Repeat"
"CUST2495",2,7.0,65806.0,32903.0,"Repeat"
"CUST2497",2,10.0,427316.0,213658.0,"Repeat"
"CUST2498",1,5.0,233081.0,233081.0,"One-time"
"CUST2500",2,2.0,68425.0,34212.5,"Repeat"
"CUST2501",2,6.0,80713.0,40356.5,"Repeat"
"CUST2502",2,6.0,182845.0,91422.5,"Repeat"
"CUST2503",1,2.0,54767.0,54767.0,"One-time"
"CUST2504",3,10.0,198483.0,66161.0,"Repeat"
"CUST2505",1,2.0,10584.0,10584.0,"One-time"
"CUST2506",1,5.0,167024.0,167024.0,"One-time"
"CUST2507",2,9.0,282240.0,141120.0,"Repeat"
"CUST2509",1,1.0,15118.0,15118.0,"One-time"
"CUST2510",2,7.0,56326.0,28163.0,"Repeat"
"CUST2511",1,5.0,159426.0,159426.0,"One-time"
"CUST2512",2,5.0,149960.0,74980.0,"Repeat"
"CUST2513",1,3.0,10236.0,10236.0,"One-time"
"CUST2514",5,13.0,280859.0,56171.8,"Repeat"
"CUST2515",1,2.0,14920.0,14920.0,"One-time"
"CUST2516",2,4.0,41164.0,20582.0,"Repeat"
"CUST2517",2,5.0,156913.0,78456.5,"Repeat"
"CUST2518",2,9.0,196228.0,98114.0,"Repeat"
"CUST2519",2,6.0,143736.0,71868.0,"Repeat"
"CUST2520",3,9.0,179962.0,59987.33,"Repeat"
"CUST2521",3,11.0,173264.0,57754.67,"Repeat"
"CUST2522",1,2.0,97595.0,97595.0,"One-time"
"CUST2523",2,3.0,26536.0,13268.0,"Repeat"
"CUST2524",2,4.0,89344.0,44672.0,"Repeat"
"CUST2526",2,6.0,73569.0,36784.5,"Repeat"
"CUST2527",2,2.0,58492.0,29246.0,"Repeat"
"CUST2528",2,3.0,99225.0,49612.5,"Repeat"
"CUST2529",3,8.0,315528.0,105176.0,"Repeat"
"CUST2531",1,3.0,136070.0,136070.0,"One-time"
"CUST2532",1,3.0,96594.0,96594.0,"One-time"
"CUST2533",5,20.0,721286.0,144257.2,"Repeat"
"CUST2534",3,11.0,242963.0,80987.67,"Repeat"
"CUST2535",2,6.0,21306.0,10653.0,"Repeat"
"CUST2538",1,1.0,125.0,125.0,"One-time"
"CUST2540",1,2.0,34944.0,34944.0,"One-time"
"CUST2543",3,10.0,195190.0,65063.33,"Repeat"
"CUST2544",2,10.0,252979.0,126489.5,"Repeat"
"CUST2545",1,4.0,200.0,200.0,"One-time"
"CUST2547",1,1.0,27212.0,27212.0,"One-time"
"CUST2548",3,12.0,324497.0,108165.67,"Repeat"
"CUST2549",1,4.0,84061.0,84061.0,"One-time"
"CUST2550",2,8.0,184702.0,92351.0,"Repeat"
"CUST2551",1,5.0,250.0,250.0,"One-time"
"CUST2552",2,6.0,187619.0,93809.5,"Repeat"
"CUST2553",2,6.0,250612.0,125306.0,"Repeat"
"CUST2555",1,4.0,16638.0,16638.0,"One-time"
"CUST2556",2,7.0,93989.0,46994.5,"Repeat"
"CUST2557",1,3.0,124216.0,124216.0,"One-time"
"CUST2558",2,6.0,261677.0,130838.5,"Repeat"
"CUST2559",2,4.0,91672.0,45836.0,"Repeat"
"CUST2560",1,3.0,106581.0,106581.0,"One-time"
"CUST2562",1,4.0,129266.0,129266.0,"One-time"
"CUST2563",1,2.0,53492.0,53492.0,"One-time"
"CUST2564",1,1.0,125.0,125.0,"One-time"
"CUST2566",6,22.0,525295.0,87549.17,"Repeat"
"CUST2567",1,1.0,31124.0,31124.0,"One-time"
"CUST2568",2,10.0,255572.0,127786.0,"Repeat"
"CUST2569",1,5.0,63730.0,63730.0,"One-time"
"CUST2570",4,13.0,415385.0,103846.25,"Repeat"
"CUST2571",4,10.0,149966.0,37491.5,"Repeat"
"CUST2572",2,6.0,159802.0,79901.0,"Repeat"
"CUST2573",1,1.0,21559.0,21559.0,"One-time"
"CUST2574",2,4.0,44290.0,22145.0,"Repeat"
"CUST2575",1,5.0,194493.0,194493.0,"One-time"
"CUST2576",1,4.0,49845.0,49845.0,"One-time"
"CUST2577",4,8.0,277561.0,69390.25,"Repeat"
"CUST2578",4,6.0,68320.0,17080.0,"Repeat"
"CUST2579",1,1.0,34695.0,34695.0,"One-time"
"CUST2580",1,1.0,11880.0,11880.0,"One-time"
"CUST2581",3,14.0,226641.0,75547.0,"Repeat"
"CUST2582",4,17.0,175103.0,43775.75,"Repeat"
"CUST2584",2,4.0,38257.0,19128.5,"Repeat"
"CUST2585",1,4.0,199750.0,199750.0,"One-time"
"CUST2586",2,3.0,74032.0,37016.0,"Repeat"
"CUST2587",1,1.0,682.0,682.0,"One-time"
"CUST2588",2,9.0,33993.0,16996.5,"Repeat"
"CUST2590",2,7.0,16674.0,8337.0,"Repeat"
"CUST2591",3,8.0,179039.0,59679.67,"Repeat"
"CUST2593",2,9.0,450.0,225.0,"Repeat"
"CUST2594",2,3.0,70355.0,35177.5,"Repeat"
"CUST2595",2,4.0,51463.0,25731.5,"Repeat"
"CUST2596",1,2.0,4606.0,4606.0,"One-time"
"CUST2597",1,4.0,127786.0,127786.0,"One-time"
"CUST2598",1,4.0,151882.0,151882.0,"One-time"
"CUST2599",2,5.0,195198.0,97599.0,"Repeat"
"CUST2600",2,9.0,394812.0,197406.0,"Repeat"
"CUST2602",1,5.0,51584.0,51584.0,"One-time"
"CUST2603",1,4.0,65709.0,65709.0,"One-time"
"CUST2604",1,2.0,29450.0,29450.0,"One-time"
"CUST2605",3,6.0,172648.0,57549.33,"Repeat"
"CUST2607",1,5.0,250.0,250.0,"One-time"
"CUST2608",1,4.0,166347.0,166347.0,"One-time"
"CUST2609",1,2.0,150.0,150.0,"One-time"
"CUST2610",2,7.0,227609.0,113804.5,"Repeat"
"CUST2612",2,10.0,335888.0,167944.0,"Repeat"
"CUST2613",1,3.0,114902.0,114902.0,"One-time"
"CUST2614",1,2.0,54993.0,54993.0,"One-time"
"CUST2616",2,4.0,41158.0,20579.0,"Repeat"
"CUST2617",1,1.0,8023.0,8023.0,"One-time"
"CUST2618",4,13.0,253983.0,63495.75,"Repeat"
"CUST2619",1,4.0,77180.0,77180.0,"One-time"
"CUST2620",2,8.0,158571.0,79285.5,"Repeat"
"CUST2621",1,4.0,190939.0,190939.0,"One-time"
"CUST2622",1,5.0,245828.0,245828.0,"One-time"
"CUST2623",1,2.0,150.0,150.0,"One-time"
"CUST2624",2,4.0,175401.0,87700.5,"Repeat"
"CUST2625",2,9.0,212055.0,106027.5,"Repeat"
"CUST2626",1,3.0,96566.0,96566.0,"One-time"
"CUST2627",2,6.0,156307.0,78153.5,"Repeat"
"CUST2628",2,7.0,9341.0,4670.5,"Repeat"
"CUST2629",1,4.0,200.0,200.0,"One-time"
"CUST2631",1,4.0,99857.0,99857.0,"One-time"
"CUST2632",1,5.0,184334.0,184334.0,"One-time"
"CUST2633",2,6.0,186228.0,93114.0,"Repeat"
"CUST2634",1,1.0,9536.0,9536.0,"One-time"
"CUST2638",1,4.0,24404.0,24404.0,"One-time"
"CUST2639",2,7.0,188490.0,94245.0,"Repeat"
"CUST2640",1,4.0,35167.0,35167.0,"One-time"
"CUST2641",2,5.0,53478.0,26739.0,"Repeat"
"CUST2642",1,2.0,98623.0,98623.0,"One-time"
"CUST2643",1,1.0,46566.0,46566.0,"One-time"
"CUST2644",1,5.0,250.0,250.0,"One-time"
"CUST2645",2,8.0,134156.0,67078.0,"Repeat"
"CUST2646",1,2.0,73607.0,73607.0,"One-time"
"CUST2647",3,8.0,75687.0,25229.0,"Repeat"
"CUST2649",3,13.0,247127.0,82375.67,"Repeat"
"CUST2650",3,8.0,179417.0,59805.67,"Repeat"
"CUST2651",2,8.0,83378.0,41689.0,"Repeat"
"CUST2652",2,9.0,290454.0,145227.0,"Repeat"
"CUST2653",1,1.0,6534.0,6534.0,"One-time"
"CUST2654",1,5.0,250.0,250.0,"One-time"
"CUST2655",3,7.0,70642.0,23547.33,"Repeat"
"CUST2656",1,3.0,40770.0,40770.0,"One-time"
"CUST2658",3,8.0,313717.0,104572.33,"Repeat"
"CUST2659",4,11.0,430103.0,107525.75,"Repeat"
"CUST2660",1,2.0,60266.0,60266.0,"One-time"
"CUST2661",2,6.0,160593.0,80296.5,"Repeat"
"CUST2663",4,16.0,382481.0,95620.25,"Repeat"
"CUST2664",1,4.0,149117.0,149117.0,"One-time"
"CUST2665",1,5.0,173796.0,173796.0,"One-time"
"CUST2666",2,8.0,138207.0,69103.5,"Repeat"
"CUST2667",3,9.0,302534.0,100844.67,"Repeat"
"CUST2668",3,8.0,220044.0,73348.0,"Repeat"
"CUST2669",1,1.0,48738.0,48738.0,"One-time"
"CUST2670",5,13.0,352024.0,70404.8,"Repeat"
"CUST2671",3,10.0,205194.0,68398.0,"Repeat"
"CUST2672",3,8.0,95663.0,31887.67,"Repeat"
"CUST2673",3,7.0,128853.0,42951.0,"Repeat"
"CUST2674",1,2.0,38447.0,38447.0,"One-time"
"CUST2675",1,4.0,156004.0,156004.0,"One-time"
"CUST2676",2,6.0,235375.0,117687.5,"Repeat"
"CUST2677",1,3.0,80711.0,80711.0,"One-time"
"CUST2678",2,6.0,204836.0,102418.0,"Repeat"
"CUST2679",4,11.0,221743.0,55435.75,"Repeat"
"CUST2680",4,14.0,290756.0,72689.0,"Repeat"
"CUST2681",1,3.0,6654.0,6654.0,"One-time"
"CUST2682",1,4.0,137142.0,137142.0,"One-time"
"CUST2683",1,3.0,32251.0,32251.0,"One-time"
"CUST2685",1,2.0,77011.0,77011.0,"One-time"
"CUST2686",3,8.0,156690.0,52230.0,"Repeat"
"CUST2687",2,6.0,74844.0,37422.0,"Repeat"
"CUST2688",2,5.0,89324.0,44662.0,"Repeat"
"CUST2689",3,10.0,120224.0,40074.67,"Repeat"
"CUST2690",3,9.0,311563.0,103854.33,"Repeat"
"CUST2691",5,15.0,318004.0,63600.8,"Repeat"
"CUST2692",4,11.0,284106.0,71026.5,"Repeat"
"CUST2693",2,7.0,252931.0,126465.5,"Repeat"
"CUST2694",2,10.0,500.0,250.0,"Repeat"
"CUST2696",5,18.0,444343.0,88868.6,"Repeat"
"CUST2697",4,14.0,398510.0,99627.5,"Repeat"
"CUST2698",1,4.0,19659.0,19659.0,"One-time"
"CUST2699",1,4.0,99792.0,99792.0,"One-time"
"CUST2700",1,1.0,125.0,125.0,"One-time"
"CUST2702",1,4.0,96691.0,96691.0,"One-time"
"CUST2703",1,3.0,67360.0,67360.0,"One-time"
"CUST2705",1,3.0,59306.0,59306.0,"One-time"
"CUST2708",3,13.0,205435.0,68478.33,"Repeat"
"CUST2709",2,4.0,30489.0,15244.5,"Repeat"
"CUST2710",1,2.0,56321.0,56321.0,"One-time"
"CUST2712",3,7.0,95595.0,31865.0,"Repeat"
"CUST2713",5,18.0,597891.0,119578.2,"Repeat"
"CUST2714",1,3.0,72497.0,72497.0,"One-time"
"CUST2715",4,15.0,295734.0,73933.5,"Repeat"
"CUST2716",1,2.0,11943.0,11943.0,"One-time"
"CUST2720",3,8.0,50726.0,16908.67,"Repeat"
"CUST2722",4,15.0,357869.0,89467.25,"Repeat"
"CUST2723",5,12.0,303939.0,60787.8,"Repeat"
"CUST2724",3,4.0,87739.0,29246.33,"Repeat"
"CUST2727",3,10.0,104034.0,34678.0,"Repeat"
"CUST2728",1,2.0,81581.0,81581.0,"One-time"
"CUST2729",2,8.0,143657.0,71828.5,"Repeat"
"CUST2731",1,4.0,164107.0,164107.0,"One-time"
"CUST2732",2,6.0,225177.0,112588.5,"Repeat"
"CUST2733",2,7.0,11841.0,5920.5,"Repeat"
"CUST2734",1,3.0,175.0,175.0,"One-time"
"CUST2735",1,5.0,231926.0,231926.0,"One-time"
"CUST2736",2,6.0,268652.0,134326.0,"Repeat"
"CUST2737",2,4.0,140906.0,70453.0,"Repeat"
"CUST2738",1,4.0,158665.0,158665.0,"One-time"
"CUST2739",2,6.0,229631.0,114815.5,"Repeat"
"CUST2740",3,5.0,156209.0,52069.67,"Repeat"
"CUST2741",2,6.0,8688.0,4344.0,"Repeat"
"CUST2742",1,3.0,34774.0,34774.0,"One-time"
"CUST2744",1,5.0,65148.0,65148.0,"One-time"
"CUST2745",3,12.0,116908.0,38969.33,"Repeat"
"CUST2747",2,2.0,82497.0,41248.5,"Repeat"
"CUST2748",5,15.0,340943.0,68188.6,"Repeat"
"CUST2750",3,7.0,292027.0,97342.33,"Repeat"
"CUST2753",3,9.0,144311.0,48103.67,"Repeat"
"CUST2754",2,5.0,70498.0,35249.0,"Repeat"
"CUST2755",2,4.0,121568.0,60784.0,"Repeat"
"CUST2756",1,3.0,175.0,175.0,"One-time"
"CUST2757",2,9.0,149788.0,74894.0,"Repeat"
"CUST2758",3,13.0,152691.0,50897.0,"Repeat"
"CUST2759",1,2.0,89232.0,89232.0,"One-time"
"CUST2760",1,1.0,3247.0,3247.0,"One-time"
"CUST2761",1,5.0,250.0,250.0,"One-time"
"CUST2762",3,10.0,405008.0,135002.67,"Repeat"
"CUST2763",2,4.0,96526.0,48263.0,"Repeat"
"CUST2764",6,25.0,641710.0,106951.67,"Repeat"
"CUST2765",6,15.0,290446.0,48407.67,"Repeat"
"CUST2767",1,5.0,176420.0,176420.0,"One-time"
"CUST2769",2,6.0,254267.0,127133.5,"Repeat"
"CUST2770",4,10.0,160228.0,40057.0,"Repeat"
"CUST2771",1,2.0,150.0,150.0,"One-time"
"CUST2772",2,4.0,161497.0,80748.5,"Repeat"
"CUST2774",2,3.0,8775.0,4387.5,"Repeat"
"CUST2776",3,14.0,406085.0,135361.67,"Repeat"
"CUST2777",3,15.0,313626.0,104542.0,"Repeat"
"CUST2778",3,11.0,236339.0,78779.67,"Repeat"
"CUST2779",4,14.0,308507.0,77126.75,"Repeat"
"CUST2782",3,4.0,87653.0,29217.67,"Repeat"
"CUST2783",2,7.0,318659.0,159329.5,"Repeat"
"CUST2784",1,2.0,20019.0,20019.0,"One-time"
"CUST2785",3,11.0,181644.0,60548.0,"Repeat"
"CUST2787",2,7.0,123212.0,61606.0,"Repeat"
"CUST2788",3,10.0,217282.0,72427.33,"Repeat"
"CUST2789",6,15.0,281251.0,46875.17,"Repeat"
"CUST2790",4,12.0,227756.0,56939.0,"Repeat"
"CUST2793",1,2.0,76186.0,76186.0,"One-time"
"CUST2795",3,11.0,201933.0,67311.0,"Repeat"
"CUST2796",3,5.0,14956.0,4985.33,"Repeat"
"CUST2797",1,1.0,242.0,242.0,"One-time"
"CUST2798",1,1.0,37440.0,37440.0,"One-time"
"CUST2799",1,1.0,25703.0,25703.0,"One-time"
"CUST2800",1,5.0,40318.0,40318.0,"One-time"
"CUST2801",2,9.0,222845.0,111422.5,"Repeat"
"CUST2802",3,5.0,215139.0,71713.0,"Repeat"
"CUST2803",1,5.0,39536.0,39536.0,"One-time"
"CUST2804",2,8.0,104375.0,52187.5,"Repeat"
"CUST2805",1,3.0,137718.0,137718.0,"One-time"
"CUST2806",1,3.0,29707.0,29707.0,"One-time"
"CUST2807",1,2.0,7400.0,7400.0,"One-time"
"CUST2808",2,7.0,311534.0,155767.0,"Repeat"
"CUST2810",2,10.0,404789.0,202394.5,"Repeat"
"CUST2811",1,4.0,129986.0,129986.0,"One-time"
"CUST2812",2,5.0,32139.0,16069.5,"Repeat"
"CUST2813",7,25.0,505997.0,72285.29,"Repeat"
"CUST2815",4,8.0,332659.0,83164.75,"Repeat"
"CUST2816",5,11.0,322496.0,64499.2,"Repeat"
"CUST2817",3,12.0,217725.0,72575.0,"Repeat"
"CUST2818",3,4.0,50752.0,16917.33,"Repeat"
"CUST2819",1,1.0,23964.0,23964.0,"One-time"
"CUST2820",1,1.0,27089.0,27089.0,"One-time"
"CUST2821",1,2.0,97291.0,97291.0,"One-time"
"CUST2822",1,4.0,145686.0,145686.0,"One-time"
"CUST2825",1,2.0,50528.0,50528.0,"One-time"
"CUST2827",1,3.0,175.0,175.0,"One-time"
"CUST2828",1,5.0,161658.0,161658.0,"One-time"
"CUST2829",2,4.0,135403.0,67701.5,"Repeat"
"CUST2830",4,14.0,378186.0,94546.5,"Repeat"
"CUST2831",2,6.0,168779.0,84389.5,"Repeat"
"CUST2832",1,3.0,115082.0,115082.0,"One-time"
"CUST2833",2,9.0,261602.0,130801.0,"Repeat"
"CUST2834",1,5.0,166846.0,166846.0,"One-time"
"CUST2835",1,1.0,32476.0,32476.0,"One-time"
"CUST2836",1,1.0,42154.0,42154.0,"One-time"
"CUST2837",1,3.0,97224.0,97224.0,"One-time"
"CUST2838",2,7.0,106187.0,53093.5,"Repeat"
"CUST2839",2,8.0,144824.0,72412.0,"Repeat"
"CUST2840",2,3.0,53613.0,26806.5,"Repeat"
"CUST2841",2,8.0,26478.0,13239.0,"Repeat"
"CUST2842",2,6.0,350.0,175.0,"Repeat"
"CUST2843",1,5.0,117659.0,117659.0,"One-time"
"CUST2844",2,6.0,212219.0,106109.5,"Repeat"
"CUST2845",3,5.0,117329.0,39109.67,"Repeat"
"CUST2847",2,8.0,143419.0,71709.5,"Repeat"
"CUST2848",1,4.0,200.0,200.0,"One-time"
"CUST2851",1,1.0,14208.0,14208.0,"One-time"
"CUST2852",2,6.0,106997.0,53498.5,"Repeat"
"CUST2854",2,7.0,314996.0,157498.0,"Repeat"
"CUST2855",3,9.0,304491.0,101497.0,"Repeat"
"CUST2856",5,13.0,77650.0,15530.0,"Repeat"
"CUST2857",2,7.0,158096.0,79048.0,"Repeat"
"CUST2859",6,17.0,296249.0,49374.83,"Repeat"
"CUST2860",2,4.0,81979.0,40989.5,"Repeat"
"CUST2861",2,8.0,254798.0,127399.0,"Repeat"
"CUST2862",2,8.0,234198.0,117099.0,"Repeat"
"CUST2863",1,4.0,200.0,200.0,"One-time"
"CUST2864",1,3.0,110905.0,110905.0,"One-time"
"CUST2865",2,9.0,254115.0,127057.5,"Repeat"
"CUST2866",2,7.0,153086.0,76543.0,"Repeat"
"CUST2867",1,5.0,172724.0,172724.0,"One-time"
"CUST2868",5,14.0,381624.0,76324.8,"Repeat"
"CUST2869",4,9.0,281487.0,70371.75,"Repeat"
"CUST2870",3,14.0,303727.0,101242.33,"Repeat"
"CUST2871",1,4.0,147487.0,147487.0,"One-time"
"CUST2872",1,5.0,60126.0,60126.0,"One-time"
"CUST2873",1,3.0,175.0,175.0,"One-time"
"CUST2874",3,11.0,165032.0,55010.67,"Repeat"
"CUST2875",1,4.0,152572.0,152572.0,"One-time"
"CUST2878",2,4.0,118083.0,59041.5,"Repeat"
"CUST2879",3,9.0,73350.0,24450.0,"Repeat"
"CUST2881",2,10.0,192963.0,96481.5,"Repeat"
"CUST2882",2,9.0,240823.0,120411.5,"Repeat"
"CUST2883",2,8.0,88849.0,44424.5,"Repeat"
"CUST2885",1,4.0,64327.0,64327.0,"One-time"
"CUST2886",2,6.0,208055.0,104027.5,"Repeat"
"CUST2888",2,3.0,36943.0,18471.5,"Repeat"
"CUST2889",2,4.0,116615.0,58307.5,"Repeat"
"CUST2890",2,5.0,145465.0,72732.5,"Repeat"
"CUST2891",2,7.0,280535.0,140267.5,"Repeat"
"CUST2892",4,14.0,237403.0,59350.75,"Repeat"
"CUST2893",4,15.0,326985.0,81746.25,"Repeat"
"CUST2894",1,5.0,47543.0,47543.0,"One-time"
"CUST2895",2,6.0,247888.0,123944.0,"Repeat"
"CUST2897",1,5.0,13857.0,13857.0,"One-time"
"CUST2898",6,17.0,527213.0,87868.83,"Repeat"
"CUST2900",1,5.0,188568.0,188568.0,"One-time"
"CUST2901",1,4.0,44864.0,44864.0,"One-time"
"CUST2902",1,4.0,46364.0,46364.0,"One-time"
"CUST2903",2,4.0,152740.0,76370.0,"Repeat"
"CUST2904",1,5.0,116535.0,116535.0,"One-time"
"CUST2905",4,12.0,355300.0,88825.0,"Repeat"
"CUST2906",1,1.0,44495.0,44495.0,"One-time"
"CUST2908",3,13.0,222139.0,74046.33,"Repeat"
"CUST2911",4,15.0,139240.0,34810.0,"Repeat"
"CUST2912",1,4.0,49684.0,49684.0,"One-time"
"CUST2914",1,1.0,38093.0,38093.0,"One-time"
"CUST2915",2,4.0,13714.0,6857.0,"Repeat"
"CUST2917",1,4.0,172729.0,172729.0,"One-time"
"CUST2918",1,4.0,2206.0,2206.0,"One-time"
"CUST2920",2,7.0,220645.0,110322.5,"Repeat"
"CUST2921",1,5.0,250.0,250.0,"One-time"
"CUST2922",3,7.0,202421.0,67473.67,"Repeat"
"CUST2923",1,2.0,4603.0,4603.0,"One-time"
"CUST2925",2,7.0,150504.0,75252.0,"Repeat"
"CUST2926",2,7.0,184132.0,92066.0,"Repeat"
"CUST2927",5,11.0,405677.0,81135.4,"Repeat"
"CUST2928",3,10.0,253652.0,84550.67,"Repeat"
"CUST2929",2,9.0,157116.0,78558.0,"Repeat"
"CUST2930",3,5.0,52939.0,17646.33,"Repeat"
"CUST2931",2,9.0,215634.0,107817.0,"Repeat"
"CUST2932",1,3.0,119501.0,119501.0,"One-time"
"CUST2933",1,1.0,14714.0,14714.0,"One-time"
"CUST2934",2,6.0,95217.0,47608.5,"Repeat"
"CUST2935",2,9.0,189197.0,94598.5,"Repeat"
"CUST2936",1,4.0,82757.0,82757.0,"One-time"
"CUST2937",2,8.0,327391.0,163695.5,"Repeat"
"CUST2938",4,16.0,368914.0,92228.5,"Repeat"
"CUST2939",2,9.0,172192.0,86096.0,"Repeat"
"CUST2941",5,11.0,139872.0,27974.4,"Repeat"
"CUST2942",2,7.0,127533.0,63766.5,"Repeat"
"CUST2943",2,8.0,186070.0,93035.0,"Repeat"
"CUST2944",1,2.0,40463.0,40463.0,"One-time"
"CUST2945",4,7.0,192238.0,48059.5,"Repeat"
"CUST2946",6,19.0,548316.0,91386.0,"Repeat"
"CUST2947",5,11.0,256826.0,51365.2,"Repeat"
"CUST2948",2,6.0,26621.0,13310.5,"Repeat"
"CUST2950",2,9.0,141094.0,70547.0,"Repeat"
"CUST2951",2,2.0,66863.0,33431.5,"Repeat"
"CUST2952",2,6.0,199146.0,99573.0,"Repeat"
"CUST2954",1,1.0,48746.0,48746.0,"One-time"
"CUST2956",1,2.0,44965.0,44965.0,"One-time"
"CUST2957",1,1.0,3328.0,3328.0,"One-time"
"CUST2958",2,5.0,194640.0,97320.0,"Repeat"
"CUST2960",1,3.0,36100.0,36100.0,"One-time"
"CUST2961",2,6.0,94403.0,47201.5,"Repeat"
"CUST2962",4,16.0,425022.0,106255.5,"Repeat"
"CUST2963",3,9.0,97349.0,32449.67,"Repeat"
"CUST2964",1,2.0,17354.0,17354.0,"One-time"
"CUST2965",1,5.0,147926.0,147926.0,"One-time"
"CUST2966",1,4.0,64696.0,64696.0,"One-time"
"CUST2968",2,3.0,103919.0,51959.5,"Repeat"
"CUST2969",3,10.0,188679.0,62893.0,"Repeat"
"CUST2970",2,7.0,208921.0,104460.5,"Repeat"
"CUST2971",2,8.0,145200.0,72600.0,"Repeat"
"CUST2972",1,4.0,7278.0,7278.0,"One-time"
"CUST2973",2,7.0,314783.0,157391.5,"Repeat"
"CUST2974",4,10.0,333579.0,83394.75,"Repeat"
"CUST2978",1,1.0,27636.0,27636.0,"One-time"
"CUST2979",1,1.0,46632.0,46632.0,"One-time"
"CUST2980",2,9.0,273995.0,136997.5,"Repeat"
"CUST2981",1,4.0,11377.0,11377.0,"One-time"
"CUST2982",2,7.0,245955.0,122977.5,"Repeat"
"CUST2983",2,7.0,141515.0,70757.5,"Repeat"
"CUST2985",1,5.0,92840.0,92840.0,"One-time"
"CUST2986",3,9.0,204376.0,68125.33,"Repeat"
"CUST2987",1,1.0,10456.0,10456.0,"One-time"
"CUST2988",1,1.0,4421.0,4421.0,"One-time"
"CUST2989",4,11.0,302295.0,75573.75,"Repeat"
"CUST2990",1,5.0,24157.0,24157.0,"One-time"
"CUST2991",1,2.0,13003.0,13003.0,"One-time"
"CUST2994",3,9.0,265206.0,88402.0,"Repeat"
"CUST2996",1,5.0,162261.0,162261.0,"One-time"
"CUST2997",1,2.0,59151.0,59151.0,"One-time"
"CUST2998",1,5.0,10849.0,10849.0,"One-time"
"CUST2999",4,12.0,199639.0,49909.75,"Repeat"
"CUST3001",3,12.0,111086.0,37028.67,"Repeat"
"CUST3002",1,5.0,135580.0,135580.0,"One-time"
"CUST3003",1,2.0,13144.0,13144.0,"One-time"
"CUST3006",1,5.0,199128.0,199128.0,"One-time"
"CUST3007",2,9.0,189452.0,94726.0,"Repeat"
"CUST3008",2,4.0,53636.0,26818.0,"Repeat"
"CUST3009",3,13.0,293908.0,97969.33,"Repeat"
"CUST3011",4,10.0,235816.0,58954.0,"Repeat"
"CUST3012",3,12.0,388617.0,129539.0,"Repeat"
"CUST3013",2,5.0,102409.0,51204.5,"Repeat"
"CUST3014",2,6.0,145671.0,72835.5,"Repeat"
"CUST3015",3,6.0,180496.0,60165.33,"Repeat"
"CUST3016",1,2.0,72030.0,72030.0,"One-time"
"CUST3017",1,1.0,43662.0,43662.0,"One-time"
"CUST3018",2,3.0,22050.0,11025.0,"Repeat"
"CUST3019",1,2.0,52103.0,52103.0,"One-time"
"CUST3020",2,10.0,170394.0,85197.0,"Repeat"
"CUST3021",1,5.0,8004.0,8004.0,"One-time"
"CUST3022",1,1.0,30290.0,30290.0,"One-time"
"CUST3023",2,6.0,144523.0,72261.5,"Repeat"
"CUST3025",1,1.0,4714.0,4714.0,"One-time"
"CUST3027",3,9.0,217847.0,72615.67,"Repeat"
"CUST3028",1,5.0,94563.0,94563.0,"One-time"
"CUST3029",3,8.0,274955.0,91651.67,"Repeat"
"CUST3031",1,2.0,45791.0,45791.0,"One-time"
"CUST3032",2,4.0,92800.0,46400.0,"Repeat"
"CUST3033",4,13.0,133239.0,33309.75,"Repeat"
"CUST3034",1,4.0,121199.0,121199.0,"One-time"
"CUST3035",3,8.0,231453.0,77151.0,"Repeat"
"CUST3036",3,10.0,92312.0,30770.67,"Repeat"
"CUST3037",3,10.0,233400.0,77800.0,"Repeat"
"CUST3038",1,2.0,78749.0,78749.0,"One-time"
"CUST3039",2,6.0,43567.0,21783.5,"Repeat"
"CUST3040",1,1.0,23880.0,23880.0,"One-time"
"CUST3042",3,10.0,296947.0,98982.33,"Repeat"
"CUST3043",4,15.0,275528.0,68882.0,"Repeat"
"CUST3044",1,4.0,96448.0,96448.0,"One-time"
"CUST3045",1,4.0,200.0,200.0,"One-time"
"CUST3046",3,8.0,285061.0,95020.33,"Repeat"
"CUST3047",2,7.0,217372.0,108686.0,"Repeat"
"CUST3048",2,9.0,239673.0,119836.5,"Repeat"
"CUST3049",1,4.0,200.0,200.0,"One-time"
"CUST3050",1,1.0,8726.0,8726.0,"One-time"
"CUST3052",2,6.0,246881.0,123440.5,"Repeat"
"CUST3054",4,13.0,222698.0,55674.5,"Repeat"
"CUST3056",4,12.0,359542.0,89885.5,"Repeat"
"CUST3057",3,7.0,46228.0,15409.33,"Repeat"
"CUST3058",1,4.0,134184.0,134184.0,"One-time"
"CUST3059",3,10.0,173170.0,57723.33,"Repeat"
"CUST3060",1,2.0,64567.0,64567.0,"One-time"
"CUST3061",1,2.0,95922.0,95922.0,"One-time"
"CUST3062",2,7.0,102389.0,51194.5,"Repeat"
"CUST3063",2,5.0,125628.0,62814.0,"Repeat"
"CUST3066",1,2.0,2277.0,2277.0,"One-time"
"CUST3068",1,5.0,169844.0,169844.0,"One-time"
"CUST3069",3,12.0,569305.0,189768.33,"Repeat"
"CUST3070",3,7.0,237614.0,79204.67,"Repeat"
"CUST3071",2,6.0,88959.0,44479.5,"Repeat"
"CUST3072",2,3.0,58615.0,29307.5,"Repeat"
"CUST3074",2,5.0,45824.0,22912.0,"Repeat"
"CUST3075",3,4.0,76924.0,25641.33,"Repeat"
"CUST3076",1,4.0,200.0,200.0,"One-time"
"CUST3077",1,4.0,77494.0,77494.0,"One-time"
"CUST3078",1,2.0,89200.0,89200.0,"One-time"
"CUST3080",1,3.0,66333.0,66333.0,"One-time"
"CUST3081",2,4.0,126907.0,63453.5,"Repeat"
"CUST3082",1,5.0,245166.0,245166.0,"One-time"
"CUST3084",4,10.0,139010.0,34752.5,"Repeat"
"CUST3086",1,1.0,43162.0,43162.0,"One-time"
"CUST3087",4,14.0,140475.0,35118.75,"Repeat"
"CUST3089",3,5.0,178111.0,59370.33,"Repeat"
"CUST3090",1,4.0,195544.0,195544.0,"One-time"
"CUST3091",2,6.0,131019.0,65509.5,"Repeat"
"CUST3094",2,10.0,340246.0,170123.0,"Repeat"
"CUST3095",2,5.0,26193.0,13096.5,"Repeat"
"CUST3096",1,1.0,125.0,125.0,"One-time"
"CUST3097",1,4.0,184148.0,184148.0,"One-time"
"CUST3098",2,4.0,94000.0,47000.0,"Repeat"
"CUST3100",3,6.0,148921.0,49640.33,"Repeat"
"CUST3101",1,5.0,141720.0,141720.0,"One-time"
"CUST3102",2,3.0,49768.0,24884.0,"Repeat"
"CUST3103",1,3.0,20870.0,20870.0,"One-time"
"CUST3104",2,9.0,147463.0,73731.5,"Repeat"
"CUST3105",1,5.0,28291.0,28291.0,"One-time"
"CUST3106",1,5.0,135027.0,135027.0,"One-time"
"CUST3108",2,7.0,31149.0,15574.5,"Repeat"
"CUST3109",1,2.0,20898.0,20898.0,"One-time"
"CUST3110",1,2.0,15353.0,15353.0,"One-time"
"CUST3111",1,4.0,134586.0,134586.0,"One-time"
"CUST3113",2,3.0,65620.0,32810.0,"Repeat"
"CUST3114",1,1.0,49886.0,49886.0,"One-time"
"CUST3117",1,4.0,180502.0,180502.0,"One-time"
"CUST3118",2,6.0,116403.0,58201.5,"Repeat"
"CUST3120",1,5.0,191356.0,191356.0,"One-time"
"CUST3121",2,2.0,5938.0,2969.0,"Repeat"
"CUST3123",1,2.0,7826.0,7826.0,"One-time"
"CUST3125",2,7.0,216745.0,108372.5,"Repeat"
"CUST3126",2,5.0,196791.0,98395.5,"Repeat"
"CUST3127",4,14.0,146943.0,36735.75,"Repeat"
"CUST3128",2,9.0,325855.0,162927.5,"Repeat"
"CUST3130",1,2.0,72712.0,72712.0,"One-time"
"CUST3131",3,9.0,42957.0,14319.0,"Repeat"
"CUST3132",4,12.0,207406.0,51851.5,"Repeat"
"CUST3134",1,1.0,34572.0,34572.0,"One-time"
"CUST3135",1,3.0,7503.0,7503.0,"One-time"
"CUST3136",3,8.0,329695.0,109898.33,"Repeat"
"CUST3138",1,1.0,45584.0,45584.0,"One-time"
"CUST3139",2,5.0,45107.0,22553.5,"Repeat"
"CUST3140",3,13.0,493646.0,164548.67,"Repeat"
"CUST3141",3,12.0,357587.0,119195.67,"Repeat"
"CUST3142",5,19.0,606793.0,121358.6,"Repeat"
"CUST3144",1,2.0,150.0,150.0,"One-time"
"CUST3145",3,3.0,79760.0,26586.67,"Repeat"
"CUST3146",3,6.0,53702.0,17900.67,"Repeat"
"CUST3147",3,9.0,313148.0,104382.67,"Repeat"
"CUST3148",3,8.0,144868.0,48289.33,"Repeat"
"CUST3150",2,5.0,52533.0,26266.5,"Repeat"
"CUST3151",1,4.0,160379.0,160379.0,"One-time"
"CUST3154",3,4.0,113303.0,37767.67,"Repeat"
"CUST3155",2,6.0,268382.0,134191.0,"Repeat"
"CUST3156",1,1.0,3679.0,3679.0,"One-time"
"CUST3157",4,8.0,215151.0,53787.75,"Repeat"
"CUST3158",2,7.0,26940.0,13470.0,"Repeat"
"CUST3159",3,4.0,125620.0,41873.33,"Repeat"
"CUST3160",2,4.0,8508.0,4254.0,"Repeat"
"CUST3163",1,1.0,47745.0,47745.0,"One-time"
"CUST3164",3,7.0,216163.0,72054.33,"Repeat"
"CUST3165",2,8.0,172207.0,86103.5,"Repeat"
"CUST3166",4,10.0,368292.0,92073.0,"Repeat"
"CUST3167",3,10.0,210584.0,70194.67,"Repeat"
"CUST3168",1,3.0,9983.0,9983.0,"One-time"
"CUST3169",3,4.0,24030.0,8010.0,"Repeat"
"CUST3170",2,7.0,116950.0,58475.0,"Repeat"
"CUST3171",3,5.0,189251.0,63083.67,"Repeat"
"CUST3172",2,7.0,20157.0,10078.5,"Repeat"
"CUST3173",1,2.0,39878.0,39878.0,"One-time"
"CUST3174",5,8.0,156506.0,31301.2,"Repeat"
"CUST3175",2,9.0,71487.0,35743.5,"Repeat"
"CUST3176",3,8.0,195878.0,65292.67,"Repeat"
"CUST3177",1,4.0,200.0,200.0,"One-time"
"CUST3178",1,4.0,55316.0,55316.0,"One-time"
"CUST3179",1,1.0,30530.0,30530.0,"One-time"
"CUST3180",2,7.0,103447.0,51723.5,"Repeat"
"CUST3181",1,4.0,18752.0,18752.0,"One-time"
"CUST3182",4,7.0,131879.0,32969.75,"Repeat"
"CUST3183",2,6.0,19364.0,9682.0,"Repeat"
"CUST3184",2,5.0,101114.0,50557.0,"Repeat"
"CUST3185",2,7.0,119924.0,59962.0,"Repeat"
"CUST3187",3,8.0,29738.0,9912.67,"Repeat"
"CUST3189",2,8.0,344484.0,172242.0,"Repeat"
"CUST3190",1,3.0,15870.0,15870.0,"One-time"
"CUST3192",2,6.0,22708.0,11354.0,"Repeat"
"CUST3193",2,5.0,160123.0,80061.5,"Repeat"
"CUST3194",1,5.0,165489.0,165489.0,"One-time"
"CUST3196",4,10.0,354617.0,88654.25,"Repeat"
"CUST3197",2,6.0,97715.0,48857.5,"Repeat"
"CUST3198",2,3.0,70841.0,35420.5,"Repeat"
"CUST3199",1,2.0,83109.0,83109.0,"One-time"
"CUST3200",1,3.0,143459.0,143459.0,"One-time"
"CUST3203",3,8.0,157635.0,52545.0,"Repeat"
"CUST3204",1,5.0,140334.0,140334.0,"One-time"
"CUST3205",2,5.0,86747.0,43373.5,"Repeat"
"CUST3207",3,8.0,119264.0,39754.67,"Repeat"
"CUST3208",1,5.0,150467.0,150467.0,"One-time"
"CUST3209",2,3.0,61081.0,30540.5,"Repeat"
"CUST3210",2,8.0,42034.0,21017.0,"Repeat"
"CUST3212",1,1.0,49729.0,49729.0,"One-time"
"CUST3213",1,4.0,200.0,200.0,"One-time"
"CUST3214",3,11.0,247312.0,82437.33,"Repeat"
"CUST3215",2,5.0,71600.0,35800.0,"Repeat"
"CUST3216",1,2.0,53401.0,53401.0,"One-time"
"CUST3217",2,9.0,263268.0,131634.0,"Repeat"
"CUST3218",2,8.0,243215.0,121607.5,"Repeat"
"CUST3219",3,12.0,341777.0,113925.67,"Repeat"
"CUST3220",3,6.0,2031.0,677.0,"Repeat"
"CUST3222",1,2.0,80453.0,80453.0,"One-time"
"CUST3223",1,5.0,250.0,250.0,"One-time"
"CUST3224",1,4.0,158301.0,158301.0,"One-time"
"CUST3225",3,9.0,317259.0,105753.0,"Repeat"
"CUST3226",1,3.0,19068.0,19068.0,"One-time"
"CUST3227",4,10.0,280983.0,70245.75,"Repeat"
"CUST3228",1,4.0,120415.0,120415.0,"One-time"
"CUST3229",4,8.0,179647.0,44911.75,"Repeat"
"CUST3230",1,2.0,76542.0,76542.0,"One-time"
"CUST3231",2,4.0,11896.0,5948.0,"Repeat"
"CUST3232",1,4.0,64172.0,64172.0,"One-time"
"CUST3234",4,7.0,307087.0,76771.75,"Repeat"
"CUST3235",1,5.0,247526.0,247526.0,"One-time"
"CUST3239",2,4.0,134473.0,67236.5,"Repeat"
"CUST3240",3,11.0,78497.0,26165.67,"Repeat"
"CUST3243",2,10.0,76795.0,38397.5,"Repeat"
"CUST3244",1,2.0,41398.0,41398.0,"One-time"
"CUST3245",3,12.0,228805.0,76268.33,"Repeat"
"CUST3246",1,1.0,5339.0,5339.0,"One-time"
"CUST3247",1,1.0,125.0,125.0,"One-time"
"CUST3248",1,3.0,175.0,175.0,"One-time"
"CUST3249",1,4.0,34180.0,34180.0,"One-time"
"CUST3250",2,8.0,171593.0,85796.5,"Repeat"
"CUST3251",1,2.0,57230.0,57230.0,"One-time"
"CUST3252",3,12.0,158410.0,52803.33,"Repeat"
"CUST3253",3,9.0,340496.0,113498.67,"Repeat"
"CUST3254",2,4.0,114340.0,57170.0,"Repeat"
"CUST3255",2,2.0,4942.0,2471.0,"Repeat"
"CUST3256",2,6.0,116426.0,58213.0,"Repeat"
"CUST3257",1,4.0,171274.0,171274.0,"One-time"
"CUST3258",2,7.0,112349.0,56174.5,"Repeat"
"CUST3260",1,1.0,32934.0,32934.0,"One-time"
"CUST3261",1,5.0,152748.0,152748.0,"One-time"
"CUST3262",3,11.0,337695.0,112565.0,"Repeat"
"CUST3264",1,5.0,111108.0,111108.0,"One-time"
"CUST3265",2,6.0,63693.0,31846.5,"Repeat"
"CUST3267",3,9.0,295065.0,98355.0,"Repeat"
"CUST3268",3,11.0,217694.0,72564.67,"Repeat"
"CUST3269",1,3.0,108861.0,108861.0,"One-time"
"CUST3271",2,9.0,190464.0,95232.0,"Repeat"
"CUST3272",1,4.0,19443.0,19443.0,"One-time"
"CUST3273",2,6.0,99696.0,49848.0,"Repeat"
"CUST3274",3,9.0,224534.0,74844.67,"Repeat"
"CUST3279",1,3.0,88291.0,88291.0,"One-time"
"CUST3280",1,1.0,38100.0,38100.0,"One-time"
"CUST3281",4,17.0,386831.0,96707.75,"Repeat"
"CUST3283",2,4.0,88507.0,44253.5,"Repeat"
"CUST3285",2,6.0,285492.0,142746.0,"Repeat"
"CUST3286",3,12.0,424061.0,141353.67,"Repeat"
"CUST3287",2,3.0,31029.0,15514.5,"Repeat"
"CUST3288",3,9.0,103828.0,34609.33,"Repeat"
"CUST3290",1,1.0,32146.0,32146.0,"One-time"
"CUST3291",2,5.0,144831.0,72415.5,"Repeat"
"CUST3292",5,9.0,223820.0,44764.0,"Repeat"
"CUST3293",2,6.0,243050.0,121525.0,"Repeat"
"CUST3294",2,5.0,97278.0,48639.0,"Repeat"
"CUST3295",4,11.0,216774.0,54193.5,"Repeat"
"CUST3296",1,1.0,21722.0,21722.0,"One-time"
"CUST3297",1,4.0,198001.0,198001.0,"One-time"
"CUST3298",4,10.0,387129.0,96782.25,"Repeat"
"CUST3300",1,4.0,176053.0,176053.0,"One-time"
"CUST3301",3,8.0,291657.0,97219.0,"Repeat"
"CUST3302",3,8.0,97080.0,32360.0,"Repeat"
"CUST3303",5,20.0,712832.0,142566.4,"Repeat"
"CUST3304",2,6.0,209561.0,104780.5,"Repeat"
"CUST3305",1,3.0,16698.0,16698.0,"One-time"
"CUST3306",1,3.0,78200.0,78200.0,"One-time"
"CUST3307",2,5.0,138574.0,69287.0,"Repeat"
"CUST3308",3,10.0,227260.0,75753.33,"Repeat"
"CUST3309",1,1.0,17320.0,17320.0,"One-time"
"CUST3310",3,10.0,249938.0,83312.67,"Repeat"
"CUST3311",1,2.0,150.0,150.0,"One-time"
"CUST3312",1,4.0,127553.0,127553.0,"One-time"
"CUST3313",4,13.0,260846.0,65211.5,"Repeat"
"CUST3314",1,2.0,86268.0,86268.0,"One-time"
"CUST3317",2,8.0,332132.0,166066.0,"Repeat"
"CUST3318",2,5.0,88826.0,44413.0,"Repeat"
"CUST3319",3,9.0,204183.0,68061.0,"Repeat"
"CUST3320",4,12.0,291799.0,72949.75,"Repeat"
"CUST3321",1,5.0,46471.0,46471.0,"One-time"
"CUST3322",4,9.0,144319.0,36079.75,"Repeat"
"CUST3323",2,9.0,321290.0,160645.0,"Repeat"
"CUST3324",1,4.0,142519.0,142519.0,"One-time"
"CUST3325",2,8.0,196315.0,98157.5,"Repeat"
"CUST3326",1,3.0,149032.0,149032.0,"One-time"
"CUST3327",2,8.0,166298.0,83149.0,"Repeat"
"CUST3329",2,5.0,199078.0,99539.0,"Repeat"
"CUST3330",4,10.0,196900.0,49225.0,"Repeat"
"CUST3332",2,6.0,56459.0,28229.5,"Repeat"
"CUST3333",2,4.0,120217.0,60108.5,"Repeat"
"CUST3334",1,5.0,36384.0,36384.0,"One-time"
"CUST3335",4,10.0,174150.0,43537.5,"Repeat"
"CUST3336",3,8.0,94974.0,31658.0,"Repeat"
"CUST3337",1,5.0,100462.0,100462.0,"One-time"
"CUST3338",1,5.0,169629.0,169629.0,"One-time"
"CUST3339",1,3.0,120829.0,120829.0,"One-time"
"CUST3340",2,8.0,41644.0,20822.0,"Repeat"
"CUST3341",1,2.0,150.0,150.0,"One-time"
"CUST3343",1,1.0,30612.0,30612.0,"One-time"
"CUST3344",3,8.0,207362.0,69120.67,"Repeat"
"CUST3345",2,3.0,49593.0,24796.5,"Repeat"
"CUST3346",2,3.0,117671.0,58835.5,"Repeat"
"CUST3347",2,6.0,177277.0,88638.5,"Repeat"
"CUST3348",2,3.0,16061.0,8030.5,"Repeat"
"CUST3350",2,8.0,122764.0,61382.0,"Repeat"
"CUST3351",3,12.0,115705.0,38568.33,"Repeat"
"CUST3352",4,12.0,246789.0,61697.25,"Repeat"
"CUST3353",1,1.0,31177.0,31177.0,"One-time"
"CUST3354",1,2.0,89696.0,89696.0,"One-time"
"CUST3355",3,11.0,326663.0,108887.67,"Repeat"
"CUST3356",1,5.0,71315.0,71315.0,"One-time"
"CUST3357",2,6.0,130856.0,65428.0,"Repeat"
"CUST3358",1,1.0,14951.0,14951.0,"One-time"
"CUST3359",2,10.0,195927.0,97963.5,"Repeat"
"CUST3360",2,5.0,145497.0,72748.5,"Repeat"
"CUST3361",2,5.0,161358.0,80679.0,"Repeat"
"CUST3363",3,14.0,582485.0,194161.67,"Repeat"
"CUST3364",2,3.0,103324.0,51662.0,"Repeat"
"CUST3365",1,5.0,118906.0,118906.0,"One-time"
"CUST3366",1,3.0,65831.0,65831.0,"One-time"
"CUST3367",1,2.0,150.0,150.0,"One-time"
"CUST3368",1,3.0,104930.0,104930.0,"One-time"
"CUST3370",1,1.0,5836.0,5836.0,"One-time"
"CUST3373",1,4.0,160202.0,160202.0,"One-time"
"CUST3374",4,13.0,388636.0,97159.0,"Repeat"
"CUST3375",1,4.0,89090.0,89090.0,"One-time"
"CUST3378",1,2.0,14337.0,14337.0,"One-time"
"CUST3380",3,7.0,201702.0,67234.0,"Repeat"
"CUST3381",2,5.0,2071.0,1035.5,"Repeat"
"CUST3382",2,5.0,119802.0,59901.0,"Repeat"
"CUST3383",2,6.0,268020.0,134010.0,"Repeat"
"CUST3385",1,5.0,234194.0,234194.0,"One-time"
"CUST3386",1,1.0,20440.0,20440.0,"One-time"
"CUST3387",2,4.0,71629.0,35814.5,"Repeat"
"CUST3390",2,8.0,124294.0,62147.0,"Repeat"
"CUST3391",1,2.0,56573.0,56573.0,"One-time"
"CUST3393",1,3.0,145509.0,145509.0,"One-time"
"CUST3394",1,1.0,42223.0,42223.0,"One-time"
"CUST3395",4,14.0,164203.0,41050.75,"Repeat"
"CUST3396",1,2.0,94886.0,94886.0,"One-time"
"CUST3397",2,7.0,81409.0,40704.5,"Repeat"
"CUST3398",2,6.0,130154.0,65077.0,"Repeat"
"CUST3399",1,3.0,32431.0,32431.0,"One-time"
"CUST3400",2,4.0,75795.0,37897.5,"Repeat"
"CUST3401",4,14.0,321358.0,80339.5,"Repeat"
"CUST3402",2,4.0,97587.0,48793.5,"Repeat"
"CUST3403",4,15.0,370630.0,92657.5,"Repeat"
"CUST3404",1,5.0,185971.0,185971.0,"One-time"
"CUST3405",2,5.0,86776.0,43388.0,"Repeat"
"CUST3406",4,15.0,476425.0,119106.25,"Repeat"
"CUST3408",1,1.0,17200.0,17200.0,"One-time"
"CUST3409",2,9.0,267184.0,133592.0,"Repeat"
"CUST3410",2,3.0,48630.0,24315.0,"Repeat"
"CUST3411",3,6.0,233223.0,77741.0,"Repeat"
"CUST3412",3,12.0,182908.0,60969.33,"Repeat"
"CUST3414",1,2.0,67410.0,67410.0,"One-time"
"CUST3415",2,6.0,172231.0,86115.5,"Repeat"
"CUST3416",1,1.0,47692.0,47692.0,"One-time"
"CUST3417",1,2.0,150.0,150.0,"One-time"
"CUST3422",2,4.0,43441.0,21720.5,"Repeat"
"CUST3423",3,11.0,320097.0,106699.0,"Repeat"
"CUST3424",2,6.0,181646.0,90823.0,"Repeat"
"CUST3425",3,12.0,277198.0,92399.33,"Repeat"
"CUST3426",2,4.0,95115.0,47557.5,"Repeat"
"CUST3427",2,6.0,50082.0,25041.0,"Repeat"
"CUST3429",2,6.0,220745.0,110372.5,"Repeat"
"CUST3430",2,6.0,104520.0,52260.0,"Repeat"
"CUST3431",2,5.0,116934.0,58467.0,"Repeat"
"CUST3432",1,1.0,21747.0,21747.0,"One-time"
"CUST3433",3,11.0,109359.0,36453.0,"Repeat"
"CUST3434",2,4.0,26602.0,13301.0,"Repeat"
"CUST3435",3,12.0,203965.0,67988.33,"Repeat"
"CUST3436",1,4.0,37407.0,37407.0,"One-time"
"CUST3437",1,1.0,39388.0,39388.0,"One-time"
"CUST3438",1,4.0,141508.0,141508.0,"One-time"
"CUST3439",3,10.0,133125.0,44375.0,"Repeat"
"CUST3440",3,9.0,185295.0,61765.0,"Repeat"
"CUST3441",2,3.0,75958.0,37979.0,"Repeat"
"CUST3442",1,2.0,29166.0,29166.0,"One-time"
"CUST3443",1,4.0,53364.0,53364.0,"One-time"
"CUST3444",3,9.0,132333.0,44111.0,"Repeat"
"CUST3445",4,10.0,320028.0,80007.0,"Repeat"
"CUST3447",1,4.0,130311.0,130311.0,"One-time"
"CUST3448",2,5.0,62246.0,31123.0,"Repeat"
"CUST3449",3,4.0,140177.0,46725.67,"Repeat"
"CUST3450",1,4.0,171377.0,171377.0,"One-time"
"CUST3451",1,2.0,9176.0,9176.0,"One-time"
"CUST3452",5,13.0,466601.0,93320.2,"Repeat"
"CUST3453",2,7.0,104544.0,52272.0,"Repeat"
"CUST3456",1,5.0,250.0,250.0,"One-time"
"CUST3457",1,1.0,17890.0,17890.0,"One-time"
"CUST3458",2,3.0,110912.0,55456.0,"Repeat"
"CUST3459",1,5.0,54392.0,54392.0,"One-time"
"CUST3460",1,4.0,70316.0,70316.0,"One-time"
"CUST3461",2,10.0,120552.0,60276.0,"Repeat"
"CUST3462",2,6.0,91312.0,45656.0,"Repeat"
"CUST3463",2,8.0,146855.0,73427.5,"Repeat"
"CUST3464",4,12.0,417192.0,104298.0,"Repeat"
"CUST3465",3,12.0,388714.0,129571.33,"Repeat"
"CUST3466",3,8.0,256229.0,85409.67,"Repeat"
"CUST3467",2,6.0,91774.0,45887.0,"Repeat"
"CUST3468",2,6.0,148828.0,74414.0,"Repeat"
"CUST3469",2,5.0,203774.0,101887.0,"Repeat"
"CUST3471",1,4.0,129477.0,129477.0,"One-time"
"CUST3472",2,10.0,383887.0,191943.5,"Repeat"
"CUST3473",3,14.0,338731.0,112910.33,"Repeat"
"CUST3474",3,6.0,178510.0,59503.33,"Repeat"
"CUST3476",1,5.0,141463.0,141463.0,"One-time"
"CUST3477",2,5.0,73999.0,36999.5,"Repeat"
"CUST3479",4,15.0,184548.0,46137.0,"Repeat"
"CUST3480",2,10.0,500.0,250.0,"Repeat"
"CUST3481",3,11.0,250876.0,83625.33,"Repeat"
"CUST3482",1,4.0,87524.0,87524.0,"One-time"
"CUST3483",1,5.0,161320.0,161320.0,"One-time"
"CUST3484",2,6.0,37903.0,18951.5,"Repeat"
"CUST3485",1,1.0,48062.0,48062.0,"One-time"
"CUST3486",3,7.0,221091.0,73697.0,"Repeat"
"CUST3487",3,4.0,144093.0,48031.0,"Repeat"
"CUST3488",2,6.0,157421.0,78710.5,"Repeat"
"CUST3489",2,3.0,105852.0,52926.0,"Repeat"
"CUST3490",4,12.0,59956.0,14989.0,"Repeat"
"CUST3491",1,1.0,47866.0,47866.0,"One-time"
"CUST3493",2,5.0,82609.0,41304.5,"Repeat"
"CUST3494",2,6.0,181530.0,90765.0,"Repeat"
"CUST3496",2,5.0,200048.0,100024.0,"Repeat"
"CUST3497",1,2.0,35437.0,35437.0,"One-time"
"CUST3499",1,4.0,200.0,200.0,"One-time"
"CUST3500",3,7.0,190411.0,63470.33,"Repeat"
"CUST3502",1,1.0,31092.0,31092.0,"One-time"
"CUST3503",3,9.0,202519.0,67506.33,"Repeat"
"CUST3504",6,20.0,372258.0,62043.0,"Repeat"
"CUST3505",2,6.0,108348.0,54174.0,"Repeat"
"CUST3506",1,2.0,54581.0,54581.0,"One-time"
"CUST3509",4,15.0,326172.0,81543.0,"Repeat"
"CUST3510",1,3.0,5886.0,5886.0,"One-time"
"CUST3511",1,5.0,128494.0,128494.0,"One-time"
"CUST3512",1,1.0,4542.0,4542.0,"One-time"
"CUST3513",1,4.0,141236.0,141236.0,"One-time"
"CUST3514",4,11.0,81855.0,20463.75,"Repeat"
"CUST3515",1,2.0,32710.0,32710.0,"One-time"
"CUST3516",1,4.0,76309.0,76309.0,"One-time"
"CUST3517",1,5.0,136310.0,136310.0,"One-time"
"CUST3518",1,1.0,38268.0,38268.0,"One-time"
"CUST3519",3,7.0,283916.0,94638.67,"Repeat"
"CUST3520",1,1.0,21992.0,21992.0,"One-time"
"CUST3521",1,1.0,125.0,125.0,"One-time"
"CUST3522",2,6.0,168113.0,84056.5,"Repeat"
"CUST3525",3,5.0,126746.0,42248.67,"Repeat"
"CUST3526",2,4.0,300.0,150.0,"Repeat"
"CUST3527",2,5.0,149791.0,74895.5,"Repeat"
"CUST3528",1,5.0,227262.0,227262.0,"One-time"
"CUST3529",5,16.0,167178.0,33435.6,"Repeat"
"CUST3530",3,10.0,145673.0,48557.67,"Repeat"
"CUST3531",2,6.0,145344.0,72672.0,"Repeat"
"CUST3532",4,12.0,309226.0,77306.5,"Repeat"
"CUST3534",2,6.0,61862.0,30931.0,"Repeat"
"CUST3535",1,5.0,33543.0,33543.0,"One-time"
"CUST3537",2,8.0,17074.0,8537.0,"Repeat"
"CUST3538",2,5.0,144251.0,72125.5,"Repeat"
"CUST3539",2,3.0,69670.0,34835.0,"Repeat"
"CUST3542",1,5.0,4563.0,4563.0,"One-time"
"CUST3543",4,12.0,237700.0,59425.0,"Repeat"
"CUST3544",1,3.0,50546.0,50546.0,"One-time"
"CUST3545",3,7.0,193455.0,64485.0,"Repeat"
"CUST3546",2,4.0,110123.0,55061.5,"Repeat"
"CUST3547",2,4.0,50867.0,25433.5,"Repeat"
"CUST3548",4,7.0,114902.0,28725.5,"Repeat"
"CUST3549",1,4.0,177314.0,177314.0,"One-time"
"CUST3550",1,4.0,64687.0,64687.0,"One-time"
"CUST3552",3,8.0,62011.0,20670.33,"Repeat"
"CUST3553",2,5.0,47754.0,23877.0,"Repeat"
"CUST3554",1,1.0,3333.0,3333.0,"One-time"
"CUST3555",1,5.0,250.0,250.0,"One-time"
"CUST3556",2,6.0,189997.0,94998.5,"Repeat"
"CUST3557",3,6.0,223477.0,74492.33,"Repeat"
"CUST3559",2,4.0,167583.0,83791.5,"Repeat"
"CUST3560",2,7.0,125527.0,62763.5,"Repeat"
"CUST3562",1,4.0,73944.0,73944.0,"One-time"
"CUST3564",2,7.0,87166.0,43583.0,"Repeat"
"CUST3565",4,12.0,294481.0,73620.25,"Repeat"
"CUST3566",2,3.0,106317.0,53158.5,"Repeat"
"CUST3567",3,11.0,265906.0,88635.33,"Repeat"
"CUST3568",3,8.0,94031.0,31343.67,"Repeat"
"CUST3569",2,10.0,263309.0,131654.5,"Repeat"
"CUST3570",2,9.0,162091.0,81045.5,"Repeat"
"CUST3571",3,8.0,100438.0,33479.33,"Repeat"
"CUST3572",3,12.0,278192.0,92730.67,"Repeat"
"CUST3573",1,4.0,80020.0,80020.0,"One-time"
"CUST3574",1,5.0,197365.0,197365.0,"One-time"
"CUST3577",3,13.0,275231.0,91743.67,"Repeat"
"CUST3578",2,5.0,84533.0,42266.5,"Repeat"
"CUST3579",1,5.0,4099.0,4099.0,"One-time"
"CUST3581",1,3.0,142849.0,142849.0,"One-time"
"CUST3584",1,5.0,138208.0,138208.0,"One-time"
"CUST3587",2,5.0,325.0,162.5,"Repeat"
"CUST3590",1,3.0,136793.0,136793.0,"One-time"
"CUST3591",1,5.0,32053.0,32053.0,"One-time"
"CUST3592",1,1.0,26879.0,26879.0,"One-time"
"CUST3593",2,2.0,66679.0,33339.5,"Repeat"
"CUST3595",3,7.0,235898.0,78632.67,"Repeat"
"CUST3596",1,2.0,82236.0,82236.0,"One-time"
"CUST3597",1,5.0,115428.0,115428.0,"One-time"
"CUST3598",2,5.0,132357.0,66178.5,"Repeat"
"CUST3600",2,9.0,271068.0,135534.0,"Repeat"
"CUST3601",1,3.0,43497.0,43497.0,"One-time"
"CUST3603",1,2.0,27820.0,27820.0,"One-time"
"CUST3604",1,2.0,59387.0,59387.0,"One-time"
"CUST3605",1,4.0,99825.0,99825.0,"One-time"
"CUST3606",2,10.0,206139.0,103069.5,"Repeat"
"CUST3607",1,1.0,125.0,125.0,"One-time"
"CUST3608",4,9.0,100605.0,25151.25,"Repeat"
"CUST3612",3,7.0,155154.0,51718.0,"Repeat"
"CUST3613",1,1.0,29404.0,29404.0,"One-time"
"CUST3615",1,5.0,74070.0,74070.0,"One-time"
"CUST3616",2,4.0,83933.0,41966.5,"Repeat"
"CUST3619",1,4.0,49930.0,49930.0,"One-time"
"CUST3620",1,4.0,189100.0,189100.0,"One-time"
"CUST3621",4,13.0,297274.0,74318.5,"Repeat"
"CUST3622",3,8.0,231357.0,77119.0,"Repeat"
"CUST3623",2,8.0,59203.0,29601.5,"Repeat"
"CUST3624",1,4.0,130742.0,130742.0,"One-time"
"CUST3626",3,9.0,214965.0,71655.0,"Repeat"
"CUST3629",3,9.0,91956.0,30652.0,"Repeat"
"CUST3630",1,1.0,125.0,125.0,"One-time"
"CUST3631",2,5.0,149612.0,74806.0,"Repeat"
"CUST3632",3,10.0,344084.0,114694.67,"Repeat"
"CUST3633",1,4.0,102288.0,102288.0,"One-time"
"CUST3634",2,4.0,106884.0,53442.0,"Repeat"
"CUST3635",2,4.0,154030.0,77015.0,"Repeat"
"CUST3637",5,23.0,524772.0,104954.4,"Repeat"
"CUST3638",2,5.0,228281.0,114140.5,"Repeat"
"CUST3640",1,5.0,103803.0,103803.0,"One-time"
"CUST3641",3,8.0,305239.0,101746.33,"Repeat"
"CUST3642",1,1.0,3307.0,3307.0,"One-time"
"CUST3643",1,2.0,6606.0,6606.0,"One-time"
"CUST3644",3,8.0,143718.0,47906.0,"Repeat"
"CUST3645",2,3.0,114400.0,57200.0,"Repeat"
"CUST3647",1,4.0,147633.0,147633.0,"One-time"
"CUST3648",2,3.0,78417.0,39208.5,"Repeat"
"CUST3649",4,12.0,314713.0,78678.25,"Repeat"
"CUST3650",3,10.0,170747.0,56915.67,"Repeat"
"CUST3651",1,1.0,46779.0,46779.0,"One-time"
"CUST3652",1,5.0,232287.0,232287.0,"One-time"
"CUST3653",1,1.0,26001.0,26001.0,"One-time"
"CUST3654",1,4.0,200.0,200.0,"One-time"
"CUST3656",1,1.0,32384.0,32384.0,"One-time"
"CUST3658",4,13.0,269447.0,67361.75,"Repeat"
"CUST3659",1,1.0,36722.0,36722.0,"One-time"
"CUST3661",1,2.0,11697.0,11697.0,"One-time"
"CUST3662",4,11.0,138813.0,34703.25,"Repeat"
"CUST3666",3,10.0,237964.0,79321.33,"Repeat"
"CUST3667",3,9.0,238035.0,79345.0,"Repeat"
"CUST3668",2,6.0,230336.0,115168.0,"Repeat"
"CUST3669",2,7.0,79314.0,39657.0,"Repeat"
"CUST3671",1,3.0,30167.0,30167.0,"One-time"
"CUST3672",1,3.0,103675.0,103675.0,"One-time"
"CUST3673",2,9.0,84180.0,42090.0,"Repeat"
"CUST3674",1,1.0,125.0,125.0,"One-time"
"CUST3676",2,3.0,18795.0,9397.5,"Repeat"
"CUST3678",1,2.0,80505.0,80505.0,"One-time"
"CUST3679",1,1.0,31090.0,31090.0,"One-time"
"CUST3680",2,7.0,3647.0,1823.5,"Repeat"
"CUST3681",1,3.0,138312.0,138312.0,"One-time"
"CUST3682",1,1.0,125.0,125.0,"One-time"
"CUST3683",1,1.0,26475.0,26475.0,"One-time"
"CUST3684",2,3.0,103039.0,51519.5,"Repeat"
"CUST3686",2,8.0,154947.0,77473.5,"Repeat"
"CUST3687",1,5.0,164672.0,164672.0,"One-time"
"CUST3688",3,14.0,344845.0,114948.33,"Repeat"
"CUST3689",3,11.0,129281.0,43093.67,"Repeat"
"CUST3690",4,14.0,247517.0,61879.25,"Repeat"
"CUST3691",3,10.0,218401.0,72800.33,"Repeat"
"CUST3692",3,11.0,86797.0,28932.33,"Repeat"
"CUST3693",2,5.0,9106.0,4553.0,"Repeat"
"CUST3694",2,3.0,55568.0,27784.0,"Repeat"
"CUST3695",1,4.0,76191.0,76191.0,"One-time"
"CUST3696",3,7.0,90662.0,30220.67,"Repeat"
"CUST3697",1,4.0,56609.0,56609.0,"One-time"
"CUST3698",3,8.0,83407.0,27802.33,"Repeat"
"CUST3699",1,1.0,4853.0,4853.0,"One-time"
"CUST3700",4,14.0,399296.0,99824.0,"Repeat"
"CUST3701",3,8.0,234774.0,78258.0,"Repeat"
"CUST3702",2,6.0,14804.0,7402.0,"Repeat"
"CUST3703",1,4.0,136153.0,136153.0,"One-time"
"CUST3704",2,3.0,91645.0,45822.5,"Repeat"
"CUST3705",4,15.0,268676.0,67169.0,"Repeat"
"CUST3707",2,6.0,220815.0,110407.5,"Repeat"
"CUST3708",1,2.0,150.0,150.0,"One-time"
"CUST3710",1,1.0,47458.0,47458.0,"One-time"
"CUST3712",3,10.0,95128.0,31709.33,"Repeat"
"CUST3713",6,24.0,535519.0,89253.17,"Repeat"
"CUST3714",2,9.0,282593.0,141296.5,"Repeat"
"CUST3715",1,3.0,175.0,175.0,"One-time"
"CUST3717",3,7.0,241504.0,80501.33,"Repeat"
"CUST3718",3,9.0,245745.0,81915.0,"Repeat"
"CUST3719",3,11.0,319391.0,106463.67,"Repeat"
"CUST3720",1,5.0,9339.0,9339.0,"One-time"
"CUST3724",1,2.0,16596.0,16596.0,"One-time"
"CUST3725",1,3.0,130353.0,130353.0,"One-time"
"CUST3726",1,2.0,20523.0,20523.0,"One-time"
"CUST3727",1,1.0,28972.0,28972.0,"One-time"
"CUST3728",1,3.0,175.0,175.0,"One-time"
"CUST3729",1,5.0,250.0,250.0,"One-time"
"CUST3731",1,3.0,35625.0,35625.0,"One-time"
"CUST3732",3,10.0,325405.0,108468.33,"Repeat"
"CUST3733",5,15.0,316537.0,63307.4,"Repeat"
"CUST3734",2,9.0,233483.0,116741.5,"Repeat"
"CUST3735",1,4.0,84266.0,84266.0,"One-time"
"CUST3736",2,4.0,60687.0,30343.5,"Repeat"
"CUST3738",2,2.0,39095.0,19547.5,"Repeat"
"CUST3740",3,8.0,61274.0,20424.67,"Repeat"
"CUST3741",3,11.0,271168.0,90389.33,"Repeat"
"CUST3742",3,5.0,124962.0,41654.0,"Repeat"
"CUST3744",2,4.0,121370.0,60685.0,"Repeat"
"CUST3745",1,5.0,216895.0,216895.0,"One-time"
"CUST3746",1,4.0,5123.0,5123.0,"One-time"
"CUST3747",1,3.0,9333.0,9333.0,"One-time"
"CUST3749",5,17.0,254812.0,50962.4,"Repeat"
"CUST3750",2,6.0,153030.0,76515.0,"Repeat"
"CUST3751",2,2.0,44025.0,22012.5,"Repeat"
"CUST3753",2,5.0,45482.0,22741.0,"Repeat"
"CUST3754",2,8.0,171901.0,85950.5,"Repeat"
"CUST3755",4,9.0,82657.0,20664.25,"Repeat"
"CUST3756",1,4.0,55342.0,55342.0,"One-time"
"CUST3757",3,7.0,50048.0,16682.67,"Repeat"
"CUST3762",1,2.0,65923.0,65923.0,"One-time"
"CUST3763",2,5.0,110797.0,55398.5,"Repeat"
"CUST3764",1,1.0,23129.0,23129.0,"One-time"
"CUST3765",3,4.0,67896.0,22632.0,"Repeat"
"CUST3766",1,1.0,36810.0,36810.0,"One-time"
"CUST3767",1,4.0,131995.0,131995.0,"One-time"
"CUST3768",3,8.0,187698.0,62566.0,"Repeat"
"CUST3769",1,4.0,3978.0,3978.0,"One-time"
"CUST3770",1,1.0,24660.0,24660.0,"One-time"
"CUST3771",4,5.0,120488.0,30122.0,"Repeat"
"CUST3772",1,2.0,32227.0,32227.0,"One-time"
"CUST3774",2,4.0,57639.0,28819.5,"Repeat"
"CUST3775",1,2.0,56990.0,56990.0,"One-time"
"CUST3776",3,8.0,250246.0,83415.33,"Repeat"
"CUST3777",2,4.0,46362.0,23181.0,"Repeat"
"CUST3778",1,5.0,239889.0,239889.0,"One-time"
"CUST3779",2,5.0,65452.0,32726.0,"Repeat"
"CUST3780",3,5.0,115611.0,38537.0,"Repeat"
"CUST3781",3,10.0,98348.0,32782.67,"Repeat"
"CUST3782",2,7.0,102732.0,51366.0,"Repeat"
"CUST3783",1,5.0,11240.0,11240.0,"One-time"
"CUST3784",2,5.0,91637.0,45818.5,"Repeat"
"CUST3785",1,2.0,70709.0,70709.0,"One-time"
"CUST3786",2,7.0,124950.0,62475.0,"Repeat"
"CUST3787",2,7.0,149417.0,74708.5,"Repeat"
"CUST3788",2,6.0,138668.0,69334.0,"Repeat"
"CUST3789",1,4.0,27040.0,27040.0,"One-time"
"CUST3790",2,7.0,180986.0,90493.0,"Repeat"
"CUST3791",4,14.0,325802.0,81450.5,"Repeat"
"CUST3792",3,10.0,312913.0,104304.33,"Repeat"
"CUST3793",2,2.0,14243.0,7121.5,"Repeat"
"CUST3794",3,8.0,134203.0,44734.33,"Repeat"
"CUST3795",4,8.0,76940.0,19235.0,"Repeat"
"CUST3797",3,12.0,221712.0,73904.0,"Repeat"
"CUST3798",1,2.0,14906.0,14906.0,"One-time"
"CUST3799",1,2.0,38116.0,38116.0,"One-time"
"CUST3800",1,2.0,19229.0,19229.0,"One-time"
"CUST3801",1,3.0,71309.0,71309.0,"One-time"
"CUST3803",2,8.0,86856.0,43428.0,"Repeat"
"CUST3806",4,12.0,170197.0,42549.25,"Repeat"
"CUST3807",5,19.0,565517.0,113103.4,"Repeat"
"CUST3808",1,5.0,35839.0,35839.0,"One-time"
"CUST3809",2,7.0,93553.0,46776.5,"Repeat"
"CUST3810",2,2.0,57750.0,28875.0,"Repeat"
"CUST3811",3,9.0,260293.0,86764.33,"Repeat"
"CUST3813",2,9.0,74570.0,37285.0,"Repeat"
"CUST3814",2,10.0,134912.0,67456.0,"Repeat"
"CUST3815",3,9.0,116537.0,38845.67,"Repeat"
"CUST3817",1,3.0,84951.0,84951.0,"One-time"
"CUST3818",2,6.0,144304.0,72152.0,"Repeat"
"CUST3820",2,6.0,54806.0,27403.0,"Repeat"
"CUST3821",1,1.0,34824.0,34824.0,"One-time"
"CUST3822",2,6.0,156479.0,78239.5,"Repeat"
"CUST3824",4,14.0,225586.0,56396.5,"Repeat"
"CUST3825",3,9.0,176017.0,58672.33,"Repeat"
"CUST3826",3,10.0,101136.0,33712.0,"Repeat"
"CUST3828",2,9.0,127437.0,63718.5,"Repeat"
"CUST3829",2,2.0,69320.0,34660.0,"Repeat"
"CUST3830",1,2.0,79521.0,79521.0,"One-time"
"CUST3831",1,4.0,47083.0,47083.0,"One-time"
"CUST3832",1,1.0,28010.0,28010.0,"One-time"
"CUST3833",3,9.0,169893.0,56631.0,"Repeat"
"CUST3834",1,4.0,61695.0,61695.0,"One-time"
"CUST3835",4,14.0,331536.0,82884.0,"Repeat"
"CUST3836",2,9.0,168262.0,84131.0,"Repeat"
"CUST3837",3,7.0,147217.0,49072.33,"Repeat"
"CUST3839",3,9.0,62451.0,20817.0,"Repeat"
"CUST3841",1,2.0,43450.0,43450.0,"One-time"
"CUST3842",1,4.0,9548.0,9548.0,"One-time"
"CUST3843",1,4.0,1652.0,1652.0,"One-time"
"CUST3844",1,5.0,96741.0,96741.0,"One-time"
"CUST3845",2,10.0,303956.0,151978.0,"Repeat"
"CUST3846",3,5.0,120915.0,40305.0,"Repeat"
"CUST3847",3,6.0,154276.0,51425.33,"Repeat"
"CUST3848",2,10.0,188080.0,94040.0,"Repeat"
"CUST3849",1,5.0,235319.0,235319.0,"One-time"
"CUST3850",1,3.0,110438.0,110438.0,"One-time"
"CUST3851",4,11.0,318723.0,79680.75,"Repeat"
"CUST3853",5,13.0,316937.0,63387.4,"Repeat"
"CUST3855",3,7.0,296860.0,98953.33,"Repeat"
"CUST3857",2,3.0,21527.0,10763.5,"Repeat"
"CUST3858",1,4.0,180122.0,180122.0,"One-time"
"CUST3859",3,5.0,146853.0,48951.0,"Repeat"
"CUST3860",2,2.0,35193.0,17596.5,"Repeat"
"CUST3861",3,8.0,121766.0,40588.67,"Repeat"
"CUST3864",2,6.0,116424.0,58212.0,"Repeat"
"CUST3865",2,3.0,683.0,341.5,"Repeat"
"CUST3866",2,5.0,71353.0,35676.5,"Repeat"
"CUST3867",3,10.0,237167.0,79055.67,"Repeat"
"CUST3868",3,10.0,123387.0,41129.0,"Repeat"
"CUST3869",1,3.0,41708.0,41708.0,"One-time"
"CUST3870",1,2.0,70271.0,70271.0,"One-time"
"CUST3871",2,4.0,93623.0,46811.5,"Repeat"
"CUST3872",3,10.0,189817.0,63272.33,"Repeat"
"CUST3874",1,1.0,4306.0,4306.0,"One-time"
"CUST3877",2,8.0,175162.0,87581.0,"Repeat"
"CUST3879",4,12.0,235726.0,58931.5,"Repeat"
"CUST3880",2,4.0,146534.0,73267.0,"Repeat"
"CUST3881",2,5.0,111645.0,55822.5,"Repeat"
"CUST3882",5,7.0,56980.0,11396.0,"Repeat"
"CUST3883",1,3.0,175.0,175.0,"One-time"
"CUST3884",3,8.0,98138.0,32712.67,"Repeat"
"CUST3886",2,6.0,130463.0,65231.5,"Repeat"
"CUST3887",1,2.0,31622.0,31622.0,"One-time"
"CUST3888",3,7.0,88914.0,29638.0,"Repeat"
"CUST3889",1,5.0,241399.0,241399.0,"One-time"
"CUST3892",2,6.0,86635.0,43317.5,"Repeat"
"CUST3893",2,5.0,168544.0,84272.0,"Repeat"
"CUST3894",1,3.0,80277.0,80277.0,"One-time"
"CUST3895",1,5.0,95689.0,95689.0,"One-time"
"CUST3896",1,3.0,115963.0,115963.0,"One-time"
"CUST3897",1,3.0,81161.0,81161.0,"One-time"
"CUST3898",5,16.0,189253.0,37850.6,"Repeat"
"CUST3899",1,2.0,73492.0,73492.0,"One-time"
"CUST3900",3,8.0,339915.0,113305.0,"Repeat"
"CUST3901",1,1.0,26672.0,26672.0,"One-time"
"CUST3902",2,7.0,179170.0,89585.0,"Repeat"
"CUST3903",2,6.0,179296.0,89648.0,"Repeat"
"CUST3904",1,5.0,250.0,250.0,"One-time"
"CUST3905",1,1.0,23833.0,23833.0,"One-time"
"CUST3906",2,5.0,16644.0,8322.0,"Repeat"
"CUST3908",3,8.0,100616.0,33538.67,"Repeat"
"CUST3910",2,5.0,140817.0,70408.5,"Repeat"
"CUST3911",3,9.0,90183.0,30061.0,"Repeat"
"CUST3912",2,8.0,26726.0,13363.0,"Repeat"
"CUST3913",3,8.0,135101.0,45033.67,"Repeat"
"CUST3914",1,3.0,120585.0,120585.0,"One-time"
"CUST3915",1,2.0,150.0,150.0,"One-time"
"CUST3916",3,6.0,37773.0,12591.0,"Repeat"
"CUST3917",3,14.0,47126.0,15708.67,"Repeat"
"CUST3918",2,6.0,37051.0,18525.5,"Repeat"
"CUST3919",3,5.0,142012.0,47337.33,"Repeat"
"CUST3920",3,7.0,148884.0,49628.0,"Repeat"
"CUST3921",2,9.0,450.0,225.0,"Repeat"
"CUST3922",1,1.0,23818.0,23818.0,"One-time"
"CUST3923",1,3.0,101589.0,101589.0,"One-time"
"CUST3924",2,3.0,103752.0,51876.0,"Repeat"
"CUST3925",3,12.0,394992.0,131664.0,"Repeat"
"CUST3926",1,4.0,16634.0,16634.0,"One-time"
"CUST3927",1,1.0,41653.0,41653.0,"One-time"
"CUST3928",2,6.0,275829.0,137914.5,"Repeat"
"CUST3929",2,6.0,189203.0,94601.5,"Repeat"
"CUST3930",2,5.0,238430.0,119215.0,"Repeat"
"CUST3931",3,10.0,251145.0,83715.0,"Repeat"
"CUST3933",1,2.0,32860.0,32860.0,"One-time"
"CUST3934",2,9.0,194039.0,97019.5,"Repeat"
"CUST3935",2,6.0,90538.0,45269.0,"Repeat"
"CUST3939",1,4.0,133371.0,133371.0,"One-time"
"CUST3940",1,1.0,392.0,392.0,"One-time"
"CUST3942",4,9.0,256536.0,64134.0,"Repeat"
"CUST3943",2,10.0,500.0,250.0,"Repeat"
"CUST3944",2,9.0,219610.0,109805.0,"Repeat"
"CUST3945",3,14.0,376984.0,125661.33,"Repeat"
"CUST3947",3,8.0,112627.0,37542.33,"Repeat"
"CUST3948",1,2.0,96582.0,96582.0,"One-time"
"CUST3950",5,14.0,372471.0,74494.2,"Repeat"
"CUST3952",1,4.0,174004.0,174004.0,"One-time"
"CUST3953",3,12.0,159783.0,53261.0,"Repeat"
"CUST3955",2,9.0,83340.0,41670.0,"Repeat"
"CUST3956",5,13.0,139770.0,27954.0,"Repeat"
"CUST3957",2,6.0,60258.0,30129.0,"Repeat"
"CUST3958",2,4.0,45172.0,22586.0,"Repeat"
"CUST3959",2,7.0,243954.0,121977.0,"Repeat"
"CUST3962",3,12.0,331244.0,110414.67,"Repeat"
"CUST3963",1,4.0,53544.0,53544.0,"One-time"
"CUST3964",3,10.0,182210.0,60736.67,"Repeat"
"CUST3965",3,12.0,191474.0,63824.67,"Repeat"
"CUST3966",2,9.0,272337.0,136168.5,"Repeat"
"CUST3967",2,7.0,228800.0,114400.0,"Repeat"
"CUST3968",1,4.0,153370.0,153370.0,"One-time"
"CUST3969",2,10.0,337409.0,168704.5,"Repeat"
"CUST3970",4,16.0,553438.0,138359.5,"Repeat"
"CUST3971",3,12.0,114320.0,38106.67,"Repeat"
"CUST3972",1,4.0,200.0,200.0,"One-time"
"CUST3973",2,4.0,105447.0,52723.5,"Repeat"
"CUST3974",1,4.0,37444.0,37444.0,"One-time"
"CUST3975",2,5.0,134267.0,67133.5,"Repeat"
"CUST3977",1,2.0,62619.0,62619.0,"One-time"
"CUST3978",1,1.0,24759.0,24759.0,"One-time"
"CUST3979",1,5.0,172342.0,172342.0,"One-time"
"CUST3980",4,12.0,321136.0,80284.0,"Repeat"
"CUST3981",4,12.0,354078.0,88519.5,"Repeat"
"CUST3982",2,8.0,46561.0,23280.5,"Repeat"
"CUST3983",1,4.0,170271.0,170271.0,"One-time"
"CUST3984",1,2.0,63488.0,63488.0,"One-time"
"CUST3985",1,2.0,55394.0,55394.0,"One-time"
"CUST3986",1,3.0,41963.0,41963.0,"One-time"
"CUST3987",2,6.0,152157.0,76078.5,"Repeat"
"CUST3988",2,2.0,28670.0,14335.0,"Repeat"
"CUST3989",1,1.0,22283.0,22283.0,"One-time"
"CUST3990",3,4.0,98247.0,32749.0,"Repeat"
"CUST3991",2,3.0,39760.0,19880.0,"Repeat"
"CUST3992",5,13.0,215167.0,43033.4,"Repeat"
"CUST3993",2,6.0,163025.0,81512.5,"Repeat"
"CUST3994",1,2.0,53127.0,53127.0,"One-time"
"CUST3995",1,2.0,89999.0,89999.0,"One-time"
"CUST3996",4,15.0,268655.0,67163.75,"Repeat"
"CUST3997",3,9.0,266467.0,88822.33,"Repeat"
"CUST3998",3,7.0,40473.0,13491.0,"Repeat"
"CUST3999",5,14.0,333745.0,66749.0,"Repeat"
"CUST4000",2,3.0,40566.0,20283.0,"Repeat"
"CUST4001",1,1.0,125.0,125.0,"One-time"
"CUST4002",1,3.0,61942.0,61942.0,"One-time"
"CUST4004",3,7.0,118897.0,39632.33,"Repeat"
"CUST4006",2,7.0,156935.0,78467.5,"Repeat"
"CUST4007",3,14.0,229579.0,76526.33,"Repeat"
"CUST4009",3,10.0,363814.0,121271.33,"Repeat"
"CUST4011",3,12.0,448893.0,149631.0,"Repeat"
"CUST4012",2,4.0,100310.0,50155.0,"Repeat"
"CUST4013",2,4.0,55617.0,27808.5,"Repeat"
"CUST4014",2,5.0,16922.0,8461.0,"Repeat"
"CUST4015",1,3.0,25888.0,25888.0,"One-time"
"CUST4016",1,3.0,10731.0,10731.0,"One-time"
"CUST4017",2,8.0,35527.0,17763.5,"Repeat"
"CUST4019",2,6.0,253545.0,126772.5,"Repeat"
"CUST4020",3,6.0,142857.0,47619.0,"Repeat"
"CUST4021",2,7.0,32555.0,16277.5,"Repeat"
"CUST4022",2,7.0,243560.0,121780.0,"Repeat"
"CUST4024",1,2.0,79717.0,79717.0,"One-time"
"CUST4025",2,6.0,209957.0,104978.5,"Repeat"
"CUST4026",1,1.0,125.0,125.0,"One-time"
"CUST4027",3,8.0,189963.0,63321.0,"Repeat"
"CUST4028",2,6.0,190159.0,95079.5,"Repeat"
"CUST4029",1,3.0,25728.0,25728.0,"One-time"
"CUST4030",2,6.0,54734.0,27367.0,"Repeat"
"CUST4031",1,1.0,2829.0,2829.0,"One-time"
"CUST4032",6,19.0,458393.0,76398.83,"Repeat"
"CUST4036",1,4.0,70053.0,70053.0,"One-time"
"CUST4037",1,4.0,54078.0,54078.0,"One-time"
"CUST4038",2,6.0,217178.0,108589.0,"Repeat"
"CUST4039",2,2.0,29420.0,14710.0,"Repeat"
"CUST4040",1,1.0,125.0,125.0,"One-time"
"CUST4041",2,8.0,267157.0,133578.5,"Repeat"
"CUST4042",1,3.0,5604.0,5604.0,"One-time"
"CUST4043",1,2.0,35839.0,35839.0,"One-time"
"CUST4044",5,18.0,493465.0,98693.0,"Repeat"
"CUST4045",1,1.0,22753.0,22753.0,"One-time"
"CUST4046",4,9.0,273408.0,68352.0,"Repeat"
"CUST4047",2,5.0,198160.0,99080.0,"Repeat"
"CUST4048",3,10.0,151210.0,50403.33,"Repeat"
"CUST4049",4,11.0,165887.0,41471.75,"Repeat"
"CUST4052",2,5.0,102491.0,51245.5,"Repeat"
"CUST4053",5,17.0,532936.0,106587.2,"Repeat"
"CUST4054",2,6.0,180828.0,90414.0,"Repeat"
"CUST4055",3,11.0,333125.0,111041.67,"Repeat"
"CUST4056",1,4.0,37628.0,37628.0,"One-time"
"CUST4057",3,10.0,146268.0,48756.0,"Repeat"
"CUST4058",3,5.0,113806.0,37935.33,"Repeat"
"CUST4059",1,1.0,46975.0,46975.0,"One-time"
"CUST4060",6,19.0,340852.0,56808.67,"Repeat"
"CUST4061",2,8.0,50351.0,25175.5,"Repeat"
"CUST4062",2,8.0,6616.0,3308.0,"Repeat"
"CUST4063",1,1.0,39531.0,39531.0,"One-time"
"CUST4066",2,6.0,205834.0,102917.0,"Repeat"
"CUST4067",2,2.0,29293.0,14646.5,"Repeat"
"CUST4068",1,5.0,149106.0,149106.0,"One-time"
"CUST4069",3,14.0,275880.0,91960.0,"Repeat"
"CUST4070",2,9.0,21629.0,10814.5,"Repeat"
"CUST4072",1,1.0,34134.0,34134.0,"One-time"
"CUST4073",2,4.0,45767.0,22883.5,"Repeat"
"CUST4074",2,4.0,174800.0,87400.0,"Repeat"
"CUST4075",1,1.0,20626.0,20626.0,"One-time"
"CUST4076",1,1.0,17665.0,17665.0,"One-time"
"CUST4077",2,3.0,86995.0,43497.5,"Repeat"
"CUST4078",3,5.0,84829.0,28276.33,"Repeat"
"CUST4079",2,7.0,84742.0,42371.0,"Repeat"
"CUST4080",2,5.0,32252.0,16126.0,"Repeat"
"CUST4081",2,2.0,26009.0,13004.5,"Repeat"
"CUST4083",1,1.0,9702.0,9702.0,"One-time"
"CUST4084",2,5.0,118953.0,59476.5,"Repeat"
"CUST4085",1,4.0,56282.0,56282.0,"One-time"
"CUST4086",3,10.0,202279.0,67426.33,"Repeat"
"CUST4087",2,7.0,198740.0,99370.0,"Repeat"
"CUST4088",1,2.0,73048.0,73048.0,"One-time"
"CUST4089",2,3.0,52444.0,26222.0,"Repeat"
"CUST4090",3,8.0,164721.0,54907.0,"Repeat"
"CUST4091",1,5.0,164620.0,164620.0,"One-time"
"CUST4093",1,4.0,141449.0,141449.0,"One-time"
"CUST4095",2,3.0,50674.0,25337.0,"Repeat"
"CUST4097",2,6.0,145839.0,72919.5,"Repeat"
"CUST4098",3,5.0,157189.0,52396.33,"Repeat"
"CUST4099",1,5.0,23173.0,23173.0,"One-time"
"CUST4100",4,9.0,222573.0,55643.25,"Repeat"
"CUST4101",4,9.0,132343.0,33085.75,"Repeat"
"CUST4102",4,11.0,220497.0,55124.25,"Repeat"
"CUST4103",1,1.0,7697.0,7697.0,"One-time"
"CUST4104",1,1.0,22850.0,22850.0,"One-time"
"CUST4105",2,8.0,113030.0,56515.0,"Repeat"
"CUST4106",2,3.0,90945.0,45472.5,"Repeat"
"CUST4107",2,5.0,143763.0,71881.5,"Repeat"
"CUST4109",1,2.0,58542.0,58542.0,"One-time"
"CUST4110",2,3.0,119956.0,59978.0,"Repeat"
"CUST4112",4,10.0,196388.0,49097.0,"Repeat"
"CUST4113",6,19.0,496290.0,82715.0,"Repeat"
"CUST4115",2,6.0,68563.0,34281.5,"Repeat"
"CUST4116",1,2.0,36791.0,36791.0,"One-time"
"CUST4117",1,3.0,8441.0,8441.0,"One-time"
"CUST4119",2,8.0,314211.0,157105.5,"Repeat"
"CUST4121",2,5.0,141251.0,70625.5,"Repeat"
"CUST4123",1,2.0,5510.0,5510.0,"One-time"
"CUST4124",1,5.0,51806.0,51806.0,"One-time"
"CUST4125",3,13.0,280366.0,93455.33,"Repeat"
"CUST4126",1,1.0,14510.0,14510.0,"One-time"
"CUST4128",4,16.0,496915.0,124228.75,"Repeat"
"CUST4129",1,5.0,90239.0,90239.0,"One-time"
"CUST4130",1,1.0,43884.0,43884.0,"One-time"
"CUST4131",1,4.0,20321.0,20321.0,"One-time"
"CUST4132",2,6.0,98923.0,49461.5,"Repeat"
"CUST4133",3,10.0,272781.0,90927.0,"Repeat"
"CUST4134",1,2.0,150.0,150.0,"One-time"
"CUST4135",2,7.0,28079.0,14039.5,"Repeat"
"CUST4136",1,4.0,110490.0,110490.0,"One-time"
"CUST4139",2,5.0,187735.0,93867.5,"Repeat"
"CUST4140",1,5.0,250.0,250.0,"One-time"
"CUST4141",2,6.0,192437.0,96218.5,"Repeat"
"CUST4142",1,1.0,40542.0,40542.0,"One-time"
"CUST4143",7,19.0,395652.0,56521.71,"Repeat"
"CUST4144",2,7.0,251933.0,125966.5,"Repeat"
"CUST4145",3,10.0,177346.0,59115.33,"Repeat"
"CUST4146",1,5.0,250.0,250.0,"One-time"
"CUST4147",2,7.0,241742.0,120871.0,"Repeat"
"CUST4148",1,1.0,6788.0,6788.0,"One-time"
"CUST4149",2,6.0,160955.0,80477.5,"Repeat"
"CUST4150",3,6.0,60741.0,20247.0,"Repeat"
"CUST4151",3,7.0,118938.0,39646.0,"Repeat"
"CUST4152",2,10.0,218712.0,109356.0,"Repeat"
"CUST4153",1,4.0,12435.0,12435.0,"One-time"
"CUST4154",2,9.0,226981.0,113490.5,"Repeat"
"CUST4155",1,5.0,186064.0,186064.0,"One-time"
"CUST4156",1,2.0,61110.0,61110.0,"One-time"
"CUST4157",2,6.0,119428.0,59714.0,"Repeat"
"CUST4158",1,4.0,118642.0,118642.0,"One-time"
"CUST4160",3,11.0,233298.0,77766.0,"Repeat"
"CUST4162",2,8.0,155971.0,77985.5,"Repeat"
"CUST4163",3,6.0,178830.0,59610.0,"Repeat"
"CUST4166",2,9.0,119200.0,59600.0,"Repeat"
"CUST4167",3,4.0,131432.0,43810.67,"Repeat"
"CUST4168",3,8.0,267517.0,89172.33,"Repeat"
"CUST4169",3,7.0,106593.0,35531.0,"Repeat"
"CUST4170",2,6.0,139955.0,69977.5,"Repeat"
"CUST4171",2,6.0,18918.0,9459.0,"Repeat"
"CUST4172",2,6.0,72049.0,36024.5,"Repeat"
"CUST4173",5,16.0,296188.0,59237.6,"Repeat"
"CUST4174",2,10.0,244091.0,122045.5,"Repeat"
"CUST4175",1,5.0,31469.0,31469.0,"One-time"
"CUST4178",1,2.0,5746.0,5746.0,"One-time"
"CUST4179",1,5.0,87196.0,87196.0,"One-time"
"CUST4180",3,11.0,2825.0,941.67,"Repeat"
"CUST4181",2,3.0,77072.0,38536.0,"Repeat"
"CUST4182",2,6.0,66772.0,33386.0,"Repeat"
"CUST4183",1,4.0,99949.0,99949.0,"One-time"
"CUST4184",1,5.0,7284.0,7284.0,"One-time"
"CUST4185",2,6.0,285671.0,142835.5,"Repeat"
"CUST4187",4,14.0,386944.0,96736.0,"Repeat"
"CUST4188",1,4.0,12118.0,12118.0,"One-time"
"CUST4189",6,14.0,424181.0,70696.83,"Repeat"
"CUST4190",1,4.0,200.0,200.0,"One-time"
"CUST4191",1,4.0,47757.0,47757.0,"One-time"
"CUST4192",2,2.0,18443.0,9221.5,"Repeat"
"CUST4194",3,11.0,228448.0,76149.33,"Repeat"
"CUST4195",2,5.0,153610.0,76805.0,"Repeat"
"CUST4196",4,11.0,126755.0,31688.75,"Repeat"
"CUST4198",2,9.0,259713.0,129856.5,"Repeat"
"CUST4199",3,12.0,372962.0,124320.67,"Repeat"
"CUST4202",1,3.0,107042.0,107042.0,"One-time"
"CUST4203",1,3.0,141667.0,141667.0,"One-time"
"CUST4204",1,3.0,74466.0,74466.0,"One-time"
"CUST4205",5,11.0,318716.0,63743.2,"Repeat"
"CUST4206",2,7.0,185701.0,92850.5,"Repeat"
"CUST4207",5,14.0,198141.0,39628.2,"Repeat"
"CUST4208",1,3.0,97855.0,97855.0,"One-time"
"CUST4209",2,2.0,29067.0,14533.5,"Repeat"
"CUST4210",2,6.0,270120.0,135060.0,"Repeat"
"CUST4211",3,10.0,238978.0,79659.33,"Repeat"
"CUST4215",2,4.0,70029.0,35014.5,"Repeat"
"CUST4217",1,2.0,27159.0,27159.0,"One-time"
"CUST4218",2,8.0,104274.0,52137.0,"Repeat"
"CUST4219",1,5.0,185381.0,185381.0,"One-time"
"CUST4220",4,14.0,377477.0,94369.25,"Repeat"
"CUST4221",3,6.0,84263.0,28087.67,"Repeat"
"CUST4223",2,5.0,83468.0,41734.0,"Repeat"
"CUST4224",2,4.0,180068.0,90034.0,"Repeat"
"CUST4225",1,2.0,76233.0,76233.0,"One-time"
"CUST4226",3,8.0,88617.0,29539.0,"Repeat"
"CUST4227",3,7.0,475.0,158.33,"Repeat"
"CUST4228",2,8.0,201168.0,100584.0,"Repeat"
"CUST4229",1,1.0,45339.0,45339.0,"One-time"
"CUST4230",1,3.0,39563.0,39563.0,"One-time"
"CUST4231",1,1.0,48370.0,48370.0,"One-time"
"CUST4233",2,5.0,129803.0,64901.5,"Repeat"
"CUST4234",3,10.0,331730.0,110576.67,"Repeat"
"CUST4235",2,7.0,197797.0,98898.5,"Repeat"
"CUST4236",1,2.0,74409.0,74409.0,"One-time"
"CUST4237",2,10.0,247471.0,123735.5,"Repeat"
"CUST4238",1,2.0,79045.0,79045.0,"One-time"
"CUST4239",2,7.0,41820.0,20910.0,"Repeat"
"CUST4240",2,5.0,103156.0,51578.0,"Repeat"
"CUST4241",2,7.0,47356.0,23678.0,"Repeat"
"CUST4242",1,4.0,105692.0,105692.0,"One-time"
"CUST4243",3,13.0,273730.0,91243.33,"Repeat"
"CUST4244",1,5.0,76075.0,76075.0,"One-time"
"CUST4245",5,16.0,211474.0,42294.8,"Repeat"
"CUST4247",1,4.0,156434.0,156434.0,"One-time"
"CUST4248",1,4.0,80101.0,80101.0,"One-time"
"CUST4249",2,4.0,96021.0,48010.5,"Repeat"
"CUST4250",2,7.0,46693.0,23346.5,"Repeat"
"CUST4253",2,6.0,27135.0,13567.5,"Repeat"
"CUST4254",1,4.0,107514.0,107514.0,"One-time"
"CUST4255",3,8.0,247127.0,82375.67,"Repeat"
"CUST4256",1,3.0,175.0,175.0,"One-time"
"CUST4257",1,3.0,99803.0,99803.0,"One-time"
"CUST4258",2,7.0,174614.0,87307.0,"Repeat"
"CUST4260",4,10.0,422486.0,105621.5,"Repeat"
"CUST4261",1,4.0,102493.0,102493.0,"One-time"
"CUST4262",1,2.0,3694.0,3694.0,"One-time"
"CUST4263",2,6.0,116987.0,58493.5,"Repeat"
"CUST4264",2,7.0,243425.0,121712.5,"Repeat"
"CUST4267",5,15.0,487976.0,97595.2,"Repeat"
"CUST4270",1,4.0,11405.0,11405.0,"One-time"
"CUST4271",4,14.0,239815.0,59953.75,"Repeat"
"CUST4272",3,7.0,71667.0,23889.0,"Repeat"
"CUST4274",1,3.0,47101.0,47101.0,"One-time"
"CUST4276",2,5.0,87620.0,43810.0,"Repeat"
"CUST4277",1,3.0,32788.0,32788.0,"One-time"
"CUST4278",3,6.0,123446.0,41148.67,"Repeat"
"CUST4279",1,1.0,47327.0,47327.0,"One-time"
"CUST4280",1,2.0,42078.0,42078.0,"One-time"
"CUST4281",2,8.0,117306.0,58653.0,"Repeat"
"CUST4283",1,5.0,220733.0,220733.0,"One-time"
"CUST4284",1,4.0,183002.0,183002.0,"One-time"
"CUST4285",1,3.0,56344.0,56344.0,"One-time"
"CUST4287",3,6.0,23743.0,7914.33,"Repeat"
"CUST4288",3,6.0,85433.0,28477.67,"Repeat"
"CUST4289",1,2.0,30981.0,30981.0,"One-time"
"CUST4290",2,5.0,93453.0,46726.5,"Repeat"
"CUST4291",5,14.0,319720.0,63944.0,"Repeat"
"CUST4292",4,8.0,172187.0,43046.75,"Repeat"
"CUST4293",3,9.0,299314.0,99771.33,"Repeat"
"CUST4294",2,9.0,271830.0,135915.0,"Repeat"
"CUST4295",1,4.0,77613.0,77613.0,"One-time"
"CUST4297",3,12.0,338660.0,112886.67,"Repeat"
"CUST4298",2,8.0,347453.0,173726.5,"Repeat"
"CUST4300",1,4.0,147773.0,147773.0,"One-time"
"CUST4302",3,12.0,350260.0,116753.33,"Repeat"
"CUST4303",1,2.0,26300.0,26300.0,"One-time"
"CUST4304",2,6.0,24477.0,12238.5,"Repeat"
"CUST4305",1,4.0,80514.0,80514.0,"One-time"
"CUST4306",1,1.0,17083.0,17083.0,"One-time"
"CUST4307",2,9.0,217221.0,108610.5,"Repeat"
"CUST4308",3,6.0,182410.0,60803.33,"Repeat"
"CUST4309",2,8.0,262351.0,131175.5,"Repeat"
"CUST4311",1,5.0,177803.0,177803.0,"One-time"
"CUST4312",2,9.0,81659.0,40829.5,"Repeat"
"CUST4313",2,6.0,145739.0,72869.5,"Repeat"
"CUST4314",3,9.0,172451.0,57483.67,"Repeat"
"CUST4315",2,5.0,93438.0,46719.0,"Repeat"
"CUST4316",4,9.0,232992.0,58248.0,"Repeat"
"CUST4319",1,3.0,116649.0,116649.0,"One-time"
"CUST4320",2,4.0,50040.0,25020.0,"Repeat"
"CUST4321",1,4.0,30595.0,30595.0,"One-time"
"CUST4322",3,5.0,132429.0,44143.0,"Repeat"
"CUST4323",1,5.0,232386.0,232386.0,"One-time"
"CUST4324",2,6.0,259311.0,129655.5,"Repeat"
"CUST4325",2,7.0,222745.0,111372.5,"Repeat"
"CUST4326",2,3.0,6839.0,3419.5,"Repeat"
"CUST4327",4,11.0,249226.0,62306.5,"Repeat"
"CUST4328",4,14.0,225177.0,56294.25,"Repeat"
"CUST4329",2,5.0,160374.0,80187.0,"Repeat"
"CUST4332",2,10.0,127978.0,63989.0,"Repeat"
"CUST4333",2,8.0,91490.0,45745.0,"Repeat"
"CUST4335",1,3.0,17868.0,17868.0,"One-time"
"CUST4336",3,12.0,256427.0,85475.67,"Repeat"
"CUST4337",1,5.0,166065.0,166065.0,"One-time"
"CUST4338",2,8.0,172681.0,86340.5,"Repeat"
"CUST4340",2,5.0,42976.0,21488.0,"Repeat"
"CUST4341",2,6.0,201574.0,100787.0,"Repeat"
"CUST4342",1,3.0,61371.0,61371.0,"One-time"
"CUST4343",1,1.0,39371.0,39371.0,"One-time"
"CUST4344",1,1.0,48149.0,48149.0,"One-time"
"CUST4345",1,3.0,51923.0,51923.0,"One-time"
"CUST4346",4,11.0,216920.0,54230.0,"Repeat"
"CUST4347",1,3.0,59024.0,59024.0,"One-time"
"CUST4348",2,8.0,329289.0,164644.5,"Repeat"
"CUST4349",3,9.0,164782.0,54927.33,"Repeat"
"CUST4350",5,17.0,344373.0,68874.6,"Repeat"
"CUST4351",1,1.0,32603.0,32603.0,"One-time"
"CUST4352",3,11.0,255475.0,85158.33,"Repeat"
"CUST4353",4,10.0,176639.0,44159.75,"Repeat"
"CUST4354",1,4.0,191813.0,191813.0,"One-time"
"CUST4355",6,22.0,501547.0,83591.17,"Repeat"
"CUST4357",1,3.0,112129.0,112129.0,"One-time"
"CUST4359",1,3.0,79485.0,79485.0,"One-time"
"CUST4360",4,13.0,470971.0,117742.75,"Repeat"
"CUST4361",4,13.0,342461.0,85615.25,"Repeat"
"CUST4363",1,4.0,132969.0,132969.0,"One-time"
"CUST4364",2,4.0,21355.0,10677.5,"Repeat"
"CUST4365",4,12.0,289404.0,72351.0,"Repeat"
"CUST4366",7,23.0,723333.0,103333.29,"Repeat"
"CUST4368",2,6.0,130422.0,65211.0,"Repeat"
"CUST4369",3,7.0,308269.0,102756.33,"Repeat"
"CUST4373",2,3.0,47463.0,23731.5,"Repeat"
"CUST4374",2,7.0,156433.0,78216.5,"Repeat"
"CUST4375",1,1.0,8348.0,8348.0,"One-time"
"CUST4376",4,16.0,494576.0,123644.0,"Repeat"
"CUST4378",3,7.0,210045.0,70015.0,"Repeat"
"CUST4379",3,8.0,106709.0,35569.67,"Repeat"
"CUST4380",1,4.0,169477.0,169477.0,"One-time"
"CUST4381",1,4.0,164534.0,164534.0,"One-time"
"CUST4384",3,11.0,268237.0,89412.33,"Repeat"
"CUST4385",1,1.0,43358.0,43358.0,"One-time"
"CUST4386",2,8.0,208622.0,104311.0,"Repeat"
"CUST4387",2,4.0,50272.0,25136.0,"Repeat"
"CUST4388",1,5.0,226730.0,226730.0,"One-time"
"CUST4389",1,5.0,38763.0,38763.0,"One-time"
"CUST4390",1,2.0,38198.0,38198.0,"One-time"
"CUST4392",3,8.0,149786.0,49928.67,"Repeat"
"CUST4394",5,14.0,314866.0,62973.2,"Repeat"
"CUST4396",3,8.0,145304.0,48434.67,"Repeat"
"CUST4397",2,7.0,173465.0,86732.5,"Repeat"
"CUST4401",1,3.0,34998.0,34998.0,"One-time"
"CUST4402",1,2.0,150.0,150.0,"One-time"
"CUST4403",1,3.0,129232.0,129232.0,"One-time"
"CUST4405",3,4.0,137378.0,45792.67,"Repeat"
"CUST4406",2,5.0,196476.0,98238.0,"Repeat"
"CUST4407",1,2.0,150.0,150.0,"One-time"
"CUST4408",4,14.0,175410.0,43852.5,"Repeat"
"CUST4410",2,6.0,275967.0,137983.5,"Repeat"
"CUST4413",2,6.0,130238.0,65119.0,"Repeat"
"CUST4414",3,12.0,273389.0,91129.67,"Repeat"
"CUST4416",1,2.0,64287.0,64287.0,"One-time"
"CUST4417",4,13.0,444410.0,111102.5,"Repeat"
"CUST4418",4,14.0,152365.0,38091.25,"Repeat"
"CUST4420",3,12.0,238360.0,79453.33,"Repeat"
"CUST4421",1,3.0,78148.0,78148.0,"One-time"
"CUST4422",2,7.0,227714.0,113857.0,"Repeat"
"CUST4423",1,2.0,30252.0,30252.0,"One-time"
"CUST4424",2,7.0,8761.0,4380.5,"Repeat"
"CUST4425",3,8.0,183154.0,61051.33,"Repeat"
"CUST4426",2,6.0,236354.0,118177.0,"Repeat"
"CUST4427",1,1.0,26967.0,26967.0,"One-time"
"CUST4428",1,2.0,87278.0,87278.0,"One-time"
"CUST4429",1,1.0,18447.0,18447.0,"One-time"
"CUST4430",1,1.0,15036.0,15036.0,"One-time"
"CUST4431",1,3.0,76758.0,76758.0,"One-time"
"CUST4432",3,15.0,347018.0,115672.67,"Repeat"
"CUST4433",2,2.0,45700.0,22850.0,"Repeat"
"CUST4434",1,5.0,69528.0,69528.0,"One-time"
"CUST4435",1,5.0,172117.0,172117.0,"One-time"
"CUST4436",1,1.0,26503.0,26503.0,"One-time"
"CUST4437",3,7.0,53838.0,17946.0,"Repeat"
"CUST4438",2,5.0,74309.0,37154.5,"Repeat"
"CUST4439",1,2.0,90025.0,90025.0,"One-time"
"CUST4440",1,1.0,21486.0,21486.0,"One-time"
"CUST4441",3,11.0,188134.0,62711.33,"Repeat"
"CUST4443",2,5.0,110731.0,55365.5,"Repeat"
"CUST4444",1,2.0,9857.0,9857.0,"One-time"
"CUST4445",1,1.0,42821.0,42821.0,"One-time"
"CUST4446",1,3.0,45553.0,45553.0,"One-time"
"CUST4447",3,4.0,140248.0,46749.33,"Repeat"
"CUST4448",1,3.0,108842.0,108842.0,"One-time"
"CUST4449",5,12.0,320910.0,64182.0,"Repeat"
"CUST4450",1,5.0,39707.0,39707.0,"One-time"
"CUST4451",2,5.0,92406.0,46203.0,"Repeat"
"CUST4452",1,4.0,76574.0,76574.0,"One-time"
"CUST4453",2,6.0,54463.0,27231.5,"Repeat"
"CUST4454",1,2.0,26064.0,26064.0,"One-time"
"CUST4455",3,8.0,122535.0,40845.0,"Repeat"
"CUST4456",1,4.0,45533.0,45533.0,"One-time"
"CUST4457",1,4.0,200.0,200.0,"One-time"
"CUST4458",2,4.0,109108.0,54554.0,"Repeat"
"CUST4459",2,7.0,243988.0,121994.0,"Repeat"
"CUST4460",2,6.0,12773.0,6386.5,"Repeat"
"CUST4463",1,3.0,142144.0,142144.0,"One-time"
"CUST4464",2,5.0,91328.0,45664.0,"Repeat"
"CUST4466",2,8.0,187677.0,93838.5,"Repeat"
"CUST4467",2,5.0,76364.0,38182.0,"Repeat"
"CUST4468",3,10.0,98382.0,32794.0,"Repeat"
"CUST4470",3,6.0,143002.0,47667.33,"Repeat"
"CUST4471",1,5.0,106412.0,106412.0,"One-time"
"CUST4473",1,2.0,6514.0,6514.0,"One-time"
"CUST4474",3,5.0,113334.0,37778.0,"Repeat"
"CUST4475",2,7.0,223692.0,111846.0,"Repeat"
"CUST4476",2,4.0,154183.0,77091.5,"Repeat"
"CUST4477",1,2.0,10004.0,10004.0,"One-time"
"CUST4478",1,1.0,33933.0,33933.0,"One-time"
"CUST4479",2,4.0,3270.0,1635.0,"Repeat"
"CUST4480",1,1.0,44733.0,44733.0,"One-time"
"CUST4481",1,4.0,195994.0,195994.0,"One-time"
"CUST4482",1,5.0,129728.0,129728.0,"One-time"
"CUST4483",2,6.0,195144.0,97572.0,"Repeat"
"CUST4484",2,10.0,81052.0,40526.0,"Repeat"
"CUST4485",4,9.0,213467.0,53366.75,"Repeat"
"CUST4486",1,4.0,113804.0,113804.0,"One-time"
"CUST4487",2,6.0,45117.0,22558.5,"Repeat"
"CUST4488",1,5.0,250.0,250.0,"One-time"
"CUST4489",2,6.0,28344.0,14172.0,"Repeat"
"CUST4490",2,7.0,89391.0,44695.5,"Repeat"
"CUST4492",1,3.0,88685.0,88685.0,"One-time"
"CUST4493",2,7.0,35317.0,17658.5,"Repeat"
"CUST4494",3,10.0,258626.0,86208.67,"Repeat"
"CUST4495",2,9.0,208202.0,104101.0,"Repeat"
"CUST4496",1,1.0,46730.0,46730.0,"One-time"
"CUST4497",1,5.0,39780.0,39780.0,"One-time"
"CUST4498",2,4.0,80465.0,40232.5,"Repeat"
"CUST4499",3,10.0,358206.0,119402.0,"Repeat"
"CUST4500",1,4.0,169675.0,169675.0,"One-time"
"CUST4501",1,5.0,30806.0,30806.0,"One-time"
"CUST4502",2,6.0,185448.0,92724.0,"Repeat"
"CUST4504",1,5.0,45565.0,45565.0,"One-time"
"CUST4506",1,3.0,131405.0,131405.0,"One-time"
"CUST4507",3,11.0,229370.0,76456.67,"Repeat"
"CUST4508",1,4.0,20780.0,20780.0,"One-time"
"CUST4509",1,2.0,54587.0,54587.0,"One-time"
"CUST4511",1,2.0,20334.0,20334.0,"One-time"
"CUST4512",1,3.0,49555.0,49555.0,"One-time"
"CUST4513",2,5.0,30059.0,15029.5,"Repeat"
"CUST4514",1,3.0,89863.0,89863.0,"One-time"
"CUST4516",3,11.0,233792.0,77930.67,"Repeat"
"CUST4517",4,10.0,226034.0,56508.5,"Repeat"
"CUST4518",1,1.0,44729.0,44729.0,"One-time"
"CUST4519",3,11.0,349623.0,116541.0,"Repeat"
"CUST4520",2,5.0,166495.0,83247.5,"Repeat"
"CUST4521",1,4.0,124856.0,124856.0,"One-time"
"CUST4522",2,4.0,6225.0,3112.5,"Repeat"
"CUST4523",1,4.0,130010.0,130010.0,"One-time"
"CUST4525",2,6.0,168515.0,84257.5,"Repeat"
"CUST4526",1,4.0,5572.0,5572.0,"One-time"
"CUST4527",1,3.0,175.0,175.0,"One-time"
"CUST4529",1,5.0,161995.0,161995.0,"One-time"
"CUST4530",4,9.0,249447.0,62361.75,"Repeat"
"CUST4531",4,12.0,195728.0,48932.0,"Repeat"
"CUST4532",3,4.0,39480.0,13160.0,"Repeat"
"CUST4533",1,1.0,25173.0,25173.0,"One-time"
"CUST4534",1,3.0,149543.0,149543.0,"One-time"
"CUST4535",4,18.0,289538.0,72384.5,"Repeat"
"CUST4538",1,2.0,7234.0,7234.0,"One-time"
"CUST4539",1,3.0,17923.0,17923.0,"One-time"
"CUST4541",2,8.0,273573.0,136786.5,"Repeat"
"CUST4544",1,5.0,61519.0,61519.0,"One-time"
"CUST4545",4,8.0,180951.0,45237.75,"Repeat"
"CUST4546",3,8.0,293321.0,97773.67,"Repeat"
"CUST4547",1,4.0,99977.0,99977.0,"One-time"
"CUST4548",2,6.0,78869.0,39434.5,"Repeat"
"CUST4550",1,1.0,21782.0,21782.0,"One-time"
"CUST4551",3,8.0,120474.0,40158.0,"Repeat"
"CUST4552",5,11.0,135951.0,27190.2,"Repeat"
"CUST4553",1,1.0,30478.0,30478.0,"One-time"
"CUST4554",2,7.0,246856.0,123428.0,"Repeat"
"CUST4555",2,2.0,49647.0,24823.5,"Repeat"
"CUST4556",1,5.0,250.0,250.0,"One-time"
"CUST4557",2,4.0,9242.0,4621.0,"Repeat"
"CUST4558",3,9.0,266186.0,88728.67,"Repeat"
"CUST4559",2,6.0,182842.0,91421.0,"Repeat"
"CUST4560",2,7.0,109870.0,54935.0,"Repeat"
"CUST4561",3,9.0,179180.0,59726.67,"Repeat"
"CUST4562",3,8.0,145368.0,48456.0,"Repeat"
"CUST4564",1,3.0,1923.0,1923.0,"One-time"
"CUST4566",2,8.0,180129.0,90064.5,"Repeat"
"CUST4567",3,3.0,48030.0,16010.0,"Repeat"
"CUST4568",3,12.0,458145.0,152715.0,"Repeat"
"CUST4569",3,12.0,286292.0,95430.67,"Repeat"
"CUST4570",5,12.0,312259.0,62451.8,"Repeat"
"CUST4571",1,1.0,27738.0,27738.0,"One-time"
"CUST4572",4,13.0,352972.0,88243.0,"Repeat"
"CUST4573",1,2.0,83524.0,83524.0,"One-time"
"CUST4574",1,2.0,86185.0,86185.0,"One-time"
"CUST4575",2,5.0,167467.0,83733.5,"Repeat"
"CUST4576",1,2.0,50957.0,50957.0,"One-time"
"CUST4578",4,9.0,304003.0,76000.75,"Repeat"
"CUST4579",4,16.0,264023.0,66005.75,"Repeat"
"CUST4580",2,8.0,345296.0,172648.0,"Repeat"
"CUST4581",2,4.0,141000.0,70500.0,"Repeat"
"CUST4582",2,6.0,50058.0,25029.0,"Repeat"
"CUST4583",2,3.0,90275.0,45137.5,"Repeat"
"CUST4585",1,4.0,117377.0,117377.0,"One-time"
"CUST4586",1,3.0,59713.0,59713.0,"One-time"
"CUST4587",2,5.0,7655.0,3827.5,"Repeat"
"CUST4588",2,6.0,79919.0,39959.5,"Repeat"
"CUST4589",3,8.0,230409.0,76803.0,"Repeat"
"CUST4590",1,4.0,200.0,200.0,"One-time"
"CUST4591",3,6.0,137634.0,45878.0,"Repeat"
"CUST4592",3,9.0,261619.0,87206.33,"Repeat"
"CUST4593",2,5.0,44716.0,22358.0,"Repeat"
"CUST4596",1,1.0,24010.0,24010.0,"One-time"
"CUST4598",2,6.0,182353.0,91176.5,"Repeat"
"CUST4599",2,10.0,328324.0,164162.0,"Repeat"
"CUST4600",3,10.0,277025.0,92341.67,"Repeat"
"CUST4601",3,9.0,184183.0,61394.33,"Repeat"
"CUST4603",2,7.0,211246.0,105623.0,"Repeat"
"CUST4604",1,5.0,55798.0,55798.0,"One-time"
"CUST4605",1,1.0,41379.0,41379.0,"One-time"
"CUST4606",1,1.0,35208.0,35208.0,"One-time"
"CUST4607",1,4.0,170150.0,170150.0,"One-time"
"CUST4608",2,4.0,16945.0,8472.5,"Repeat"
"CUST4609",2,6.0,252927.0,126463.5,"Repeat"
"CUST4610",5,14.0,136711.0,27342.2,"Repeat"
"CUST4611",2,6.0,157325.0,78662.5,"Repeat"
"CUST4612",1,5.0,122172.0,122172.0,"One-time"
"CUST4613",4,7.0,83436.0,20859.0,"Repeat"
"CUST4614",2,5.0,110638.0,55319.0,"Repeat"
"CUST4615",3,12.0,440230.0,146743.33,"Repeat"
"CUST4618",2,6.0,180229.0,90114.5,"Repeat"
"CUST4619",1,4.0,121218.0,121218.0,"One-time"
"CUST4621",4,13.0,398246.0,99561.5,"Repeat"
"CUST4622",4,18.0,529721.0,132430.25,"Repeat"
"CUST4623",2,4.0,43156.0,21578.0,"Repeat"
"CUST4625",1,5.0,195925.0,195925.0,"One-time"
"CUST4626",3,9.0,177811.0,59270.33,"Repeat"
"CUST4627",1,5.0,236317.0,236317.0,"One-time"
"CUST4628",2,6.0,35086.0,17543.0,"Repeat"
"CUST4629",1,3.0,138510.0,138510.0,"One-time"
"CUST4631",1,3.0,88187.0,88187.0,"One-time"
"CUST4632",2,6.0,55374.0,27687.0,"Repeat"
"CUST4633",2,6.0,52508.0,26254.0,"Repeat"
"CUST4634",1,2.0,64660.0,64660.0,"One-time"
"CUST4635",3,14.0,491347.0,163782.33,"Repeat"
"CUST4636",3,15.0,289729.0,96576.33,"Repeat"
"CUST4637",2,6.0,182637.0,91318.5,"Repeat"
"CUST4638",2,5.0,138558.0,69279.0,"Repeat"
"CUST4639",1,1.0,30689.0,30689.0,"One-time"
"CUST4640",1,2.0,46100.0,46100.0,"One-time"
"CUST4642",1,3.0,36286.0,36286.0,"One-time"
"CUST4643",2,7.0,167560.0,83780.0,"Repeat"
"CUST4644",2,6.0,180326.0,90163.0,"Repeat"
"CUST4645",3,10.0,277509.0,92503.0,"Repeat"
"CUST4646",2,6.0,150130.0,75065.0,"Repeat"
"CUST4647",1,4.0,111701.0,111701.0,"One-time"
"CUST4648",1,4.0,59637.0,59637.0,"One-time"
"CUST4649",2,8.0,131875.0,65937.5,"Repeat"
"CUST4650",2,8.0,5798.0,2899.0,"Repeat"
"CUST4651",1,2.0,70612.0,70612.0,"One-time"
"CUST4652",2,8.0,103462.0,51731.0,"Repeat"
"CUST4653",4,11.0,85566.0,21391.5,"Repeat"
"CUST4654",1,2.0,31547.0,31547.0,"One-time"
"CUST4655",1,2.0,25444.0,25444.0,"One-time"
"CUST4657",5,19.0,471502.0,94300.4,"Repeat"
"CUST4658",1,4.0,200.0,200.0,"One-time"
"CUST4660",1,1.0,21432.0,21432.0,"One-time"
"CUST4661",3,5.0,132708.0,44236.0,"Repeat"
"CUST4662",1,5.0,250.0,250.0,"One-time"
"CUST4663",1,4.0,200.0,200.0,"One-time"
"CUST4664",3,11.0,283798.0,94599.33,"Repeat"
"CUST4665",2,3.0,12671.0,6335.5,"Repeat"
"CUST4666",3,6.0,75291.0,25097.0,"Repeat"
"CUST4667",2,6.0,131760.0,65880.0,"Repeat"
"CUST4668",1,2.0,15345.0,15345.0,"One-time"
"CUST4669",1,5.0,250.0,250.0,"One-time"
"CUST4670",1,2.0,9478.0,9478.0,"One-time"
"CUST4671",3,11.0,197218.0,65739.33,"Repeat"
"CUST4672",2,7.0,127292.0,63646.0,"Repeat"
"CUST4673",1,3.0,113545.0,113545.0,"One-time"
"CUST4674",1,3.0,98741.0,98741.0,"One-time"
"CUST4675",1,3.0,175.0,175.0,"One-time"
"CUST4676",1,3.0,34953.0,34953.0,"One-time"
"CUST4677",1,1.0,3931.0,3931.0,"One-time"
"CUST4678",1,3.0,16680.0,16680.0,"One-time"
"CUST4679",2,8.0,134689.0,67344.5,"Repeat"
"CUST4681",2,5.0,52984.0,26492.0,"Repeat"
"CUST4683",1,3.0,130205.0,130205.0,"One-time"
"CUST4684",2,6.0,103710.0,51855.0,"Repeat"
"CUST4687",1,2.0,674.0,674.0,"One-time"
"CUST4688",6,18.0,308993.0,51498.83,"Repeat"
"CUST4689",1,3.0,175.0,175.0,"One-time"
"CUST4690",2,4.0,133017.0,66508.5,"Repeat"
"CUST4692",1,1.0,125.0,125.0,"One-time"
"CUST4693",2,9.0,52403.0,26201.5,"Repeat"
"CUST4694",1,1.0,25090.0,25090.0,"One-time"
"CUST4695",3,9.0,100512.0,33504.0,"Repeat"
"CUST4696",3,9.0,273227.0,91075.67,"Repeat"
"CUST4697",2,6.0,167349.0,83674.5,"Repeat"
"CUST4698",2,2.0,25042.0,12521.0,"Repeat"
"CUST4699",1,4.0,121873.0,121873.0,"One-time"
"CUST4700",1,4.0,87663.0,87663.0,"One-time"
"CUST4702",1,4.0,174966.0,174966.0,"One-time"
"CUST4703",2,5.0,96793.0,48396.5,"Repeat"
"CUST4704",1,2.0,36067.0,36067.0,"One-time"
"CUST4705",1,4.0,162933.0,162933.0,"One-time"
"CUST4706",1,4.0,39589.0,39589.0,"One-time"
"CUST4708",1,5.0,250.0,250.0,"One-time"
"CUST4709",2,6.0,140797.0,70398.5,"Repeat"
"CUST4710",3,6.0,71462.0,23820.67,"Repeat"
"CUST4711",1,5.0,123171.0,123171.0,"One-time"
"CUST4713",2,6.0,9818.0,4909.0,"Repeat"
"CUST4714",2,2.0,54438.0,27219.0,"Repeat"
"CUST4716",2,10.0,181620.0,90810.0,"Repeat"
"CUST4717",3,13.0,434211.0,144737.0,"Repeat"
"CUST4718",2,4.0,94939.0,47469.5,"Repeat"
"CUST4719",1,3.0,148178.0,148178.0,"One-time"
"CUST4720",1,3.0,22896.0,22896.0,"One-time"
"CUST4722",2,5.0,105458.0,52729.0,"Repeat"
"CUST4724",3,12.0,251616.0,83872.0,"Repeat"
"CUST4725",2,8.0,222996.0,111498.0,"Repeat"
"CUST4726",3,11.0,198851.0,66283.67,"Repeat"
"CUST4727",2,4.0,178584.0,89292.0,"Repeat"
"CUST4728",5,17.0,268094.0,53618.8,"Repeat"
"CUST4730",4,11.0,173428.0,43357.0,"Repeat"
"CUST4731",2,7.0,135942.0,67971.0,"Repeat"
"CUST4732",3,8.0,75540.0,25180.0,"Repeat"
"CUST4733",2,7.0,50972.0,25486.0,"Repeat"
"CUST4734",4,10.0,170150.0,42537.5,"Repeat"
"CUST4735",1,3.0,34784.0,34784.0,"One-time"
"CUST4739",1,5.0,184844.0,184844.0,"One-time"
"CUST4740",1,5.0,212092.0,212092.0,"One-time"
"CUST4741",2,6.0,124259.0,62129.5,"Repeat"
"CUST4742",2,5.0,31621.0,15810.5,"Repeat"
"CUST4743",1,1.0,37481.0,37481.0,"One-time"
"CUST4744",2,7.0,232233.0,116116.5,"Repeat"
"CUST4745",1,1.0,18211.0,18211.0,"One-time"
"CUST4746",1,5.0,50377.0,50377.0,"One-time"
"CUST4747",2,6.0,161813.0,80906.5,"Repeat"
"CUST4748",2,6.0,113458.0,56729.0,"Repeat"
"CUST4749",2,8.0,425.0,212.5,"Repeat"
"CUST4750",3,11.0,308382.0,102794.0,"Repeat"
"CUST4751",2,6.0,99242.0,49621.0,"Repeat"
"CUST4753",2,4.0,105552.0,52776.0,"Repeat"
"CUST4754",3,8.0,143291.0,47763.67,"Repeat"
"CUST4755",2,7.0,160394.0,80197.0,"Repeat"
"CUST4757",3,5.0,133894.0,44631.33,"Repeat"
"CUST4758",2,10.0,162263.0,81131.5,"Repeat"
"CUST4759",1,2.0,150.0,150.0,"One-time"
"CUST4760",3,8.0,249394.0,83131.33,"Repeat"
"CUST4761",3,4.0,73940.0,24646.67,"Repeat"
"CUST4763",3,9.0,172261.0,57420.33,"Repeat"
"CUST4764",1,5.0,250.0,250.0,"One-time"
"CUST4765",4,10.0,304065.0,76016.25,"Repeat"
"CUST4766",2,8.0,254437.0,127218.5,"Repeat"
"CUST4767",3,11.0,200677.0,66892.33,"Repeat"
"CUST4768",2,6.0,228259.0,114129.5,"Repeat"
"CUST4769",3,11.0,223734.0,74578.0,"Repeat"
"CUST4770",2,7.0,195829.0,97914.5,"Repeat"
"CUST4771",1,3.0,121975.0,121975.0,"One-time"
"CUST4772",1,1.0,125.0,125.0,"One-time"
"CUST4773",2,9.0,245869.0,122934.5,"Repeat"
"CUST4774",1,2.0,31030.0,31030.0,"One-time"
"CUST4776",3,5.0,76231.0,25410.33,"Repeat"
"CUST4778",1,3.0,175.0,175.0,"One-time"
"CUST4779",3,7.0,193388.0,64462.67,"Repeat"
"CUST4781",2,7.0,129215.0,64607.5,"Repeat"
"CUST4783",3,13.0,296384.0,98794.67,"Repeat"
"CUST4784",2,8.0,187482.0,93741.0,"Repeat"
"CUST4786",1,3.0,108789.0,108789.0,"One-time"
"CUST4788",2,5.0,125083.0,62541.5,"Repeat"
"CUST4789",3,12.0,298333.0,99444.33,"Repeat"
"CUST4790",2,4.0,102100.0,51050.0,"Repeat"
"CUST4791",1,1.0,47649.0,47649.0,"One-time"
"CUST4793",2,3.0,82883.0,41441.5,"Repeat"
"CUST4795",8,23.0,630607.0,78825.88,"Repeat"
"CUST4796",3,9.0,247435.0,82478.33,"Repeat"
"CUST4797",3,8.0,174327.0,58109.0,"Repeat"
"CUST4798",2,6.0,89238.0,44619.0,"Repeat"
"CUST4799",2,8.0,203901.0,101950.5,"Repeat"
"CUST4800",2,9.0,48442.0,24221.0,"Repeat"
"CUST4801",1,2.0,150.0,150.0,"One-time"
"CUST4803",3,15.0,248427.0,82809.0,"Repeat"
"CUST4804",3,10.0,261280.0,87093.33,"Repeat"
"CUST4805",3,10.0,207951.0,69317.0,"Repeat"
"CUST4806",1,4.0,200.0,200.0,"One-time"
"CUST4807",1,1.0,39103.0,39103.0,"One-time"
"CUST4808",4,8.0,133026.0,33256.5,"Repeat"
"CUST4809",1,2.0,90922.0,90922.0,"One-time"
"CUST4810",3,9.0,64046.0,21348.67,"Repeat"
"CUST4812",3,6.0,247367.0,82455.67,"Repeat"
"CUST4814",2,3.0,5581.0,2790.5,"Repeat"
"CUST4815",1,4.0,188707.0,188707.0,"One-time"
"CUST4816",2,4.0,91145.0,45572.5,"Repeat"
"CUST4817",3,9.0,135263.0,45087.67,"Repeat"
"CUST4818",1,2.0,61905.0,61905.0,"One-time"
"CUST4819",3,9.0,222827.0,74275.67,"Repeat"
"CUST4821",1,4.0,64500.0,64500.0,"One-time"
"CUST4823",2,7.0,162104.0,81052.0,"Repeat"
"CUST4824",1,1.0,14299.0,14299.0,"One-time"
"CUST4826",2,6.0,166799.0,83399.5,"Repeat"
"CUST4827",2,7.0,90209.0,45104.5,"Repeat"
"CUST4828",1,1.0,7346.0,7346.0,"One-time"
"CUST4829",3,11.0,257081.0,85693.67,"Repeat"
"CUST4830",1,2.0,52223.0,52223.0,"One-time"
"CUST4831",1,3.0,10728.0,10728.0,"One-time"
"CUST4833",2,2.0,79130.0,39565.0,"Repeat"
"CUST4834",2,6.0,230972.0,115486.0,"Repeat"
"CUST4835",3,13.0,60563.0,20187.67,"Repeat"
"CUST4836",2,6.0,112017.0,56008.5,"Repeat"
"CUST4837",1,2.0,90454.0,90454.0,"One-time"
"CUST4838",1,3.0,19883.0,19883.0,"One-time"
"CUST4839",1,1.0,36414.0,36414.0,"One-time"
"CUST4840",3,10.0,299622.0,99874.0,"Repeat"
"CUST4841",2,7.0,131430.0,65715.0,"Repeat"
"CUST4842",2,8.0,225099.0,112549.5,"Repeat"
"CUST4843",4,9.0,193598.0,48399.5,"Repeat"
"CUST4844",1,1.0,4627.0,4627.0,"One-time"
"CUST4845",3,5.0,102174.0,34058.0,"Repeat"
"CUST4846",1,3.0,12960.0,12960.0,"One-time"
"CUST4847",1,3.0,4247.0,4247.0,"One-time"
"CUST4849",3,10.0,361754.0,120584.67,"Repeat"
"CUST4850",4,14.0,113321.0,28330.25,"Repeat"
"CUST4851",1,2.0,43197.0,43197.0,"One-time"
"CUST4852",3,11.0,246337.0,82112.33,"Repeat"
"CUST4853",3,10.0,16823.0,5607.67,"Repeat"
"CUST4854",1,2.0,18029.0,18029.0,"One-time"
"CUST4855",1,4.0,38462.0,38462.0,"One-time"
"CUST4856",3,9.0,312589.0,104196.33,"Repeat"
"CUST4857",1,5.0,138641.0,138641.0,"One-time"
"CUST4858",2,3.0,42289.0,21144.5,"Repeat"
"CUST4860",2,7.0,268851.0,134425.5,"Repeat"
"CUST4861",2,4.0,102866.0,51433.0,"Repeat"
"CUST4862",1,5.0,232023.0,232023.0,"One-time"
"CUST4863",7,25.0,590397.0,84342.43,"Repeat"
"CUST4865",1,2.0,48774.0,48774.0,"One-time"
"CUST4866",2,7.0,226782.0,113391.0,"Repeat"
"CUST4868",2,6.0,126717.0,63358.5,"Repeat"
"CUST4869",2,5.0,129553.0,64776.5,"Repeat"
"CUST4870",1,3.0,1891.0,1891.0,"One-time"
"CUST4872",2,6.0,129394.0,64697.0,"Repeat"
"CUST4873",5,14.0,264901.0,52980.2,"Repeat"
"CUST4874",3,6.0,228459.0,76153.0,"Repeat"
"CUST4875",2,5.0,154261.0,77130.5,"Repeat"
"CUST4876",1,3.0,12361.0,12361.0,"One-time"
"CUST4878",2,8.0,179641.0,89820.5,"Repeat"
"CUST4882",3,12.0,77153.0,25717.67,"Repeat"
"CUST4883",3,9.0,300702.0,100234.0,"Repeat"
"CUST4884",1,1.0,22330.0,22330.0,"One-time"
"CUST4885",1,3.0,5908.0,5908.0,"One-time"
"CUST4886",2,5.0,172359.0,86179.5,"Repeat"
"CUST4887",1,4.0,48080.0,48080.0,"One-time"
"CUST4888",3,9.0,180379.0,60126.33,"Repeat"
"CUST4889",3,10.0,299250.0,99750.0,"Repeat"
"CUST4890",2,3.0,102815.0,51407.5,"Repeat"
"CUST4892",1,1.0,125.0,125.0,"One-time"
"CUST4893",1,3.0,103030.0,103030.0,"One-time"
"CUST4894",1,5.0,250.0,250.0,"One-time"
"CUST4895",1,5.0,100542.0,100542.0,"One-time"
"CUST4897",3,8.0,18650.0,6216.67,"Repeat"
"CUST4898",2,5.0,22635.0,11317.5,"Repeat"
"CUST4899",1,1.0,43010.0,43010.0,"One-time"
"CUST4900",1,1.0,27446.0,27446.0,"One-time"
"CUST4901",5,14.0,301912.0,60382.4,"Repeat"
"CUST4902",1,3.0,79687.0,79687.0,"One-time"
"CUST4903",1,3.0,126944.0,126944.0,"One-time"
"CUST4904",3,5.0,67288.0,22429.33,"Repeat"
"CUST4905",2,7.0,90565.0,45282.5,"Repeat"
"CUST4906",4,9.0,244428.0,61107.0,"Repeat"
"CUST4907",1,1.0,28239.0,28239.0,"One-time"
"CUST4910",3,6.0,196884.0,65628.0,"Repeat"
"CUST4911",1,5.0,221786.0,221786.0,"One-time"
"CUST4912",3,6.0,205773.0,68591.0,"Repeat"
"CUST4913",2,3.0,57144.0,28572.0,"Repeat"
"CUST4914",2,6.0,95291.0,47645.5,"Repeat"
"CUST4915",1,1.0,49934.0,49934.0,"One-time"
"CUST4916",2,3.0,80033.0,40016.5,"Repeat"
"CUST4917",1,5.0,24671.0,24671.0,"One-time"
"CUST4918",1,2.0,150.0,150.0,"One-time"
"CUST4920",2,6.0,218821.0,109410.5,"Repeat"
"CUST4921",2,6.0,106282.0,53141.0,"Repeat"
"CUST4922",1,5.0,57616.0,57616.0,"One-time"
"CUST4925",4,8.0,43184.0,10796.0,"Repeat"
"CUST4926",2,7.0,104782.0,52391.0,"Repeat"
"CUST4927",3,9.0,232228.0,77409.33,"Repeat"
"CUST4928",2,8.0,111748.0,55874.0,"Repeat"
"CUST4929",3,8.0,209701.0,69900.33,"Repeat"
"CUST4930",2,6.0,151726.0,75863.0,"Repeat"
"CUST4932",1,3.0,126880.0,126880.0,"One-time"
"CUST4933",1,4.0,197002.0,197002.0,"One-time"
"CUST4934",1,2.0,7050.0,7050.0,"One-time"
"CUST4935",1,4.0,141544.0,141544.0,"One-time"
"CUST4936",1,1.0,30020.0,30020.0,"One-time"
"CUST4937",1,3.0,92205.0,92205.0,"One-time"
"CUST4939",1,1.0,125.0,125.0,"One-time"
"CUST4940",3,8.0,168699.0,56233.0,"Repeat"
"CUST4941",1,5.0,179955.0,179955.0,"One-time"
"CUST4942",4,11.0,249247.0,62311.75,"Repeat"
"CUST4943",3,10.0,307208.0,102402.67,"Repeat"
"CUST4944",1,3.0,175.0,175.0,"One-time"
"CUST4945",2,9.0,111404.0,55702.0,"Repeat"
"CUST4946",1,4.0,101384.0,101384.0,"One-time"
"CUST4947",1,3.0,60213.0,60213.0,"One-time"
"CUST4948",1,1.0,125.0,125.0,"One-time"
"CUST4949",2,3.0,21868.0,10934.0,"Repeat"
"CUST4950",1,5.0,25263.0,25263.0,"One-time"
"CUST4951",2,4.0,163396.0,81698.0,"Repeat"
"CUST4952",1,2.0,33437.0,33437.0,"One-time"
"CUST4953",1,3.0,175.0,175.0,"One-time"
"CUST4954",1,1.0,11290.0,11290.0,"One-time"
"CUST4955",2,3.0,24063.0,12031.5,"Repeat"
"CUST4956",1,2.0,48245.0,48245.0,"One-time"
"CUST4957",1,4.0,28377.0,28377.0,"One-time"
"CUST4960",1,1.0,12528.0,12528.0,"One-time"
"CUST4961",4,14.0,480242.0,120060.5,"Repeat"
"CUST4962",1,2.0,150.0,150.0,"One-time"
"CUST4964",1,3.0,42169.0,42169.0,"One-time"
"CUST4965",2,6.0,71179.0,35589.5,"Repeat"
"CUST4966",3,7.0,273665.0,91221.67,"Repeat"
"CUST4967",3,8.0,212447.0,70815.67,"Repeat"
"CUST4968",3,9.0,226135.0,75378.33,"Repeat"
"CUST4969",4,17.0,325108.0,81277.0,"Repeat"
"CUST4970",1,5.0,249273.0,249273.0,"One-time"
"CUST4971",1,5.0,123741.0,123741.0,"One-time"
"CUST4973",2,4.0,122424.0,61212.0,"Repeat"
"CUST4974",3,6.0,235538.0,78512.67,"Repeat"
"CUST4975",1,5.0,159051.0,159051.0,"One-time"
"CUST4976",3,6.0,195877.0,65292.33,"Repeat"
"CUST4977",3,12.0,127426.0,42475.33,"Repeat"
"CUST4978",1,4.0,200.0,200.0,"One-time"
"CUST4980",2,6.0,142978.0,71489.0,"Repeat"
"CUST4981",2,9.0,117340.0,58670.0,"Repeat"
"CUST4984",1,3.0,143919.0,143919.0,"One-time"
"CUST4985",1,4.0,177078.0,177078.0,"One-time"
"CUST4986",2,8.0,19735.0,9867.5,"Repeat"
"CUST4989",1,5.0,210864.0,210864.0,"One-time"
"CUST4991",3,6.0,216968.0,72322.67,"Repeat"
"CUST4992",2,5.0,29900.0,14950.0,"Repeat"
"CUST4993",2,5.0,175056.0,87528.0,"Repeat"
"CUST4994",1,4.0,149983.0,149983.0,"One-time"
"CUST4997",1,5.0,73051.0,73051.0,"One-time"
"CUST5000",1,5.0,250.0,250.0,"One-time"
"CUST5001",6,17.0,391702.0,65283.67,"Repeat"
"CUST5002",1,3.0,20389.0,20389.0,"One-time"
"CUST5004",1,4.0,200.0,200.0,"One-time"
"CUST5005",3,9.0,206254.0,68751.33,"Repeat"
"CUST5006",2,6.0,103754.0,51877.0,"Repeat"
"CUST5007",4,15.0,431955.0,107988.75,"Repeat"
"CUST5008",2,4.0,31610.0,15805.0,"Repeat"
"CUST5009",2,6.0,199075.0,99537.5,"Repeat"
"CUST5010",1,5.0,227595.0,227595.0,"One-time"
"CUST5011",1,3.0,41095.0,41095.0,"One-time"
"CUST5012",1,2.0,54045.0,54045.0,"One-time"
"CUST5013",1,1.0,33513.0,33513.0,"One-time"
"CUST5014",3,9.0,176797.0,58932.33,"Repeat"
"CUST5015",2,6.0,350.0,175.0,"Repeat"
"CUST5016",1,4.0,69359.0,69359.0,"One-time"
"CUST5017",2,8.0,302930.0,151465.0,"Repeat"
"CUST5018",1,5.0,130492.0,130492.0,"One-time"
"CUST5019",1,3.0,64280.0,64280.0,"One-time"
"CUST5020",1,4.0,71772.0,71772.0,"One-time"
"CUST5021",2,2.0,61036.0,30518.0,"Repeat"
"CUST5023",1,5.0,103529.0,103529.0,"One-time"
"CUST5024",3,11.0,21773.0,7257.67,"Repeat"
"CUST5025",3,11.0,182311.0,60770.33,"Repeat"
"CUST5027",1,5.0,223639.0,223639.0,"One-time"
"CUST5028",2,6.0,130729.0,65364.5,"Repeat"
"CUST5029",2,8.0,220861.0,110430.5,"Repeat"
"CUST5030",1,4.0,27316.0,27316.0,"One-time"
"CUST5033",3,5.0,146945.0,48981.67,"Repeat"
"CUST5034",1,1.0,33502.0,33502.0,"One-time"
"CUST5035",4,11.0,209987.0,52496.75,"Repeat"
"CUST5036",4,14.0,228064.0,57016.0,"Repeat"
"CUST5037",2,6.0,6406.0,3203.0,"Repeat"
"CUST5039",2,3.0,88497.0,44248.5,"Repeat"
"CUST5040",3,7.0,85523.0,28507.67,"Repeat"
"CUST5041",1,1.0,22149.0,22149.0,"One-time"
"CUST5042",4,13.0,259504.0,64876.0,"Repeat"
"CUST5043",3,6.0,155690.0,51896.67,"Repeat"
"CUST5044",2,7.0,132823.0,66411.5,"Repeat"
"CUST5045",3,11.0,117073.0,39024.33,"Repeat"
"CUST5046",1,4.0,63311.0,63311.0,"One-time"
"CUST5047",6,17.0,546992.0,91165.33,"Repeat"
"CUST5048",2,6.0,108455.0,54227.5,"Repeat"
"CUST5049",2,2.0,40149.0,20074.5,"Repeat"
"CUST5050",4,13.0,464094.0,116023.5,"Repeat"
"CUST5051",3,11.0,278005.0,92668.33,"Repeat"
"CUST5052",2,6.0,241871.0,120935.5,"Repeat"
"CUST5053",5,17.0,305690.0,61138.0,"Repeat"
"CUST5054",3,11.0,441216.0,147072.0,"Repeat"
"CUST5055",1,2.0,90359.0,90359.0,"One-time"
"CUST5056",1,5.0,27616.0,27616.0,"One-time"
"CUST5057",3,8.0,233318.0,77772.67,"Repeat"
"CUST5060",2,6.0,146914.0,73457.0,"Repeat"
"CUST5062",2,10.0,143626.0,71813.0,"Repeat"
"CUST5063",2,7.0,132114.0,66057.0,"Repeat"
"CUST5064",1,1.0,26699.0,26699.0,"One-time"
"CUST5065",2,6.0,32165.0,16082.5,"Repeat"
"CUST5066",5,18.0,654951.0,130990.2,"Repeat"
"CUST5067",6,17.0,194790.0,32465.0,"Repeat"
"CUST5068",2,6.0,236463.0,118231.5,"Repeat"
"CUST5071",2,5.0,59851.0,29925.5,"Repeat"
"CUST5072",3,11.0,144175.0,48058.33,"Repeat"
"CUST5073",2,7.0,15020.0,7510.0,"Repeat"
"CUST5074",1,2.0,51300.0,51300.0,"One-time"
"CUST5076",2,6.0,66233.0,33116.5,"Repeat"
"CUST5078",1,1.0,23021.0,23021.0,"One-time"
"CUST5079",5,14.0,328276.0,65655.2,"Repeat"
"CUST5080",2,8.0,150801.0,75400.5,"Repeat"
"CUST5081",1,3.0,121903.0,121903.0,"One-time"
"CUST5083",1,1.0,27996.0,27996.0,"One-time"
"CUST5084",2,4.0,50055.0,25027.5,"Repeat"
"CUST5088",2,6.0,74803.0,37401.5,"Repeat"
"CUST5089",3,8.0,70757.0,23585.67,"Repeat"
"CUST5090",1,1.0,15871.0,15871.0,"One-time"
"CUST5091",3,12.0,81188.0,27062.67,"Repeat"
"CUST5092",2,5.0,236046.0,118023.0,"Repeat"
"CUST5094",2,2.0,64015.0,32007.5,"Repeat"
"CUST5095",1,3.0,125752.0,125752.0,"One-time"
"CUST5096",1,3.0,175.0,175.0,"One-time"
"CUST5097",1,3.0,96057.0,96057.0,"One-time"
"CUST5098",2,6.0,125377.0,62688.5,"Repeat"
"CUST5100",3,8.0,268245.0,89415.0,"Repeat"
"CUST5101",2,8.0,238275.0,119137.5,"Repeat"
"CUST5102",2,7.0,49469.0,24734.5,"Repeat"
"CUST5103",2,5.0,109037.0,54518.5,"Repeat"
"CUST5104",6,23.0,632640.0,105440.0,"Repeat"
"CUST5105",3,8.0,69002.0,23000.67,"Repeat"
"CUST5106",2,10.0,197831.0,98915.5,"Repeat"
"CUST5108",1,4.0,94104.0,94104.0,"One-time"
"CUST5110",1,5.0,250.0,250.0,"One-time"
"CUST5112",1,2.0,150.0,150.0,"One-time"
"CUST5114",2,7.0,375.0,187.5,"Repeat"
"CUST5115",3,10.0,405967.0,135322.33,"Repeat"
"CUST5116",1,3.0,64120.0,64120.0,"One-time"
"CUST5117",2,6.0,205702.0,102851.0,"Repeat"
"CUST5118",2,9.0,188540.0,94270.0,"Repeat"
"CUST5119",3,4.0,99145.0,33048.33,"Repeat"
"CUST5120",2,6.0,176691.0,88345.5,"Repeat"
"CUST5121",1,4.0,31494.0,31494.0,"One-time"
"CUST5122",2,5.0,198259.0,99129.5,"Repeat"
"CUST5123",3,8.0,224733.0,74911.0,"Repeat"
"CUST5124",2,4.0,189221.0,94610.5,"Repeat"
"CUST5125",1,3.0,128711.0,128711.0,"One-time"
"CUST5127",1,4.0,143243.0,143243.0,"One-time"
"CUST5128",2,6.0,10548.0,5274.0,"Repeat"
"CUST5129",2,6.0,224050.0,112025.0,"Repeat"
"CUST5132",1,5.0,6326.0,6326.0,"One-time"
"CUST5135",3,11.0,169827.0,56609.0,"Repeat"
"CUST5136",3,10.0,195888.0,65296.0,"Repeat"
"CUST5137",3,6.0,89171.0,29723.67,"Repeat"
"CUST5138",3,9.0,257317.0,85772.33,"Repeat"
"CUST5140",3,11.0,175507.0,58502.33,"Repeat"
"CUST5141",2,7.0,216703.0,108351.5,"Repeat"
"CUST5142",1,1.0,7936.0,7936.0,"One-time"
"CUST5143",1,3.0,138806.0,138806.0,"One-time"
"CUST5144",1,4.0,140209.0,140209.0,"One-time"
"CUST5145",2,6.0,204635.0,102317.5,"Repeat"
"CUST5146",4,15.0,250825.0,62706.25,"Repeat"
"CUST5147",1,1.0,49751.0,49751.0,"One-time"
"CUST5148",1,3.0,6124.0,6124.0,"One-time"
"CUST5149",3,6.0,133753.0,44584.33,"Repeat"
"CUST5150",1,3.0,77598.0,77598.0,"One-time"
"CUST5151",1,2.0,82121.0,82121.0,"One-time"
"CUST5155",3,13.0,422747.0,140915.67,"Repeat"
"CUST5156",1,2.0,50656.0,50656.0,"One-time"
"CUST5157",5,16.0,109720.0,21944.0,"Repeat"
"CUST5158",2,6.0,238348.0,119174.0,"Repeat"
"CUST5159",1,1.0,20348.0,20348.0,"One-time"
"CUST5161",7,26.0,283868.0,40552.57,"Repeat"
"CUST5162",2,8.0,327517.0,163758.5,"Repeat"
"CUST5163",1,3.0,133792.0,133792.0,"One-time"
"CUST5164",1,1.0,39871.0,39871.0,"One-time"
"CUST5166",2,8.0,204392.0,102196.0,"Repeat"
"CUST5167",2,5.0,86012.0,43006.0,"Repeat"
"CUST5168",2,5.0,84676.0,42338.0,"Repeat"
"CUST5169",1,5.0,137074.0,137074.0,"One-time"
"CUST5170",1,2.0,52326.0,52326.0,"One-time"
"CUST5172",6,21.0,655173.0,109195.5,"Repeat"
"CUST5173",3,12.0,236918.0,78972.67,"Repeat"
"CUST5174",1,2.0,11339.0,11339.0,"One-time"
"CUST5175",4,15.0,212427.0,53106.75,"Repeat"
"CUST5176",3,7.0,114394.0,38131.33,"Repeat"
"CUST5177",2,10.0,320071.0,160035.5,"Repeat"
"CUST5178",3,12.0,336088.0,112029.33,"Repeat"
"CUST5179",1,1.0,24763.0,24763.0,"One-time"
"CUST5180",2,9.0,133858.0,66929.0,"Repeat"
"CUST5181",2,2.0,80633.0,40316.5,"Repeat"
"CUST5182",3,11.0,254904.0,84968.0,"Repeat"
"CUST5184",1,1.0,19859.0,19859.0,"One-time"
"CUST5185",2,6.0,226729.0,113364.5,"Repeat"
"CUST5186",4,10.0,154669.0,38667.25,"Repeat"
"CUST5188",3,12.0,320605.0,106868.33,"Repeat"
"CUST5189",2,6.0,163181.0,81590.5,"Repeat"
"CUST5190",4,12.0,304022.0,76005.5,"Repeat"
"CUST5191",1,1.0,7633.0,7633.0,"One-time"
"CUST5192",1,2.0,62323.0,62323.0,"One-time"
"CUST5193",5,23.0,646172.0,129234.4,"Repeat"
"CUST5194",2,9.0,331539.0,165769.5,"Repeat"
"CUST5195",2,6.0,375.0,187.5,"Repeat"
"CUST5197",1,4.0,200.0,200.0,"One-time"
"CUST5199",1,3.0,7010.0,7010.0,"One-time"
"CUST5200",2,3.0,69288.0,34644.0,"Repeat"
"CUST5201",4,12.0,289844.0,72461.0,"Repeat"
"CUST5202",1,4.0,115429.0,115429.0,"One-time"
"CUST5204",1,1.0,28796.0,28796.0,"One-time"
"CUST5205",4,11.0,303760.0,75940.0,"Repeat"
"CUST5206",1,1.0,22072.0,22072.0,"One-time"
"CUST5207",3,11.0,457139.0,152379.67,"Repeat"
"CUST5209",2,6.0,148067.0,74033.5,"Repeat"
"CUST5210",5,10.0,104578.0,20915.6,"Repeat"
"CUST5211",2,6.0,155518.0,77759.0,"Repeat"
"CUST5212",3,6.0,286959.0,95653.0,"Repeat"
"CUST5213",2,6.0,202609.0,101304.5,"Repeat"
"CUST5214",1,2.0,150.0,150.0,"One-time"
"CUST5215",2,6.0,151430.0,75715.0,"Repeat"
"CUST5217",3,8.0,142883.0,47627.67,"Repeat"
"CUST5218",1,3.0,80684.0,80684.0,"One-time"
"CUST5221",1,1.0,125.0,125.0,"One-time"
"CUST5222",2,6.0,182588.0,91294.0,"Repeat"
"CUST5223",2,4.0,50755.0,25377.5,"Repeat"
"CUST5224",3,6.0,234597.0,78199.0,"Repeat"
"CUST5225",4,10.0,50758.0,12689.5,"Repeat"
"CUST5228",1,3.0,147958.0,147958.0,"One-time"
"CUST5229",1,2.0,46095.0,46095.0,"One-time"
"CUST5230",2,5.0,43251.0,21625.5,"Repeat"
"CUST5231",1,3.0,135914.0,135914.0,"One-time"
"CUST5232",1,2.0,150.0,150.0,"One-time"
"CUST5233",2,6.0,31835.0,15917.5,"Repeat"
"CUST5236",4,10.0,225278.0,56319.5,"Repeat"
"CUST5238",1,3.0,141409.0,141409.0,"One-time"
"CUST5239",1,3.0,86682.0,86682.0,"One-time"
"CUST5240",1,3.0,124506.0,124506.0,"One-time"
"CUST5241",1,3.0,120058.0,120058.0,"One-time"
"CUST5243",1,1.0,25362.0,25362.0,"One-time"
"CUST5245",2,9.0,230965.0,115482.5,"Repeat"
"CUST5246",1,3.0,71299.0,71299.0,"One-time"
"CUST5249",2,8.0,184316.0,92158.0,"Repeat"
"CUST5250",3,9.0,180298.0,60099.33,"Repeat"
"CUST5251",1,5.0,193505.0,193505.0,"One-time"
"CUST5252",4,12.0,295856.0,73964.0,"Repeat"
"CUST5253",1,1.0,3668.0,3668.0,"One-time"
"CUST5254",3,9.0,83028.0,27676.0,"Repeat"
"CUST5255",1,2.0,449.0,449.0,"One-time"
"CUST5256",4,7.0,193389.0,48347.25,"Repeat"
"CUST5257",1,4.0,191067.0,191067.0,"One-time"
"CUST5258",1,2.0,5267.0,5267.0,"One-time"
"CUST5259",1,4.0,79277.0,79277.0,"One-time"
"CUST5260",2,5.0,112686.0,56343.0,"Repeat"
"CUST5261",3,14.0,227802.0,75934.0,"Repeat"
"CUST5263",4,11.0,404053.0,101013.25,"Repeat"
"CUST5265",3,10.0,106353.0,35451.0,"Repeat"
"CUST5266",3,10.0,213593.0,71197.67,"Repeat"
"CUST5267",2,3.0,34964.0,17482.0,"Repeat"
"CUST5269",1,5.0,173441.0,173441.0,"One-time"
"CUST5270",1,5.0,106082.0,106082.0,"One-time"
"CUST5271",3,13.0,297191.0,99063.67,"Repeat"
"CUST5272",2,6.0,66986.0,33493.0,"Repeat"
"CUST5273",2,7.0,240635.0,120317.5,"Repeat"
"CUST5276",2,4.0,49112.0,24556.0,"Repeat"
"CUST5277",4,18.0,595705.0,148926.25,"Repeat"
"CUST5278",1,5.0,233441.0,233441.0,"One-time"
"CUST5279",2,7.0,285351.0,142675.5,"Repeat"
"CUST5280",3,11.0,297605.0,99201.67,"Repeat"
"CUST5281",1,2.0,4153.0,4153.0,"One-time"
"CUST5285",2,7.0,280332.0,140166.0,"Repeat"
"CUST5286",1,3.0,84342.0,84342.0,"One-time"
"CUST5287",2,6.0,242959.0,121479.5,"Repeat"
"CUST5288",3,11.0,223439.0,74479.67,"Repeat"
"CUST5289",4,11.0,215876.0,53969.0,"Repeat"
"CUST5290",2,7.0,89259.0,44629.5,"Repeat"
"CUST5291",3,13.0,81272.0,27090.67,"Repeat"
"CUST5292",2,6.0,24638.0,12319.0,"Repeat"
"CUST5293",2,5.0,174203.0,87101.5,"Repeat"
"CUST5294",2,6.0,208792.0,104396.0,"Repeat"
"CUST5295",2,6.0,44848.0,22424.0,"Repeat"
"CUST5296",3,8.0,176761.0,58920.33,"Repeat"
"CUST5297",1,2.0,36738.0,36738.0,"One-time"
"CUST5298",3,9.0,126954.0,42318.0,"Repeat"
"CUST5299",2,6.0,47155.0,23577.5,"Repeat"
"CUST5301",1,3.0,109214.0,109214.0,"One-time"
"CUST5302",1,1.0,46603.0,46603.0,"One-time"
"CUST5303",1,5.0,95973.0,95973.0,"One-time"
"CUST5304",1,3.0,90237.0,90237.0,"One-time"
"CUST5305",4,8.0,271441.0,67860.25,"Repeat"
"CUST5306",4,10.0,182546.0,45636.5,"Repeat"
"CUST5307",3,6.0,11229.0,3743.0,"Repeat"
"CUST5308",1,5.0,139766.0,139766.0,"One-time"
"CUST5310",2,7.0,123306.0,61653.0,"Repeat"
"CUST5312",2,7.0,296984.0,148492.0,"Repeat"
"CUST5313",2,4.0,20634.0,10317.0,"Repeat"
"CUST5314",2,5.0,31184.0,15592.0,"Repeat"
"CUST5315",1,5.0,223562.0,223562.0,"One-time"
"CUST5318",1,1.0,14443.0,14443.0,"One-time"
"CUST5319",2,10.0,328006.0,164003.0,"Repeat"
"CUST5322",1,5.0,240219.0,240219.0,"One-time"
"CUST5323",3,10.0,220679.0,73559.67,"Repeat"
"CUST5324",3,9.0,232945.0,77648.33,"Repeat"
"CUST5325",1,2.0,43786.0,43786.0,"One-time"
"CUST5326",2,4.0,179750.0,89875.0,"Repeat"
"CUST5327",1,5.0,57341.0,57341.0,"One-time"
"CUST5328",2,7.0,250542.0,125271.0,"Repeat"
"CUST5329",3,9.0,358745.0,119581.67,"Repeat"
"CUST5330",5,16.0,262392.0,52478.4,"Repeat"
"CUST5331",2,6.0,38027.0,19013.5,"Repeat"
"CUST5332",1,1.0,125.0,125.0,"One-time"
"CUST5333",2,4.0,107981.0,53990.5,"Repeat"
"CUST5334",2,6.0,231664.0,115832.0,"Repeat"
"CUST5335",3,12.0,241413.0,80471.0,"Repeat"
"CUST5336",2,7.0,146783.0,73391.5,"Repeat"
"CUST5337",1,4.0,194593.0,194593.0,"One-time"
"CUST5338",6,19.0,330207.0,55034.5,"Repeat"
"CUST5339",1,1.0,125.0,125.0,"One-time"
"CUST5340",2,6.0,12127.0,6063.5,"Repeat"
"CUST5341",2,6.0,203455.0,101727.5,"Repeat"
"CUST5342",1,1.0,125.0,125.0,"One-time"
"CUST5343",1,4.0,77494.0,77494.0,"One-time"
"CUST5344",3,8.0,47850.0,15950.0,"Repeat"
"CUST5345",2,8.0,37939.0,18969.5,"Repeat"
"CUST5347",1,4.0,160417.0,160417.0,"One-time"
"CUST5348",3,8.0,78831.0,26277.0,"Repeat"
"CUST5350",6,20.0,540600.0,90100.0,"Repeat"
"CUST5352",3,7.0,93993.0,31331.0,"Repeat"
"CUST5353",2,6.0,185534.0,92767.0,"Repeat"
"CUST5354",1,4.0,114002.0,114002.0,"One-time"
"CUST5355",2,7.0,208559.0,104279.5,"Repeat"
"CUST5356",1,3.0,138960.0,138960.0,"One-time"
"CUST5357",1,5.0,12056.0,12056.0,"One-time"
"CUST5358",1,1.0,44370.0,44370.0,"One-time"
"CUST5359",1,2.0,22420.0,22420.0,"One-time"
"CUST5360",1,1.0,15119.0,15119.0,"One-time"
"CUST5362",1,4.0,68163.0,68163.0,"One-time"
"CUST5364",1,5.0,100959.0,100959.0,"One-time"
"CUST5365",1,5.0,229154.0,229154.0,"One-time"
"CUST5366",1,2.0,48054.0,48054.0,"One-time"
"CUST5367",1,1.0,46352.0,46352.0,"One-time"
"CUST5368",3,4.0,90672.0,30224.0,"Repeat"
"CUST5370",3,12.0,322382.0,107460.67,"Repeat"
"CUST5371",1,3.0,75288.0,75288.0,"One-time"
"CUST5372",1,5.0,148162.0,148162.0,"One-time"
"CUST5373",1,3.0,69437.0,69437.0,"One-time"
"CUST5374",2,3.0,28810.0,14405.0,"Repeat"
"CUST5375",6,18.0,462210.0,77035.0,"Repeat"
"CUST5376",1,5.0,250.0,250.0,"One-time"
"CUST5377",3,12.0,205156.0,68385.33,"Repeat"
"CUST5378",2,9.0,8437.0,4218.5,"Repeat"
"CUST5379",3,10.0,275961.0,91987.0,"Repeat"
"CUST5380",1,5.0,90993.0,90993.0,"One-time"
"CUST5381",2,5.0,113358.0,56679.0,"Repeat"
"CUST5382",2,8.0,316823.0,158411.5,"Repeat"
"CUST5383",1,3.0,175.0,175.0,"One-time"
"CUST5384",1,4.0,162634.0,162634.0,"One-time"
"CUST5385",1,4.0,200.0,200.0,"One-time"
"CUST5386",1,3.0,135733.0,135733.0,"One-time"
"CUST5387",4,16.0,489801.0,122450.25,"Repeat"
"CUST5388",1,2.0,14310.0,14310.0,"One-time"
"CUST5389",2,6.0,82597.0,41298.5,"Repeat"
"CUST5390",1,4.0,200.0,200.0,"One-time"
"CUST5393",1,2.0,2685.0,2685.0,"One-time"
"CUST5394",1,5.0,154475.0,154475.0,"One-time"
"CUST5395",1,4.0,66700.0,66700.0,"One-time"
"CUST5396",4,14.0,339029.0,84757.25,"Repeat"
"CUST5397",1,1.0,41044.0,41044.0,"One-time"
"CUST5398",4,11.0,75336.0,18834.0,"Repeat"
"CUST5399",2,4.0,26212.0,13106.0,"Repeat"
"CUST5400",2,4.0,92638.0,46319.0,"Repeat"
"CUST5401",1,4.0,87024.0,87024.0,"One-time"
"CUST5402",1,5.0,130611.0,130611.0,"One-time"
"CUST5403",1,4.0,200.0,200.0,"One-time"
"CUST5404",1,4.0,137793.0,137793.0,"One-time"
"CUST5405",4,14.0,98185.0,24546.25,"Repeat"
"CUST5406",1,4.0,166658.0,166658.0,"One-time"
"CUST5407",1,3.0,9454.0,9454.0,"One-time"
"CUST5408",2,4.0,113856.0,56928.0,"Repeat"
"CUST5409",2,9.0,205648.0,102824.0,"Repeat"
"CUST5410",2,4.0,69274.0,34637.0,"Repeat"
"CUST5411",1,1.0,125.0,125.0,"One-time"
"CUST5412",2,7.0,218731.0,109365.5,"Repeat"
"CUST5413",4,13.0,389098.0,97274.5,"Repeat"
"CUST5414",4,8.0,140756.0,35189.0,"Repeat"
"CUST5416",3,9.0,80937.0,26979.0,"Repeat"
"CUST5417",1,4.0,162947.0,162947.0,"One-time"
"CUST5419",2,4.0,52768.0,26384.0,"Repeat"
"CUST5420",1,1.0,11127.0,11127.0,"One-time"
"CUST5422",3,7.0,177805.0,59268.33,"Repeat"
"CUST5423",1,1.0,34341.0,34341.0,"One-time"
"CUST5425",3,8.0,79985.0,26661.67,"Repeat"
"CUST5426",1,5.0,176914.0,176914.0,"One-time"
"CUST5428",2,8.0,286701.0,143350.5,"Repeat"
"CUST5429",5,12.0,216819.0,43363.8,"Repeat"
"CUST5431",1,4.0,40451.0,40451.0,"One-time"
"CUST5432",3,11.0,332212.0,110737.33,"Repeat"
"CUST5433",2,7.0,182672.0,91336.0,"Repeat"
"CUST5434",1,1.0,7854.0,7854.0,"One-time"
"CUST5435",2,5.0,93609.0,46804.5,"Repeat"
"CUST5436",1,1.0,46612.0,46612.0,"One-time"
"CUST5437",2,5.0,132737.0,66368.5,"Repeat"
"CUST5439",1,4.0,138718.0,138718.0,"One-time"
"CUST5440",4,10.0,128031.0,32007.75,"Repeat"
"CUST5441",1,5.0,204573.0,204573.0,"One-time"
"CUST5442",1,3.0,124017.0,124017.0,"One-time"
"CUST5443",2,3.0,37881.0,18940.5,"Repeat"
"CUST5444",4,11.0,127566.0,31891.5,"Repeat"
"CUST5445",2,7.0,32046.0,16023.0,"Repeat"
"CUST5447",1,2.0,96606.0,96606.0,"One-time"
"CUST5448",3,13.0,404599.0,134866.33,"Repeat"
"CUST5449",2,3.0,115514.0,57757.0,"Repeat"
"CUST5450",1,5.0,68512.0,68512.0,"One-time"
"CUST5451",1,4.0,196374.0,196374.0,"One-time"
"CUST5453",2,4.0,61605.0,30802.5,"Repeat"
"CUST5454",2,7.0,93666.0,46833.0,"Repeat"
"CUST5456",1,3.0,102143.0,102143.0,"One-time"
"CUST5457",1,4.0,50123.0,50123.0,"One-time"
"CUST5458",2,2.0,42590.0,21295.0,"Repeat"
"CUST5459",1,4.0,96544.0,96544.0,"One-time"
"CUST5460",1,2.0,41833.0,41833.0,"One-time"
"CUST5462",1,2.0,25333.0,25333.0,"One-time"
"CUST5463",3,6.0,18987.0,6329.0,"Repeat"
"CUST5464",1,4.0,136834.0,136834.0,"One-time"
"CUST5466",2,9.0,102229.0,51114.5,"Repeat"
"CUST5468",2,4.0,132972.0,66486.0,"Repeat"
"CUST5470",3,10.0,333299.0,111099.67,"Repeat"
"CUST5471",3,11.0,281467.0,93822.33,"Repeat"
"CUST5472",1,4.0,121166.0,121166.0,"One-time"
"CUST5474",1,5.0,205794.0,205794.0,"One-time"
"CUST5475",2,5.0,89590.0,44795.0,"Repeat"
"CUST5476",3,8.0,262440.0,87480.0,"Repeat"
"CUST5477",1,4.0,150191.0,150191.0,"One-time"
"CUST5478",2,6.0,78868.0,39434.0,"Repeat"
"CUST5479",1,2.0,50038.0,50038.0,"One-time"
"CUST5480",4,12.0,317754.0,79438.5,"Repeat"
"CUST5482",1,3.0,80660.0,80660.0,"One-time"
"CUST5483",2,3.0,36990.0,18495.0,"Repeat"
"CUST5484",3,12.0,388598.0,129532.67,"Repeat"
"CUST5485",1,3.0,27034.0,27034.0,"One-time"
"CUST5486",2,6.0,92309.0,46154.5,"Repeat"
"CUST5487",1,1.0,26481.0,26481.0,"One-time"
"CUST5488",4,5.0,87766.0,21941.5,"Repeat"
"CUST5489",1,1.0,125.0,125.0,"One-time"
"CUST5490",2,6.0,150361.0,75180.5,"Repeat"
"CUST5491",1,2.0,79321.0,79321.0,"One-time"
"CUST5492",2,4.0,104064.0,52032.0,"Repeat"
"CUST5493",1,2.0,41881.0,41881.0,"One-time"
"CUST5494",1,2.0,68715.0,68715.0,"One-time"
"CUST5496",2,5.0,194624.0,97312.0,"Repeat"
"CUST5497",1,1.0,46756.0,46756.0,"One-time"
"CUST5499",2,7.0,201540.0,100770.0,"Repeat"
"CUST5500",2,5.0,84763.0,42381.5,"Repeat"
"CUST5501",1,5.0,250.0,250.0,"One-time"
"CUST5502",1,4.0,127095.0,127095.0,"One-time"
"CUST5503",2,6.0,30232.0,15116.0,"Repeat"
"CUST5504",4,13.0,404234.0,101058.5,"Repeat"
"CUST5505",2,2.0,55054.0,27527.0,"Repeat"
"CUST5506",1,1.0,30903.0,30903.0,"One-time"
"CUST5507",2,5.0,239692.0,119846.0,"Repeat"
"CUST5508",1,5.0,161024.0,161024.0,"One-time"
"CUST5509",4,10.0,109138.0,27284.5,"Repeat"
"CUST5510",2,8.0,165991.0,82995.5,"Repeat"
"CUST5512",6,18.0,135686.0,22614.33,"Repeat"
"CUST5513",1,4.0,78066.0,78066.0,"One-time"
"CUST5514",1,4.0,71885.0,71885.0,"One-time"
"CUST5515",1,2.0,150.0,150.0,"One-time"
"CUST5516",3,8.0,87349.0,29116.33,"Repeat"
"CUST5518",2,3.0,52530.0,26265.0,"Repeat"
"CUST5519",1,1.0,7608.0,7608.0,"One-time"
"CUST5520",2,6.0,90031.0,45015.5,"Repeat"
"CUST5521",2,9.0,30120.0,15060.0,"Repeat"
"CUST5522",2,7.0,199510.0,99755.0,"Repeat"
"CUST5523",1,4.0,200.0,200.0,"One-time"
"CUST5524",1,4.0,94602.0,94602.0,"One-time"
"CUST5526",2,6.0,227949.0,113974.5,"Repeat"
"CUST5527",2,8.0,213195.0,106597.5,"Repeat"
"CUST5529",1,5.0,238635.0,238635.0,"One-time"
"CUST5530",3,8.0,175250.0,58416.67,"Repeat"
"CUST5531",2,6.0,9732.0,4866.0,"Repeat"
"CUST5532",1,2.0,81187.0,81187.0,"One-time"
"CUST5533",2,9.0,52490.0,26245.0,"Repeat"
"CUST5534",2,5.0,43588.0,21794.0,"Repeat"
"CUST5535",1,1.0,46989.0,46989.0,"One-time"
"CUST5536",1,4.0,67661.0,67661.0,"One-time"
"CUST5537",1,2.0,98552.0,98552.0,"One-time"
"CUST5538",4,14.0,412142.0,103035.5,"Repeat"
"CUST5539",2,6.0,121657.0,60828.5,"Repeat"
"CUST5540",1,5.0,177986.0,177986.0,"One-time"
"CUST5542",2,8.0,177743.0,88871.5,"Repeat"
"CUST5543",3,7.0,157107.0,52369.0,"Repeat"
"CUST5544",3,8.0,332743.0,110914.33,"Repeat"
"CUST5545",5,20.0,555515.0,111103.0,"Repeat"
"CUST5546",1,2.0,53360.0,53360.0,"One-time"
"CUST5547",3,8.0,265057.0,88352.33,"Repeat"
"CUST5549",1,2.0,82608.0,82608.0,"One-time"
"CUST5550",2,3.0,115799.0,57899.5,"Repeat"
"CUST5551",2,6.0,159879.0,79939.5,"Repeat"
"CUST5552",4,9.0,186261.0,46565.25,"Repeat"
"CUST5553",2,5.0,19396.0,9698.0,"Repeat"
"CUST5554",1,5.0,234273.0,234273.0,"One-time"
"CUST5556",5,15.0,423098.0,84619.6,"Repeat"
"CUST5558",2,8.0,90947.0,45473.5,"Repeat"
"CUST5559",2,6.0,102697.0,51348.5,"Repeat"
"CUST5563",2,5.0,11997.0,5998.5,"Repeat"
"CUST5564",2,6.0,254319.0,127159.5,"Repeat"
"CUST5565",4,8.0,214025.0,53506.25,"Repeat"
"CUST5566",4,10.0,258454.0,64613.5,"Repeat"
"CUST5567",2,7.0,97560.0,48780.0,"Repeat"
"CUST5569",3,15.0,359079.0,119693.0,"Repeat"
"CUST5571",3,12.0,305501.0,101833.67,"Repeat"
"CUST5572",2,8.0,116665.0,58332.5,"Repeat"
"CUST5573",1,2.0,9335.0,9335.0,"One-time"
"CUST5575",2,10.0,149508.0,74754.0,"Repeat"
"CUST5576",4,13.0,428025.0,107006.25,"Repeat"
"CUST5577",1,5.0,25757.0,25757.0,"One-time"
"CUST5578",4,10.0,180536.0,45134.0,"Repeat"
"CUST5579",1,4.0,92796.0,92796.0,"One-time"
"CUST5580",4,15.0,292536.0,73134.0,"Repeat"
"CUST5581",1,1.0,27543.0,27543.0,"One-time"
"CUST5582",2,5.0,60039.0,30019.5,"Repeat"
"CUST5583",2,5.0,162193.0,81096.5,"Repeat"
"CUST5584",2,5.0,57769.0,28884.5,"Repeat"
"CUST5585",1,5.0,136786.0,136786.0,"One-time"
"CUST5587",2,5.0,236689.0,118344.5,"Repeat"
"CUST5588",2,7.0,200938.0,100469.0,"Repeat"
"CUST5589",3,7.0,102764.0,34254.67,"Repeat"
"CUST5590",2,6.0,167700.0,83850.0,"Repeat"
"CUST5592",2,10.0,403014.0,201507.0,"Repeat"
"CUST5593",2,6.0,41017.0,20508.5,"Repeat"
"CUST5595",2,7.0,70126.0,35063.0,"Repeat"
"CUST5596",5,16.0,435331.0,87066.2,"Repeat"
"CUST5597",1,3.0,175.0,175.0,"One-time"
"CUST5598",1,4.0,199486.0,199486.0,"One-time"
"CUST5599",1,2.0,98020.0,98020.0,"One-time"
"CUST5600",2,7.0,121328.0,60664.0,"Repeat"
"CUST5601",2,4.0,31712.0,15856.0,"Repeat"
"CUST5602",3,6.0,226157.0,75385.67,"Repeat"
"CUST5604",1,2.0,81988.0,81988.0,"One-time"
"CUST5605",2,3.0,141057.0,70528.5,"Repeat"
"CUST5606",1,2.0,16248.0,16248.0,"One-time"
"CUST5607",4,15.0,322591.0,80647.75,"Repeat"
"CUST5608",1,5.0,250.0,250.0,"One-time"
"CUST5609",2,5.0,122221.0,61110.5,"Repeat"
"CUST5610",2,6.0,187482.0,93741.0,"Repeat"
"CUST5611",3,9.0,71742.0,23914.0,"Repeat"
"CUST5612",2,5.0,51919.0,25959.5,"Repeat"
"CUST5613",1,1.0,125.0,125.0,"One-time"
"CUST5614",1,1.0,23163.0,23163.0,"One-time"
"CUST5615",2,8.0,123758.0,61879.0,"Repeat"
"CUST5616",3,6.0,26793.0,8931.0,"Repeat"
"CUST5617",2,5.0,178743.0,89371.5,"Repeat"
"CUST5618",3,11.0,1853.0,617.67,"Repeat"
"CUST5619",1,2.0,15220.0,15220.0,"One-time"
"CUST5620",2,9.0,189749.0,94874.5,"Repeat"
"CUST5621",3,9.0,219403.0,73134.33,"Repeat"
"CUST5623",1,3.0,55658.0,55658.0,"One-time"
"CUST5624",3,7.0,201035.0,67011.67,"Repeat"
"CUST5625",1,1.0,43578.0,43578.0,"One-time"
"CUST5626",2,7.0,139111.0,69555.5,"Repeat"
"CUST5627",1,4.0,57090.0,57090.0,"One-time"
"CUST5630",2,6.0,350.0,175.0,"Repeat"
"CUST5631",3,9.0,236126.0,78708.67,"Repeat"
"CUST5632",1,3.0,5476.0,5476.0,"One-time"
"CUST5633",4,9.0,106033.0,26508.25,"Repeat"
"CUST5634",1,2.0,84057.0,84057.0,"One-time"
"CUST5635",3,9.0,257047.0,85682.33,"Repeat"
"CUST5636",1,2.0,17231.0,17231.0,"One-time"
"CUST5637",1,1.0,44261.0,44261.0,"One-time"
"CUST5638",3,12.0,268654.0,89551.33,"Repeat"
"CUST5639",1,1.0,46945.0,46945.0,"One-time"
"CUST5640",1,1.0,47646.0,47646.0,"One-time"
"CUST5641",2,5.0,2885.0,1442.5,"Repeat"
"CUST5642",4,10.0,431741.0,107935.25,"Repeat"
"CUST5643",2,2.0,410.0,205.0,"Repeat"
"CUST5644",5,12.0,328389.0,65677.8,"Repeat"
"CUST5646",3,8.0,240567.0,80189.0,"Repeat"
"CUST5648",3,7.0,259982.0,86660.67,"Repeat"
"CUST5649",4,8.0,138785.0,34696.25,"Repeat"
"CUST5650",1,3.0,72139.0,72139.0,"One-time"
"CUST5651",4,8.0,208253.0,52063.25,"Repeat"
"CUST5653",1,5.0,141323.0,141323.0,"One-time"
"CUST5654",2,8.0,105623.0,52811.5,"Repeat"
"CUST5655",1,2.0,63818.0,63818.0,"One-time"
"CUST5656",2,5.0,15634.0,7817.0,"Repeat"
"CUST5657",1,2.0,25320.0,25320.0,"One-time"
"CUST5658",2,8.0,197492.0,98746.0,"Repeat"
"CUST5659",1,3.0,10348.0,10348.0,"One-time"
"CUST5660",1,3.0,2073.0,2073.0,"One-time"
"CUST5661",5,12.0,400292.0,80058.4,"Repeat"
"CUST5662",1,4.0,41575.0,41575.0,"One-time"
"CUST5663",3,7.0,160394.0,53464.67,"Repeat"
"CUST5664",3,13.0,89618.0,29872.67,"Repeat"
"CUST5665",4,14.0,339822.0,84955.5,"Repeat"
"CUST5666",1,3.0,133880.0,133880.0,"One-time"
"CUST5667",1,2.0,7455.0,7455.0,"One-time"
"CUST5668",3,11.0,348310.0,116103.33,"Repeat"
"CUST5669",1,5.0,250.0,250.0,"One-time"
"CUST5670",3,13.0,203098.0,67699.33,"Repeat"
"CUST5671",1,3.0,6733.0,6733.0,"One-time"
"CUST5673",1,2.0,32899.0,32899.0,"One-time"
"CUST5674",1,2.0,60922.0,60922.0,"One-time"
"CUST5675",2,5.0,204483.0,102241.5,"Repeat"
"CUST5676",3,8.0,211357.0,70452.33,"Repeat"
"CUST5677",1,5.0,203059.0,203059.0,"One-time"
"CUST5679",3,8.0,123040.0,41013.33,"Repeat"
"CUST5680",1,5.0,66693.0,66693.0,"One-time"
"CUST5684",1,3.0,143064.0,143064.0,"One-time"
"CUST5686",3,5.0,85460.0,28486.67,"Repeat"
"CUST5687",1,2.0,45621.0,45621.0,"One-time"
"CUST5689",4,10.0,208339.0,52084.75,"Repeat"
"CUST5692",3,9.0,38447.0,12815.67,"Repeat"
"CUST5693",3,11.0,158050.0,52683.33,"Repeat"
"CUST5694",3,7.0,117042.0,39014.0,"Repeat"
"CUST5695",2,9.0,314156.0,157078.0,"Repeat"
"CUST5697",1,1.0,125.0,125.0,"One-time"
"CUST5698",2,5.0,152146.0,76073.0,"Repeat"
"CUST5699",4,13.0,208032.0,52008.0,"Repeat"
"CUST5700",1,1.0,11122.0,11122.0,"One-time"
"CUST5701",2,5.0,185075.0,92537.5,"Repeat"
"CUST5702",1,5.0,169241.0,169241.0,"One-time"
"CUST5703",1,2.0,150.0,150.0,"One-time"
"CUST5706",2,4.0,73620.0,36810.0,"Repeat"
"CUST5707",2,4.0,122252.0,61126.0,"Repeat"
"CUST5709",2,4.0,128253.0,64126.5,"Repeat"
"CUST5710",2,3.0,55459.0,27729.5,"Repeat"
"CUST5711",1,3.0,119282.0,119282.0,"One-time"
"CUST5712",1,5.0,93640.0,93640.0,"One-time"
"CUST5713",1,1.0,44769.0,44769.0,"One-time"
"CUST5714",2,6.0,158175.0,79087.5,"Repeat"
"CUST5715",1,1.0,22042.0,22042.0,"One-time"
"CUST5716",2,8.0,159650.0,79825.0,"Repeat"
"CUST5717",2,8.0,366331.0,183165.5,"Repeat"
"CUST5718",1,4.0,200.0,200.0,"One-time"
"CUST5720",1,2.0,31965.0,31965.0,"One-time"
"CUST5726",1,2.0,47715.0,47715.0,"One-time"
"CUST5727",2,3.0,14486.0,7243.0,"Repeat"
"CUST5728",4,16.0,421254.0,105313.5,"Repeat"
"CUST5729",3,9.0,141149.0,47049.67,"Repeat"
"CUST5732",1,3.0,34627.0,34627.0,"One-time"
"CUST5734",2,3.0,45131.0,22565.5,"Repeat"
"CUST5735",1,1.0,15302.0,15302.0,"One-time"
"CUST5736",1,4.0,37257.0,37257.0,"One-time"
"CUST5738",2,5.0,173032.0,86516.0,"Repeat"
"CUST5739",6,23.0,114118.0,19019.67,"Repeat"
"CUST5740",1,1.0,40456.0,40456.0,"One-time"
"CUST5741",2,6.0,42355.0,21177.5,"Repeat"
"CUST5742",3,9.0,255158.0,85052.67,"Repeat"
"CUST5743",1,1.0,3503.0,3503.0,"One-time"
"CUST5744",2,5.0,3506.0,1753.0,"Repeat"
"CUST5746",1,2.0,71686.0,71686.0,"One-time"
"CUST5747",1,5.0,156175.0,156175.0,"One-time"
"CUST5748",2,6.0,180050.0,90025.0,"Repeat"
"CUST5749",2,9.0,284833.0,142416.5,"Repeat"
"CUST5752",1,4.0,66983.0,66983.0,"One-time"
"CUST5753",1,5.0,111645.0,111645.0,"One-time"
"CUST5754",2,6.0,242818.0,121409.0,"Repeat"
"CUST5755",1,4.0,119064.0,119064.0,"One-time"
"CUST5756",4,9.0,256838.0,64209.5,"Repeat"
"CUST5757",3,10.0,243373.0,81124.33,"Repeat"
"CUST5758",1,2.0,17385.0,17385.0,"One-time"
"CUST5759",1,2.0,85111.0,85111.0,"One-time"
"CUST5760",1,1.0,30995.0,30995.0,"One-time"
"CUST5762",3,10.0,211288.0,70429.33,"Repeat"
"CUST5764",2,9.0,315495.0,157747.5,"Repeat"
"CUST5765",3,12.0,189015.0,63005.0,"Repeat"
"CUST5766",3,8.0,143629.0,47876.33,"Repeat"
"CUST5768",3,9.0,236706.0,78902.0,"Repeat"
"CUST5769",1,5.0,94081.0,94081.0,"One-time"
"CUST5770",3,12.0,385365.0,128455.0,"Repeat"
"CUST5771",2,6.0,47127.0,23563.5,"Repeat"
"CUST5772",4,9.0,162299.0,40574.75,"Repeat"
"CUST5773",4,13.0,415816.0,103954.0,"Repeat"
"CUST5774",1,3.0,148207.0,148207.0,"One-time"
"CUST5775",2,8.0,210394.0,105197.0,"Repeat"
"CUST5776",1,4.0,177554.0,177554.0,"One-time"
"CUST5777",1,1.0,23206.0,23206.0,"One-time"
"CUST5778",2,8.0,217216.0,108608.0,"Repeat"
"CUST5780",4,14.0,190890.0,47722.5,"Repeat"
"CUST5781",4,11.0,217714.0,54428.5,"Repeat"
"CUST5783",3,11.0,108453.0,36151.0,"Repeat"
"CUST5784",1,5.0,5205.0,5205.0,"One-time"
"CUST5786",3,6.0,128282.0,42760.67,"Repeat"
"CUST5788",2,4.0,44599.0,22299.5,"Repeat"
"CUST5789",3,8.0,297570.0,99190.0,"Repeat"
"CUST5791",2,7.0,270549.0,135274.5,"Repeat"
"CUST5792",2,8.0,118405.0,59202.5,"Repeat"
"CUST5793",1,1.0,47625.0,47625.0,"One-time"
"CUST5794",1,1.0,40721.0,40721.0,"One-time"
"CUST5795",2,5.0,74034.0,37017.0,"Repeat"
"CUST5797",2,5.0,196160.0,98080.0,"Repeat"
"CUST5800",1,4.0,188973.0,188973.0,"One-time"
"CUST5801",2,4.0,86581.0,43290.5,"Repeat"
"CUST5804",1,1.0,48486.0,48486.0,"One-time"
"CUST5805",3,9.0,292887.0,97629.0,"Repeat"
"CUST5806",2,4.0,184448.0,92224.0,"Repeat"
"CUST5807",3,8.0,89689.0,29896.33,"Repeat"
"CUST5808",4,12.0,282208.0,70552.0,"Repeat"
"CUST5809",1,1.0,12558.0,12558.0,"One-time"
"CUST5810",3,10.0,166379.0,55459.67,"Repeat"
"CUST5812",2,5.0,145320.0,72660.0,"Repeat"
"CUST5813",5,13.0,273786.0,54757.2,"Repeat"
"CUST5814",1,5.0,13885.0,13885.0,"One-time"
"CUST5815",5,20.0,585698.0,117139.6,"Repeat"
"CUST5816",2,8.0,193588.0,96794.0,"Repeat"
"CUST5817",2,5.0,144161.0,72080.5,"Repeat"
"CUST5818",2,6.0,192581.0,96290.5,"Repeat"
"CUST5819",2,6.0,34075.0,17037.5,"Repeat"
"CUST5820",1,2.0,23798.0,23798.0,"One-time"
"CUST5821",2,8.0,233770.0,116885.0,"Repeat"
"CUST5822",3,11.0,354064.0,118021.33,"Repeat"
"CUST5823",2,7.0,135658.0,67829.0,"Repeat"
"CUST5824",2,7.0,133455.0,66727.5,"Repeat"
"CUST5825",2,4.0,8178.0,4089.0,"Repeat"
"CUST5826",1,5.0,250.0,250.0,"One-time"
"CUST5827",2,6.0,155777.0,77888.5,"Repeat"
"CUST5828",4,11.0,407353.0,101838.25,"Repeat"
"CUST5829",2,6.0,14924.0,7462.0,"Repeat"
"CUST5830",2,6.0,201654.0,100827.0,"Repeat"
"CUST5831",1,2.0,22159.0,22159.0,"One-time"
"CUST5832",2,6.0,59137.0,29568.5,"Repeat"
"CUST5833",1,3.0,143617.0,143617.0,"One-time"
"CUST5834",2,6.0,230821.0,115410.5,"Repeat"
"CUST5835",2,6.0,155686.0,77843.0,"Repeat"
"CUST5838",2,6.0,170781.0,85390.5,"Repeat"
"CUST5839",4,10.0,216838.0,54209.5,"Repeat"
"CUST5840",1,1.0,30330.0,30330.0,"One-time"
"CUST5842",3,9.0,270689.0,90229.67,"Repeat"
"CUST5844",1,1.0,39162.0,39162.0,"One-time"
"CUST5845",5,12.0,191008.0,38201.6,"Repeat"
"CUST5846",4,14.0,345398.0,86349.5,"Repeat"
"CUST5847",4,8.0,101835.0,25458.75,"Repeat"
"CUST5849",2,7.0,88053.0,44026.5,"Repeat"
"CUST5851",2,3.0,63623.0,31811.5,"Repeat"
"CUST5852",2,9.0,115057.0,57528.5,"Repeat"
"CUST5854",1,3.0,140191.0,140191.0,"One-time"
"CUST5855",2,4.0,71494.0,35747.0,"Repeat"
"CUST5856",3,14.0,342519.0,114173.0,"Repeat"
"CUST5857",1,2.0,92251.0,92251.0,"One-time"
"CUST5859",1,4.0,160757.0,160757.0,"One-time"
"CUST5860",1,3.0,175.0,175.0,"One-time"
"CUST5861",2,6.0,225073.0,112536.5,"Repeat"
"CUST5862",3,13.0,149785.0,49928.33,"Repeat"
"CUST5864",1,3.0,93351.0,93351.0,"One-time"
"CUST5865",2,7.0,123859.0,61929.5,"Repeat"
"CUST5866",1,5.0,215553.0,215553.0,"One-time"
"CUST5867",2,8.0,339683.0,169841.5,"Repeat"
"CUST5868",1,3.0,125040.0,125040.0,"One-time"
"CUST5869",1,4.0,48053.0,48053.0,"One-time"
"CUST5870",4,10.0,119780.0,29945.0,"Repeat"
"CUST5871",2,7.0,84351.0,42175.5,"Repeat"
"CUST5872",2,9.0,76898.0,38449.0,"Repeat"
"CUST5874",2,6.0,112093.0,56046.5,"Repeat"
"CUST5876",1,4.0,9816.0,9816.0,"One-time"
"CUST5877",3,10.0,457335.0,152445.0,"Repeat"
"CUST5878",1,3.0,175.0,175.0,"One-time"
"CUST5879",2,8.0,98522.0,49261.0,"Repeat"
"CUST5882",2,7.0,400.0,200.0,"Repeat"
"CUST5883",1,4.0,113635.0,113635.0,"One-time"
"CUST5885",3,8.0,134124.0,44708.0,"Repeat"
"CUST5886",1,4.0,127439.0,127439.0,"One-time"
"CUST5888",1,3.0,49788.0,49788.0,"One-time"
"CUST5889",6,21.0,618393.0,103065.5,"Repeat"
"CUST5890",5,17.0,451500.0,90300.0,"Repeat"
"CUST5891",5,14.0,182212.0,36442.4,"Repeat"
"CUST5892",1,4.0,107811.0,107811.0,"One-time"
"CUST5894",2,6.0,56772.0,28386.0,"Repeat"
"CUST5895",2,9.0,60255.0,30127.5,"Repeat"
"CUST5896",3,9.0,125220.0,41740.0,"Repeat"
"CUST5897",2,5.0,129008.0,64504.0,"Repeat"
"CUST5898",2,7.0,108342.0,54171.0,"Repeat"
"CUST5899",5,13.0,226226.0,45245.2,"Repeat"
"CUST5900",1,4.0,99938.0,99938.0,"One-time"
"CUST5901",2,6.0,134824.0,67412.0,"Repeat"
"CUST5902",5,20.0,395367.0,79073.4,"Repeat"
"CUST5903",2,6.0,39460.0,19730.0,"Repeat"
"CUST5904",3,3.0,84773.0,28257.67,"Repeat"
"CUST5905",3,6.0,214077.0,71359.0,"Repeat"
"CUST5907",3,12.0,260251.0,86750.33,"Repeat"
"CUST5908",1,3.0,107666.0,107666.0,"One-time"
"CUST5910",3,12.0,238466.0,79488.67,"Repeat"
"CUST5911",1,4.0,200.0,200.0,"One-time"
"CUST5912",2,6.0,3460.0,1730.0,"Repeat"
"CUST5913",2,6.0,41100.0,20550.0,"Repeat"
"CUST5914",1,4.0,200.0,200.0,"One-time"
"CUST5915",2,4.0,109013.0,54506.5,"Repeat"
"CUST5916",1,4.0,144822.0,144822.0,"One-time"
"CUST5917",1,5.0,16084.0,16084.0,"One-time"
"CUST5918",2,5.0,112004.0,56002.0,"Repeat"
"CUST5919",1,3.0,38610.0,38610.0,"One-time"
"CUST5920",2,8.0,33057.0,16528.5,"Repeat"
"CUST5921",1,2.0,32883.0,32883.0,"One-time"
"CUST5922",1,1.0,39325.0,39325.0,"One-time"
"CUST5923",3,11.0,169798.0,56599.33,"Repeat"
"CUST5926",1,3.0,175.0,175.0,"One-time"
"CUST5927",1,5.0,250.0,250.0,"One-time"
"CUST5928",1,1.0,12704.0,12704.0,"One-time"
"CUST5929",2,6.0,34062.0,17031.0,"Repeat"
"CUST5930",2,4.0,43913.0,21956.5,"Repeat"
"CUST5933",1,4.0,97513.0,97513.0,"One-time"
"CUST5934",6,19.0,395707.0,65951.17,"Repeat"
"CUST5935",2,3.0,23848.0,11924.0,"Repeat"
"CUST5937",1,4.0,200.0,200.0,"One-time"
"CUST5940",1,1.0,49166.0,49166.0,"One-time"
"CUST5941",2,9.0,185427.0,92713.5,"Repeat"
"CUST5942",2,6.0,55183.0,27591.5,"Repeat"
"CUST5943",2,5.0,223577.0,111788.5,"Repeat"
"CUST5944",2,6.0,224986.0,112493.0,"Repeat"
"CUST5945",3,11.0,335941.0,111980.33,"Repeat"
"CUST5947",4,16.0,580544.0,145136.0,"Repeat"
"CUST5948",2,5.0,129515.0,64757.5,"Repeat"
"CUST5950",1,4.0,151567.0,151567.0,"One-time"
"CUST5951",1,5.0,250.0,250.0,"One-time"
"CUST5952",2,6.0,250052.0,125026.0,"Repeat"
"CUST5953",1,5.0,127220.0,127220.0,"One-time"
"CUST5954",2,7.0,119872.0,59936.0,"Repeat"
"CUST5955",1,1.0,22225.0,22225.0,"One-time"
"CUST5956",1,4.0,25226.0,25226.0,"One-time"
"CUST5957",2,10.0,220222.0,110111.0,"Repeat"
"CUST5958",2,3.0,10551.0,5275.5,"Repeat"
"CUST5959",2,3.0,37539.0,18769.5,"Repeat"
"CUST5960",2,9.0,239970.0,119985.0,"Repeat"
"CUST5961",1,5.0,233826.0,233826.0,"One-time"
"CUST5962",1,4.0,200.0,200.0,"One-time"
"CUST5964",3,9.0,311818.0,103939.33,"Repeat"
"CUST5965",3,11.0,246950.0,82316.67,"Repeat"
"CUST5968",2,10.0,18308.0,9154.0,"Repeat"
"CUST5969",5,14.0,440102.0,88020.4,"Repeat"
"CUST5970",1,4.0,200.0,200.0,"One-time"
"CUST5971",3,8.0,70465.0,23488.33,"Repeat"
"CUST5973",4,6.0,124823.0,31205.75,"Repeat"
"CUST5975",4,12.0,70365.0,17591.25,"Repeat"
"CUST5976",3,10.0,288455.0,96151.67,"Repeat"
"CUST5977",2,9.0,343472.0,171736.0,"Repeat"
"CUST5978",2,8.0,335420.0,167710.0,"Repeat"
"CUST5979",3,12.0,424124.0,141374.67,"Repeat"
"CUST5980",1,1.0,48168.0,48168.0,"One-time"
"CUST5981",1,5.0,15827.0,15827.0,"One-time"
"CUST5982",2,7.0,24601.0,12300.5,"Repeat"
"CUST5983",1,2.0,150.0,150.0,"One-time"
"CUST5984",1,1.0,47858.0,47858.0,"One-time"
"CUST5985",2,5.0,117454.0,58727.0,"Repeat"
"CUST5986",1,2.0,93053.0,93053.0,"One-time"
"CUST5987",2,4.0,16165.0,8082.5,"Repeat"
"CUST5988",2,3.0,100557.0,50278.5,"Repeat"
"CUST5989",2,6.0,108003.0,54001.5,"Repeat"
"CUST5990",5,8.0,264891.0,52978.2,"Repeat"
"CUST5991",2,3.0,34784.0,17392.0,"Repeat"
"CUST5992",3,5.0,94398.0,31466.0,"Repeat"
"CUST5993",1,5.0,119456.0,119456.0,"One-time"
"CUST5996",1,2.0,16975.0,16975.0,"One-time"
"CUST5997",4,11.0,114368.0,28592.0,"Repeat"
"CUST5998",2,7.0,160396.0,80198.0,"Repeat"
"CUST5999",3,11.0,354288.0,118096.0,"Repeat"
"CUST6000",2,8.0,156425.0,78212.5,"Repeat"
"CUST6001",2,9.0,314805.0,157402.5,"Repeat"
"CUST6002",4,14.0,485405.0,121351.25,"Repeat"
"CUST6003",2,5.0,325.0,162.5,"Repeat"
"CUST6004",1,4.0,148491.0,148491.0,"One-time"
"CUST6005",3,4.0,86888.0,28962.67,"Repeat"
"CUST6006",3,14.0,298740.0,99580.0,"Repeat"
"CUST6007",2,5.0,58716.0,29358.0,"Repeat"
"CUST6008",1,5.0,17028.0,17028.0,"One-time"
"CUST6009",1,4.0,99916.0,99916.0,"One-time"
"CUST6011",4,18.0,340103.0,85025.75,"Repeat"
"CUST6012",3,5.0,101453.0,33817.67,"Repeat"
"CUST6015",3,13.0,315514.0,105171.33,"Repeat"
"CUST6016",2,7.0,375.0,187.5,"Repeat"
"CUST6017",3,12.0,320313.0,106771.0,"Repeat"
"CUST6020",2,8.0,64212.0,32106.0,"Repeat"
"CUST6021",2,5.0,102568.0,51284.0,"Repeat"
"CUST6022",3,7.0,126140.0,42046.67,"Repeat"
"CUST6023",4,10.0,244352.0,61088.0,"Repeat"
"CUST6024",1,4.0,112409.0,112409.0,"One-time"
"CUST6025",1,2.0,63873.0,63873.0,"One-time"
"CUST6026",1,2.0,66687.0,66687.0,"One-time"
"CUST6027",1,3.0,175.0,175.0,"One-time"
"CUST6028",2,9.0,337185.0,168592.5,"Repeat"
"CUST6029",1,3.0,72422.0,72422.0,"One-time"
"CUST6030",1,1.0,31425.0,31425.0,"One-time"
"CUST6031",2,7.0,238141.0,119070.5,"Repeat"
"CUST6032",1,1.0,19905.0,19905.0,"One-time"
"CUST6033",4,13.0,289071.0,72267.75,"Repeat"
"CUST6034",1,4.0,34483.0,34483.0,"One-time"
"CUST6035",2,6.0,241690.0,120845.0,"Repeat"
"CUST6036",2,3.0,55668.0,27834.0,"Repeat"
"CUST6037",1,2.0,37842.0,37842.0,"One-time"
"CUST6038",3,10.0,227399.0,75799.67,"Repeat"
"CUST6039",3,8.0,47752.0,15917.33,"Repeat"
"CUST6040",2,5.0,51806.0,25903.0,"Repeat"
"CUST6041",2,2.0,42241.0,21120.5,"Repeat"
"CUST6042",2,6.0,202507.0,101253.5,"Repeat"
"CUST6043",3,10.0,231569.0,77189.67,"Repeat"
"CUST6044",3,7.0,176087.0,58695.67,"Repeat"
"CUST6045",1,5.0,241953.0,241953.0,"One-time"
"CUST6047",4,13.0,544859.0,136214.75,"Repeat"
"CUST6048",1,3.0,122113.0,122113.0,"One-time"
"CUST6049",1,1.0,26835.0,26835.0,"One-time"
"CUST6050",3,10.0,190301.0,63433.67,"Repeat"
"CUST6052",2,2.0,13625.0,6812.5,"Repeat"
"CUST6054",2,2.0,36526.0,18263.0,"Repeat"
"CUST6055",5,16.0,285066.0,57013.2,"Repeat"
"CUST6057",3,14.0,174146.0,58048.67,"Repeat"
"CUST6058",1,4.0,199320.0,199320.0,"One-time"
"CUST6059",2,9.0,240479.0,120239.5,"Repeat"
"CUST6061",2,6.0,147041.0,73520.5,"Repeat"
"CUST6062",2,6.0,169768.0,84884.0,"Repeat"
"CUST6063",2,5.0,221464.0,110732.0,"Repeat"
"CUST6064",3,8.0,32731.0,10910.33,"Repeat"
"CUST6065",1,5.0,96863.0,96863.0,"One-time"
"CUST6066",1,2.0,44773.0,44773.0,"One-time"
"CUST6067",5,11.0,95313.0,19062.6,"Repeat"
"CUST6068",1,2.0,96089.0,96089.0,"One-time"
"CUST6069",2,7.0,123968.0,61984.0,"Repeat"
"CUST6070",1,3.0,88808.0,88808.0,"One-time"
"CUST6071",2,4.0,143003.0,71501.5,"Repeat"
"CUST6072",4,11.0,379609.0,94902.25,"Repeat"
"CUST6073",3,10.0,276582.0,92194.0,"Repeat"
"CUST6075",1,4.0,3457.0,3457.0,"One-time"
"CUST6076",1,4.0,200.0,200.0,"One-time"
"CUST6077",1,5.0,154396.0,154396.0,"One-time"
"CUST6078",2,9.0,389904.0,194952.0,"Repeat"
"CUST6080",7,25.0,572356.0,81765.14,"Repeat"
"CUST6081",1,3.0,55813.0,55813.0,"One-time"
"CUST6082",1,3.0,86230.0,86230.0,"One-time"
"CUST6083",2,10.0,406947.0,203473.5,"Repeat"
"CUST6084",5,12.0,195376.0,39075.2,"Repeat"
"CUST6085",2,6.0,158258.0,79129.0,"Repeat"
"CUST6086",3,7.0,156600.0,52200.0,"Repeat"
"CUST6087",2,5.0,73443.0,36721.5,"Repeat"
"CUST6088",2,6.0,206457.0,103228.5,"Repeat"
"CUST6089",2,6.0,168420.0,84210.0,"Repeat"
"CUST6091",2,7.0,189880.0,94940.0,"Repeat"
"CUST6093",3,11.0,341018.0,113672.67,"Repeat"
"CUST6095",1,5.0,138191.0,138191.0,"One-time"
"CUST6096",1,4.0,22447.0,22447.0,"One-time"
"CUST6098",4,9.0,155693.0,38923.25,"Repeat"
"CUST6099",1,1.0,38658.0,38658.0,"One-time"
"CUST6101",1,3.0,68595.0,68595.0,"One-time"
"CUST6104",1,1.0,3779.0,3779.0,"One-time"
"CUST6105",2,6.0,243317.0,121658.5,"Repeat"
"CUST6106",1,2.0,73900.0,73900.0,"One-time"
"CUST6107",4,13.0,316181.0,79045.25,"Repeat"
"CUST6108",1,4.0,200.0,200.0,"One-time"
"CUST6109",1,1.0,31712.0,31712.0,"One-time"
"CUST6111",1,1.0,18782.0,18782.0,"One-time"
"CUST6112",1,5.0,42353.0,42353.0,"One-time"
"CUST6113",1,4.0,174987.0,174987.0,"One-time"
"CUST6114",4,12.0,319178.0,79794.5,"Repeat"
"CUST6115",4,16.0,304732.0,76183.0,"Repeat"
"CUST6117",1,3.0,139588.0,139588.0,"One-time"
"CUST6118",1,1.0,25034.0,25034.0,"One-time"
"CUST6119",1,4.0,80777.0,80777.0,"One-time"
"CUST6120",2,10.0,396360.0,198180.0,"Repeat"
"CUST6121",1,1.0,24804.0,24804.0,"One-time"
"CUST6123",3,6.0,106194.0,35398.0,"Repeat"
"CUST6125",1,1.0,14725.0,14725.0,"One-time"
"CUST6127",1,5.0,56840.0,56840.0,"One-time"
"CUST6128",4,8.0,215315.0,53828.75,"Repeat"
"CUST6129",4,14.0,162277.0,40569.25,"Repeat"
"CUST6130",1,3.0,39591.0,39591.0,"One-time"
"CUST6131",3,9.0,163971.0,54657.0,"Repeat"
"CUST6132",1,1.0,48731.0,48731.0,"One-time"
"CUST6133",1,3.0,51710.0,51710.0,"One-time"
"CUST6134",5,7.0,179840.0,35968.0,"Repeat"
"CUST6135",1,4.0,74592.0,74592.0,"One-time"
"CUST6138",3,9.0,165355.0,55118.33,"Repeat"
"CUST6139",3,10.0,310512.0,103504.0,"Repeat"
"CUST6140",1,1.0,125.0,125.0,"One-time"
"CUST6142",2,8.0,126719.0,63359.5,"Repeat"
"CUST6143",1,4.0,72632.0,72632.0,"One-time"
"CUST6144",2,7.0,165249.0,82624.5,"Repeat"
"CUST6145",1,1.0,9263.0,9263.0,"One-time"
"CUST6146",2,8.0,48896.0,24448.0,"Repeat"
"CUST6147",3,8.0,267207.0,89069.0,"Repeat"
"CUST6150",2,5.0,133465.0,66732.5,"Repeat"
"CUST6151",1,4.0,33853.0,33853.0,"One-time"
"CUST6152",2,5.0,127252.0,63626.0,"Repeat"
"CUST6154",3,5.0,124676.0,41558.67,"Repeat"
"CUST6155",2,8.0,178003.0,89001.5,"Repeat"
"CUST6157",4,10.0,150222.0,37555.5,"Repeat"
"CUST6158",1,3.0,101811.0,101811.0,"One-time"
"CUST6159",3,9.0,224606.0,74868.67,"Repeat"
"CUST6160",2,6.0,146020.0,73010.0,"Repeat"
"CUST6161",1,5.0,120288.0,120288.0,"One-time"
"CUST6162",2,7.0,153964.0,76982.0,"Repeat"
"CUST6163",1,5.0,88173.0,88173.0,"One-time"
"CUST6164",1,1.0,40562.0,40562.0,"One-time"
"CUST6165",1,1.0,34984.0,34984.0,"One-time"
"CUST6166",3,10.0,324378.0,108126.0,"Repeat"
"CUST6167",2,5.0,41204.0,20602.0,"Repeat"
"CUST6169",2,7.0,202132.0,101066.0,"Repeat"
"CUST6170",1,2.0,96087.0,96087.0,"One-time"
"CUST6171",1,4.0,195320.0,195320.0,"One-time"
"CUST6172",1,2.0,99558.0,99558.0,"One-time"
"CUST6173",1,1.0,19096.0,19096.0,"One-time"
"CUST6174",2,6.0,245559.0,122779.5,"Repeat"
"CUST6175",2,3.0,31440.0,15720.0,"Repeat"
"CUST6176",1,1.0,19887.0,19887.0,"One-time"
"CUST6178",3,8.0,240529.0,80176.33,"Repeat"
"CUST6180",5,20.0,261867.0,52373.4,"Repeat"
"CUST6181",1,3.0,19174.0,19174.0,"One-time"
"CUST6182",1,2.0,54899.0,54899.0,"One-time"
"CUST6184",2,7.0,79175.0,39587.5,"Repeat"
"CUST6185",1,1.0,26509.0,26509.0,"One-time"
"CUST6186",3,10.0,243639.0,81213.0,"Repeat"
"CUST6187",2,9.0,103459.0,51729.5,"Repeat"
"CUST6188",3,9.0,292462.0,97487.33,"Repeat"
"CUST6189",3,10.0,41359.0,13786.33,"Repeat"
"CUST6190",3,11.0,115389.0,38463.0,"Repeat"
"CUST6191",3,13.0,212883.0,70961.0,"Repeat"
"CUST6192",1,4.0,14428.0,14428.0,"One-time"
"CUST6193",1,1.0,125.0,125.0,"One-time"
"CUST6195",1,5.0,92970.0,92970.0,"One-time"
"CUST6196",1,1.0,3716.0,3716.0,"One-time"
"CUST6197",2,6.0,214062.0,107031.0,"Repeat"
"CUST6198",1,4.0,150110.0,150110.0,"One-time"
"CUST6200",1,2.0,22560.0,22560.0,"One-time"
"CUST6201",2,6.0,188185.0,94092.5,"Repeat"
"CUST6202",1,1.0,34041.0,34041.0,"One-time"
"CUST6203",1,3.0,45333.0,45333.0,"One-time"
"CUST6204",1,1.0,14322.0,14322.0,"One-time"
"CUST6206",2,5.0,201775.0,100887.5,"Repeat"
"CUST6208",1,5.0,49613.0,49613.0,"One-time"
"CUST6209",1,2.0,77908.0,77908.0,"One-time"
"CUST6210",2,5.0,181460.0,90730.0,"Repeat"
"CUST6211",4,15.0,188071.0,47017.75,"Repeat"
"CUST6213",2,6.0,148104.0,74052.0,"Repeat"
"CUST6214",1,1.0,16762.0,16762.0,"One-time"
"CUST6215",2,10.0,262242.0,131121.0,"Repeat"
"CUST6216",1,5.0,160064.0,160064.0,"One-time"
"CUST6217",1,3.0,121616.0,121616.0,"One-time"
"CUST6219",4,17.0,533361.0,133340.25,"Repeat"
"CUST6221",3,5.0,135395.0,45131.67,"Repeat"
"CUST6222",2,7.0,168976.0,84488.0,"Repeat"
"CUST6224",3,6.0,208344.0,69448.0,"Repeat"
"CUST6225",1,1.0,30390.0,30390.0,"One-time"
"CUST6226",2,9.0,100313.0,50156.5,"Repeat"
"CUST6227",2,3.0,88884.0,44442.0,"Repeat"
"CUST6228",1,3.0,175.0,175.0,"One-time"
"CUST6229",4,14.0,332033.0,83008.25,"Repeat"
"CUST6231",4,8.0,158959.0,39739.75,"Repeat"
"CUST6232",2,6.0,270659.0,135329.5,"Repeat"
"CUST6233",2,7.0,258589.0,129294.5,"Repeat"
"CUST6234",1,2.0,86049.0,86049.0,"One-time"
"CUST6235",1,4.0,136769.0,136769.0,"One-time"
"CUST6236",2,10.0,268954.0,134477.0,"Repeat"
"CUST6237",3,8.0,103599.0,34533.0,"Repeat"
"CUST6238",5,14.0,224585.0,44917.0,"Repeat"
"CUST6239",2,6.0,245095.0,122547.5,"Repeat"
"CUST6242",2,7.0,203822.0,101911.0,"Repeat"
"CUST6243",2,4.0,76751.0,38375.5,"Repeat"
"CUST6244",5,15.0,511327.0,102265.4,"Repeat"
"CUST6246",2,6.0,225855.0,112927.5,"Repeat"
"CUST6247",2,7.0,53384.0,26692.0,"Repeat"
"CUST6248",1,3.0,126740.0,126740.0,"One-time"
"CUST6249",5,14.0,261247.0,52249.4,"Repeat"
"CUST6250",2,4.0,91644.0,45822.0,"Repeat"
"CUST6251",2,7.0,31967.0,15983.5,"Repeat"
"CUST6252",2,3.0,135996.0,67998.0,"Repeat"
"CUST6253",2,3.0,81183.0,40591.5,"Repeat"
"CUST6254",3,7.0,215556.0,71852.0,"Repeat"
"CUST6255",1,4.0,148491.0,148491.0,"One-time"
"CUST6256",1,4.0,200.0,200.0,"One-time"
"CUST6257",2,7.0,120684.0,60342.0,"Repeat"
"CUST6258",1,5.0,229733.0,229733.0,"One-time"
"CUST6259",3,12.0,299501.0,99833.67,"Repeat"
"CUST6260",2,3.0,51596.0,25798.0,"Repeat"
"CUST6263",2,5.0,143759.0,71879.5,"Repeat"
"CUST6264",2,5.0,84993.0,42496.5,"Repeat"
"CUST6267",1,2.0,96456.0,96456.0,"One-time"
"CUST6268",2,9.0,336385.0,168192.5,"Repeat"
"CUST6269",3,11.0,358921.0,119640.33,"Repeat"
"CUST6270",2,3.0,107340.0,53670.0,"Repeat"
"CUST6271",2,2.0,40034.0,20017.0,"Repeat"
"CUST6273",1,2.0,56024.0,56024.0,"One-time"
"CUST6274",2,5.0,102694.0,51347.0,"Repeat"
"CUST6276",2,6.0,158236.0,79118.0,"Repeat"
"CUST6278",3,10.0,167996.0,55998.67,"Repeat"
"CUST6279",4,14.0,205621.0,51405.25,"Repeat"
"CUST6280",1,2.0,64652.0,64652.0,"One-time"
"CUST6281",2,8.0,126369.0,63184.5,"Repeat"
"CUST6282",1,3.0,18752.0,18752.0,"One-time"
"CUST6284",1,5.0,18280.0,18280.0,"One-time"
"CUST6285",1,2.0,59416.0,59416.0,"One-time"
"CUST6288",2,5.0,215313.0,107656.5,"Repeat"
"CUST6289",3,9.0,186152.0,62050.67,"Repeat"
"CUST6290",2,2.0,22281.0,11140.5,"Repeat"
"CUST6291",2,5.0,15212.0,7606.0,"Repeat"
"CUST6292",4,12.0,107107.0,26776.75,"Repeat"
"CUST6294",4,13.0,336097.0,84024.25,"Repeat"
"CUST6295",3,11.0,237169.0,79056.33,"Repeat"
"CUST6296",3,8.0,234855.0,78285.0,"Repeat"
"CUST6297",3,5.0,88875.0,29625.0,"Repeat"
"CUST6298",1,4.0,184601.0,184601.0,"One-time"
"CUST6299",2,5.0,64723.0,32361.5,"Repeat"
"CUST6300",2,5.0,28427.0,14213.5,"Repeat"
"CUST6301",2,10.0,150997.0,75498.5,"Repeat"
"CUST6302",3,11.0,234976.0,78325.33,"Repeat"
"CUST6303",3,7.0,196475.0,65491.67,"Repeat"
"CUST6304",1,1.0,18040.0,18040.0,"One-time"
"CUST6305",2,5.0,160354.0,80177.0,"Repeat"
"CUST6307",3,8.0,320209.0,106736.33,"Repeat"
"CUST6308",1,1.0,11403.0,11403.0,"One-time"
"CUST6309",1,2.0,9307.0,9307.0,"One-time"
"CUST6311",1,4.0,200.0,200.0,"One-time"
"CUST6313",2,5.0,62485.0,31242.5,"Repeat"
"CUST6314",1,2.0,16607.0,16607.0,"One-time"
"CUST6315",3,13.0,392155.0,130718.33,"Repeat"
"CUST6316",1,3.0,133371.0,133371.0,"One-time"
"CUST6317",1,1.0,29785.0,29785.0,"One-time"
"CUST6318",1,1.0,125.0,125.0,"One-time"
"CUST6319",1,2.0,38575.0,38575.0,"One-time"
"CUST6322",2,7.0,42295.0,21147.5,"Repeat"
"CUST6324",1,5.0,184271.0,184271.0,"One-time"
"CUST6325",3,8.0,232486.0,77495.33,"Repeat"
"CUST6326",1,3.0,13660.0,13660.0,"One-time"
"CUST6327",2,6.0,234183.0,117091.5,"Repeat"
"CUST6328",2,5.0,26562.0,13281.0,"Repeat"
"CUST6329",2,6.0,236590.0,118295.0,"Repeat"
"CUST6330",4,9.0,120035.0,30008.75,"Repeat"
"CUST6331",1,2.0,2009.0,2009.0,"One-time"
"CUST6333",1,4.0,32655.0,32655.0,"One-time"
"CUST6334",3,8.0,190092.0,63364.0,"Repeat"
"CUST6336",2,6.0,103299.0,51649.5,"Repeat"
"CUST6337",2,6.0,243183.0,121591.5,"Repeat"
"CUST6338",2,6.0,209645.0,104822.5,"Repeat"
"CUST6339",3,9.0,128823.0,42941.0,"Repeat"
"CUST6341",1,2.0,28321.0,28321.0,"One-time"
"CUST6342",2,4.0,84498.0,42249.0,"Repeat"
"CUST6344",2,3.0,58361.0,29180.5,"Repeat"
"CUST6345",1,3.0,127727.0,127727.0,"One-time"
"CUST6346",3,8.0,134592.0,44864.0,"Repeat"
"CUST6348",1,2.0,72307.0,72307.0,"One-time"
"CUST6350",2,7.0,250877.0,125438.5,"Repeat"
"CUST6351",2,5.0,76269.0,38134.5,"Repeat"
"CUST6352",4,12.0,293091.0,73272.75,"Repeat"
"CUST6354",1,4.0,194958.0,194958.0,"One-time"
"CUST6357",2,8.0,116256.0,58128.0,"Repeat"
"CUST6359",2,7.0,27184.0,13592.0,"Repeat"
"CUST6361",4,11.0,162991.0,40747.75,"Repeat"
"CUST6363",3,7.0,87378.0,29126.0,"Repeat"
"CUST6364",2,7.0,92716.0,46358.0,"Repeat"
"CUST6365",1,5.0,149095.0,149095.0,"One-time"
"CUST6368",4,13.0,211359.0,52839.75,"Repeat"
"CUST6369",1,5.0,75116.0,75116.0,"One-time"
"CUST6370",2,6.0,52425.0,26212.5,"Repeat"
"CUST6371",1,1.0,30160.0,30160.0,"One-time"
"CUST6374",1,1.0,125.0,125.0,"One-time"
"CUST6375",2,7.0,76069.0,38034.5,"Repeat"
"CUST6377",2,5.0,174688.0,87344.0,"Repeat"
"CUST6379",1,1.0,3221.0,3221.0,"One-time"
"CUST6380",4,12.0,276279.0,69069.75,"Repeat"
"CUST6381",3,9.0,186249.0,62083.0,"Repeat"
"CUST6382",3,13.0,247009.0,82336.33,"Repeat"
"CUST6383",2,7.0,317964.0,158982.0,"Repeat"
"CUST6384",4,16.0,421133.0,105283.25,"Repeat"
"CUST6388",2,3.0,63306.0,31653.0,"Repeat"
"CUST6389",3,8.0,201866.0,67288.67,"Repeat"
"CUST6390",1,3.0,89665.0,89665.0,"One-time"
"CUST6391",2,5.0,7748.0,3874.0,"Repeat"
"CUST6392",2,5.0,33896.0,16948.0,"Repeat"
"CUST6394",4,10.0,239475.0,59868.75,"Repeat"
"CUST6395",1,3.0,92191.0,92191.0,"One-time"
"CUST6396",4,13.0,203807.0,50951.75,"Repeat"
"CUST6397",3,5.0,202048.0,67349.33,"Repeat"
"CUST6398",1,2.0,9058.0,9058.0,"One-time"
"CUST6399",1,4.0,66978.0,66978.0,"One-time"
"CUST6400",4,10.0,178431.0,44607.75,"Repeat"
"CUST6401",2,6.0,194215.0,97107.5,"Repeat"
"CUST6402",4,8.0,103492.0,25873.0,"Repeat"
"CUST6403",3,9.0,180129.0,60043.0,"Repeat"
"CUST6404",3,11.0,126151.0,42050.33,"Repeat"
"CUST6405",2,6.0,111765.0,55882.5,"Repeat"
"CUST6406",3,7.0,264347.0,88115.67,"Repeat"
"CUST6407",2,8.0,176364.0,88182.0,"Repeat"
"CUST6408",4,10.0,58949.0,14737.25,"Repeat"
"CUST6410",1,4.0,134659.0,134659.0,"One-time"
"CUST6411",1,2.0,31333.0,31333.0,"One-time"
"CUST6412",2,7.0,155626.0,77813.0,"Repeat"
"CUST6413",2,7.0,73282.0,36641.0,"Repeat"
"CUST6414",3,4.0,144223.0,48074.33,"Repeat"
"CUST6415",4,12.0,168412.0,42103.0,"Repeat"
"CUST6417",2,3.0,5924.0,2962.0,"Repeat"
"CUST6418",3,12.0,155472.0,51824.0,"Repeat"
"CUST6419",2,7.0,31273.0,15636.5,"Repeat"
"CUST6420",1,3.0,146167.0,146167.0,"One-time"
"CUST6422",1,1.0,125.0,125.0,"One-time"
"CUST6423",1,2.0,69527.0,69527.0,"One-time"
"CUST6424",1,5.0,162773.0,162773.0,"One-time"
"CUST6426",4,12.0,385684.0,96421.0,"Repeat"
"CUST6427",3,13.0,214248.0,71416.0,"Repeat"
"CUST6428",1,2.0,51019.0,51019.0,"One-time"
"CUST6430",2,7.0,310797.0,155398.5,"Repeat"
"CUST6431",1,1.0,23550.0,23550.0,"One-time"
"CUST6432",1,4.0,55915.0,55915.0,"One-time"
"CUST6433",2,2.0,34236.0,17118.0,"Repeat"
"CUST6434",2,6.0,269590.0,134795.0,"Repeat"
"CUST6435",2,6.0,81278.0,40639.0,"Repeat"
"CUST6437",2,3.0,70267.0,35133.5,"Repeat"
"CUST6439",4,11.0,466086.0,116521.5,"Repeat"
"CUST6440",1,4.0,51211.0,51211.0,"One-time"
"CUST6443",4,8.0,197710.0,49427.5,"Repeat"
"CUST6444",2,7.0,287655.0,143827.5,"Repeat"
"CUST6445",2,10.0,257850.0,128925.0,"Repeat"
"CUST6447",2,10.0,329485.0,164742.5,"Repeat"
"CUST6448",1,5.0,247677.0,247677.0,"One-time"
"CUST6449",2,3.0,85079.0,42539.5,"Repeat"
"CUST6450",1,4.0,42232.0,42232.0,"One-time"
"CUST6451",2,9.0,125347.0,62673.5,"Repeat"
"CUST6452",1,3.0,131847.0,131847.0,"One-time"
"CUST6454",2,8.0,243184.0,121592.0,"Repeat"
"CUST6455",1,3.0,48982.0,48982.0,"One-time"
"CUST6457",5,18.0,408728.0,81745.6,"Repeat"
"CUST6458",1,4.0,104526.0,104526.0,"One-time"
"CUST6459",2,8.0,294061.0,147030.5,"Repeat"
"CUST6460",3,6.0,50718.0,16906.0,"Repeat"
"CUST6461",1,5.0,223571.0,223571.0,"One-time"
"CUST6463",1,4.0,14033.0,14033.0,"One-time"
"CUST6464",3,7.0,272193.0,90731.0,"Repeat"
"CUST6465",4,9.0,166917.0,41729.25,"Repeat"
"CUST6466",1,1.0,45937.0,45937.0,"One-time"
"CUST6467",2,7.0,171796.0,85898.0,"Repeat"
"CUST6468",2,7.0,344468.0,172234.0,"Repeat"
"CUST6469",1,1.0,125.0,125.0,"One-time"
"CUST6470",1,1.0,13285.0,13285.0,"One-time"
"CUST6471",2,5.0,215701.0,107850.5,"Repeat"
"CUST6473",2,9.0,303234.0,151617.0,"Repeat"
"CUST6474",2,5.0,134267.0,67133.5,"Repeat"
"CUST6475",1,3.0,43420.0,43420.0,"One-time"
"CUST6476",3,8.0,191594.0,63864.67,"Repeat"
"CUST6477",2,6.0,43364.0,21682.0,"Repeat"
"CUST6478",2,7.0,170343.0,85171.5,"Repeat"
"CUST6481",2,8.0,114103.0,57051.5,"Repeat"
"CUST6482",1,4.0,185498.0,185498.0,"One-time"
"CUST6483",1,2.0,17306.0,17306.0,"One-time"
"CUST6484",2,9.0,3342.0,1671.0,"Repeat"
"CUST6485",2,5.0,169540.0,84770.0,"Repeat"
"CUST6486",4,15.0,227535.0,56883.75,"Repeat"
"CUST6487",2,4.0,54322.0,27161.0,"Repeat"
"CUST6488",2,8.0,68670.0,34335.0,"Repeat"
"CUST6489",1,4.0,200.0,200.0,"One-time"
"CUST6490",1,1.0,37318.0,37318.0,"One-time"
"CUST6491",3,9.0,304803.0,101601.0,"Repeat"
"CUST6493",3,6.0,154657.0,51552.33,"Repeat"
"CUST6495",2,8.0,192367.0,96183.5,"Repeat"
"CUST6496",5,15.0,538845.0,107769.0,"Repeat"
"CUST6497",2,6.0,264253.0,132126.5,"Repeat"
"CUST6498",1,2.0,58815.0,58815.0,"One-time"
"CUST6499",2,7.0,206274.0,103137.0,"Repeat"
"CUST6500",1,4.0,151702.0,151702.0,"One-time"
"CUST6501",1,1.0,15205.0,15205.0,"One-time"
"CUST6502",1,2.0,86140.0,86140.0,"One-time"
"CUST6504",1,4.0,172880.0,172880.0,"One-time"
"CUST6505",2,6.0,139412.0,69706.0,"Repeat"
"CUST6506",4,12.0,190840.0,47710.0,"Repeat"
"CUST6508",4,18.0,479649.0,119912.25,"Repeat"
"CUST6509",5,18.0,327079.0,65415.8,"Repeat"
"CUST6510",1,2.0,23395.0,23395.0,"One-time"
"CUST6511",1,2.0,50822.0,50822.0,"One-time"
"CUST6512",1,3.0,40792.0,40792.0,"One-time"
"CUST6514",1,3.0,59278.0,59278.0,"One-time"
"CUST6515",2,6.0,375.0,187.5,"Repeat"
"CUST6516",1,3.0,119540.0,119540.0,"One-time"
"CUST6517",2,4.0,57371.0,28685.5,"Repeat"
"CUST6518",3,11.0,226848.0,75616.0,"Repeat"
"CUST6519",3,11.0,253927.0,84642.33,"Repeat"
"CUST6520",1,4.0,184304.0,184304.0,"One-time"
"CUST6521",1,2.0,49930.0,49930.0,"One-time"
"CUST6522",2,2.0,35610.0,17805.0,"Repeat"
"CUST6523",1,5.0,69281.0,69281.0,"One-time"
"CUST6524",3,9.0,123193.0,41064.33,"Repeat"
"CUST6526",2,4.0,110422.0,55211.0,"Repeat"
"CUST6527",4,11.0,307043.0,76760.75,"Repeat"
"CUST6530",1,4.0,114302.0,114302.0,"One-time"
"CUST6531",3,11.0,419240.0,139746.67,"Repeat"
"CUST6533",2,5.0,97617.0,48808.5,"Repeat"
"CUST6534",1,5.0,80924.0,80924.0,"One-time"
"CUST6535",2,4.0,87892.0,43946.0,"Repeat"
"CUST6536",1,2.0,42977.0,42977.0,"One-time"
"CUST6537",1,2.0,16880.0,16880.0,"One-time"
"CUST6538",2,7.0,124120.0,62060.0,"Repeat"
"CUST6539",1,1.0,21074.0,21074.0,"One-time"
"CUST6541",3,9.0,256262.0,85420.67,"Repeat"
"CUST6542",1,5.0,12889.0,12889.0,"One-time"
"CUST6543",1,4.0,200.0,200.0,"One-time"
"CUST6544",1,2.0,10388.0,10388.0,"One-time"
"CUST6545",1,1.0,39519.0,39519.0,"One-time"
"CUST6546",2,3.0,9164.0,4582.0,"Repeat"
"CUST6547",1,1.0,21844.0,21844.0,"One-time"
"CUST6550",1,3.0,21465.0,21465.0,"One-time"
"CUST6551",1,4.0,200.0,200.0,"One-time"
"CUST6552",2,3.0,64086.0,32043.0,"Repeat"
"CUST6553",3,8.0,282184.0,94061.33,"Repeat"
"CUST6554",1,3.0,115534.0,115534.0,"One-time"
"CUST6555",2,7.0,298838.0,149419.0,"Repeat"
"CUST6556",1,1.0,48487.0,48487.0,"One-time"
"CUST6557",1,2.0,75773.0,75773.0,"One-time"
"CUST6559",1,3.0,145462.0,145462.0,"One-time"
"CUST6560",2,6.0,350.0,175.0,"Repeat"
"CUST6561",2,9.0,200209.0,100104.5,"Repeat"
"CUST6562",2,4.0,35391.0,17695.5,"Repeat"
"CUST6563",1,1.0,45607.0,45607.0,"One-time"
"CUST6564",3,7.0,198412.0,66137.33,"Repeat"
"CUST6565",2,4.0,14792.0,7396.0,"Repeat"
"CUST6566",1,4.0,150806.0,150806.0,"One-time"
"CUST6567",1,2.0,22207.0,22207.0,"One-time"
"CUST6568",2,8.0,75093.0,37546.5,"Repeat"
"CUST6569",3,9.0,217167.0,72389.0,"Repeat"
"CUST6571",1,5.0,148310.0,148310.0,"One-time"
"CUST6572",2,3.0,127622.0,63811.0,"Repeat"
"CUST6574",1,3.0,121508.0,121508.0,"One-time"
"CUST6575",2,5.0,56408.0,28204.0,"Repeat"
"CUST6576",3,4.0,105431.0,35143.67,"Repeat"
"CUST6577",2,8.0,264500.0,132250.0,"Repeat"
"CUST6579",1,2.0,80944.0,80944.0,"One-time"
"CUST6581",2,9.0,256038.0,128019.0,"Repeat"
"CUST6582",4,12.0,172390.0,43097.5,"Repeat"
"CUST6583",1,2.0,16172.0,16172.0,"One-time"
"CUST6584",4,9.0,198826.0,49706.5,"Repeat"
"CUST6585",2,9.0,120767.0,60383.5,"Repeat"
"CUST6586",4,16.0,374657.0,93664.25,"Repeat"
"CUST6587",2,6.0,16092.0,8046.0,"Repeat"
"CUST6588",1,1.0,2714.0,2714.0,"One-time"
"CUST6589",2,3.0,38735.0,19367.5,"Repeat"
"CUST6590",2,6.0,375.0,187.5,"Repeat"
"CUST6593",3,7.0,209772.0,69924.0,"Repeat"
"CUST6594",2,5.0,161466.0,80733.0,"Repeat"
"CUST6595",1,3.0,91694.0,91694.0,"One-time"
"CUST6596",1,1.0,5041.0,5041.0,"One-time"
"CUST6597",6,21.0,303714.0,50619.0,"Repeat"
"CUST6598",2,7.0,47971.0,23985.5,"Repeat"
"CUST6600",5,11.0,125279.0,25055.8,"Repeat"
"CUST6601",2,5.0,23968.0,11984.0,"Repeat"
"CUST6602",1,2.0,2568.0,2568.0,"One-time"
"CUST6604",2,7.0,173762.0,86881.0,"Repeat"
"CUST6606",4,9.0,359224.0,89806.0,"Repeat"
"CUST6607",1,5.0,64870.0,64870.0,"One-time"
"CUST6608",2,4.0,65664.0,32832.0,"Repeat"
"CUST6609",3,10.0,162910.0,54303.33,"Repeat"
"CUST6610",2,5.0,8279.0,4139.5,"Repeat"
"CUST6612",1,5.0,52455.0,52455.0,"One-time"
"CUST6613",5,17.0,314938.0,62987.6,"Repeat"
"CUST6615",3,7.0,252153.0,84051.0,"Repeat"
"CUST6617",1,1.0,21952.0,21952.0,"One-time"
"CUST6620",1,3.0,147080.0,147080.0,"One-time"
"CUST6621",4,10.0,171920.0,42980.0,"Repeat"
"CUST6622",1,2.0,75322.0,75322.0,"One-time"
"CUST6623",4,6.0,159832.0,39958.0,"Repeat"
"CUST6624",1,5.0,250.0,250.0,"One-time"
"CUST6625",4,9.0,321828.0,80457.0,"Repeat"
"CUST6626",3,13.0,230023.0,76674.33,"Repeat"
"CUST6627",1,1.0,37425.0,37425.0,"One-time"
"CUST6628",1,4.0,200.0,200.0,"One-time"
"CUST6629",1,3.0,124662.0,124662.0,"One-time"
"CUST6630",3,7.0,151525.0,50508.33,"Repeat"
"CUST6632",3,7.0,233445.0,77815.0,"Repeat"
"CUST6633",2,5.0,8434.0,4217.0,"Repeat"
"CUST6635",3,6.0,232529.0,77509.67,"Repeat"
"CUST6636",1,2.0,80880.0,80880.0,"One-time"
"CUST6637",1,3.0,175.0,175.0,"One-time"
"CUST6638",2,3.0,52111.0,26055.5,"Repeat"
"CUST6639",2,7.0,318241.0,159120.5,"Repeat"
"CUST6640",2,3.0,4438.0,2219.0,"Repeat"
"CUST6641",5,17.0,371867.0,74373.4,"Repeat"
"CUST6642",3,12.0,332693.0,110897.67,"Repeat"
"CUST6643",3,8.0,275111.0,91703.67,"Repeat"
"CUST6646",2,4.0,90480.0,45240.0,"Repeat"
"CUST6649",4,11.0,221945.0,55486.25,"Repeat"
"CUST6650",1,5.0,250.0,250.0,"One-time"
"CUST6651",2,3.0,14935.0,7467.5,"Repeat"
"CUST6652",2,6.0,350.0,175.0,"Repeat"
"CUST6653",1,1.0,42981.0,42981.0,"One-time"
"CUST6654",3,11.0,240503.0,80167.67,"Repeat"
"CUST6655",1,3.0,142009.0,142009.0,"One-time"
"CUST6656",3,10.0,286634.0,95544.67,"Repeat"
"CUST6657",2,4.0,51281.0,25640.5,"Repeat"
"CUST6658",3,9.0,170215.0,56738.33,"Repeat"
"CUST6660",2,7.0,120884.0,60442.0,"Repeat"
"CUST6663",1,1.0,125.0,125.0,"One-time"
"CUST6664",1,5.0,24715.0,24715.0,"One-time"
"CUST6666",1,5.0,238217.0,238217.0,"One-time"
"CUST6667",1,4.0,33835.0,33835.0,"One-time"
"CUST6668",1,1.0,40373.0,40373.0,"One-time"
"CUST6670",2,2.0,77625.0,38812.5,"Repeat"
"CUST6671",2,3.0,79356.0,39678.0,"Repeat"
"CUST6672",4,7.0,169930.0,42482.5,"Repeat"
"CUST6673",1,2.0,18422.0,18422.0,"One-time"
"CUST6675",2,6.0,133105.0,66552.5,"Repeat"
"CUST6676",3,8.0,148475.0,49491.67,"Repeat"
"CUST6677",3,12.0,309395.0,103131.67,"Repeat"
"CUST6678",2,3.0,55567.0,27783.5,"Repeat"
"CUST6679",4,14.0,111021.0,27755.25,"Repeat"
"CUST6680",1,4.0,42341.0,42341.0,"One-time"
"CUST6681",1,4.0,79165.0,79165.0,"One-time"
"CUST6682",4,12.0,257556.0,64389.0,"Repeat"
"CUST6683",1,4.0,118856.0,118856.0,"One-time"
"CUST6684",4,16.0,343865.0,85966.25,"Repeat"
"CUST6686",1,1.0,35023.0,35023.0,"One-time"
"CUST6688",2,5.0,105198.0,52599.0,"Repeat"
"CUST6689",2,7.0,28953.0,14476.5,"Repeat"
"CUST6690",1,2.0,48989.0,48989.0,"One-time"
"CUST6691",3,8.0,29385.0,9795.0,"Repeat"
"CUST6692",3,5.0,102557.0,34185.67,"Repeat"
"CUST6693",1,4.0,104597.0,104597.0,"One-time"
"CUST6694",2,5.0,116423.0,58211.5,"Repeat"
"CUST6695",1,1.0,27613.0,27613.0,"One-time"
"CUST6696",2,9.0,64536.0,32268.0,"Repeat"
"CUST6697",3,5.0,78043.0,26014.33,"Repeat"
"CUST6698",3,7.0,287901.0,95967.0,"Repeat"
"CUST6699",1,1.0,35975.0,35975.0,"One-time"
"CUST6700",1,1.0,6518.0,6518.0,"One-time"
"CUST6701",2,4.0,92850.0,46425.0,"Repeat"
"CUST6702",1,1.0,25080.0,25080.0,"One-time"
"CUST6703",2,3.0,107377.0,53688.5,"Repeat"
"CUST6704",3,5.0,124895.0,41631.67,"Repeat"
"CUST6707",1,3.0,16928.0,16928.0,"One-time"
"CUST6708",1,5.0,20979.0,20979.0,"One-time"
"CUST6709",1,2.0,74970.0,74970.0,"One-time"
"CUST6710",2,3.0,107494.0,53747.0,"Repeat"
"CUST6711",2,4.0,49787.0,24893.5,"Repeat"
"CUST6712",1,1.0,125.0,125.0,"One-time"
"CUST6713",2,6.0,204664.0,102332.0,"Repeat"
"CUST6715",2,8.0,357626.0,178813.0,"Repeat"
"CUST6716",2,8.0,262397.0,131198.5,"Repeat"
"CUST6717",1,5.0,230233.0,230233.0,"One-time"
"CUST6718",1,4.0,38510.0,38510.0,"One-time"
"CUST6719",2,6.0,134444.0,67222.0,"Repeat"
"CUST6720",3,11.0,179477.0,59825.67,"Repeat"
"CUST6722",2,4.0,146918.0,73459.0,"Repeat"
"CUST6724",1,2.0,32756.0,32756.0,"One-time"
"CUST6726",3,10.0,293169.0,97723.0,"Repeat"
"CUST6727",5,18.0,546477.0,109295.4,"Repeat"
"CUST6728",3,12.0,244988.0,81662.67,"Repeat"
"CUST6729",2,4.0,138489.0,69244.5,"Repeat"
"CUST6730",1,3.0,32225.0,32225.0,"One-time"
"CUST6731",4,13.0,283885.0,70971.25,"Repeat"
"CUST6734",1,3.0,97480.0,97480.0,"One-time"
"CUST6735",1,4.0,45310.0,45310.0,"One-time"
"CUST6736",3,9.0,146221.0,48740.33,"Repeat"
"CUST6737",1,4.0,76490.0,76490.0,"One-time"
"CUST6738",3,7.0,147439.0,49146.33,"Repeat"
"CUST6740",1,3.0,138107.0,138107.0,"One-time"
"CUST6741",4,14.0,417571.0,104392.75,"Repeat"
"CUST6742",4,12.0,374224.0,93556.0,"Repeat"
"CUST6743",2,5.0,121267.0,60633.5,"Repeat"
"CUST6744",1,4.0,23609.0,23609.0,"One-time"
"CUST6745",1,4.0,155808.0,155808.0,"One-time"
"CUST6746",1,2.0,91549.0,91549.0,"One-time"
"CUST6747",1,1.0,38864.0,38864.0,"One-time"
"CUST6748",3,4.0,62078.0,20692.67,"Repeat"
"CUST6749",2,4.0,177646.0,88823.0,"Repeat"
"CUST6750",1,1.0,27986.0,27986.0,"One-time"
"CUST6751",2,5.0,119325.0,59662.5,"Repeat"
"CUST6752",2,5.0,143302.0,71651.0,"Repeat"
"CUST6753",2,9.0,450.0,225.0,"Repeat"
"CUST6757",4,5.0,94653.0,23663.25,"Repeat"
"CUST6758",1,4.0,151634.0,151634.0,"One-time"
"CUST6762",2,9.0,196027.0,98013.5,"Repeat"
"CUST6763",1,2.0,150.0,150.0,"One-time"
"CUST6766",3,11.0,352648.0,117549.33,"Repeat"
"CUST6768",2,7.0,186230.0,93115.0,"Repeat"
"CUST6769",1,4.0,92801.0,92801.0,"One-time"
"CUST6770",3,10.0,30404.0,10134.67,"Repeat"
"CUST6772",3,7.0,59021.0,19673.67,"Repeat"
"CUST6773",6,22.0,345976.0,57662.67,"Repeat"
"CUST6774",1,4.0,34444.0,34444.0,"One-time"
"CUST6776",2,5.0,130799.0,65399.5,"Repeat"
"CUST6777",4,11.0,195613.0,48903.25,"Repeat"
"CUST6778",2,7.0,126939.0,63469.5,"Repeat"
"CUST6779",1,3.0,75545.0,75545.0,"One-time"
"CUST6780",2,5.0,148213.0,74106.5,"Repeat"
"CUST6781",3,13.0,373205.0,124401.67,"Repeat"
"CUST6783",2,5.0,13327.0,6663.5,"Repeat"
"CUST6784",2,2.0,23383.0,11691.5,"Repeat"
"CUST6785",2,3.0,98814.0,49407.0,"Repeat"
"CUST6788",2,6.0,189328.0,94664.0,"Repeat"
"CUST6789",1,3.0,96664.0,96664.0,"One-time"
"CUST6791",1,2.0,96470.0,96470.0,"One-time"
"CUST6792",5,17.0,436615.0,87323.0,"Repeat"
"CUST6794",1,4.0,200.0,200.0,"One-time"
"CUST6795",3,7.0,187489.0,62496.33,"Repeat"
"CUST6799",1,3.0,52818.0,52818.0,"One-time"
"CUST6801",2,6.0,146718.0,73359.0,"Repeat"
"CUST6802",1,2.0,2568.0,2568.0,"One-time"
"CUST6803",3,14.0,68095.0,22698.33,"Repeat"
"CUST6804",1,2.0,59056.0,59056.0,"One-time"
"CUST6805",5,15.0,348361.0,69672.2,"Repeat"
"CUST6806",6,8.0,146622.0,24437.0,"Repeat"
"CUST6807",2,6.0,205130.0,102565.0,"Repeat"
"CUST6808",3,7.0,148230.0,49410.0,"Repeat"
"CUST6810",4,12.0,7279.0,1819.75,"Repeat"
"CUST6811",1,5.0,88607.0,88607.0,"One-time"
"CUST6813",3,7.0,155621.0,51873.67,"Repeat"
"CUST6814",2,7.0,149686.0,74843.0,"Repeat"
"CUST6815",2,8.0,91254.0,45627.0,"Repeat"
"CUST6816",1,2.0,25791.0,25791.0,"One-time"
"CUST6818",1,4.0,91024.0,91024.0,"One-time"
"CUST6819",1,2.0,66820.0,66820.0,"One-time"
"CUST6821",2,4.0,32370.0,16185.0,"Repeat"
"CUST6823",1,1.0,125.0,125.0,"One-time"
"CUST6824",2,6.0,11907.0,5953.5,"Repeat"
"CUST6826",2,7.0,126077.0,63038.5,"Repeat"
"CUST6827",2,5.0,125117.0,62558.5,"Repeat"
"CUST6828",2,9.0,191587.0,95793.5,"Repeat"
"CUST6830",2,7.0,245280.0,122640.0,"Repeat"
"CUST6831",2,9.0,406773.0,203386.5,"Repeat"
"CUST6832",4,18.0,325758.0,81439.5,"Repeat"
"CUST6833",1,5.0,162226.0,162226.0,"One-time"
"CUST6834",1,4.0,102188.0,102188.0,"One-time"
"CUST6836",1,4.0,165459.0,165459.0,"One-time"
"CUST6839",2,5.0,17503.0,8751.5,"Repeat"
"CUST6840",2,8.0,50240.0,25120.0,"Repeat"
"CUST6841",1,1.0,21560.0,21560.0,"One-time"
"CUST6842",1,4.0,29712.0,29712.0,"One-time"
"CUST6844",3,10.0,283107.0,94369.0,"Repeat"
"CUST6845",1,2.0,14313.0,14313.0,"One-time"
"CUST6846",1,1.0,11208.0,11208.0,"One-time"
"CUST6847",1,3.0,88177.0,88177.0,"One-time"
"CUST6848",2,4.0,174529.0,87264.5,"Repeat"
"CUST6850",3,8.0,166287.0,55429.0,"Repeat"
"CUST6851",2,7.0,129249.0,64624.5,"Repeat"
"CUST6852",4,13.0,366666.0,91666.5,"Repeat"
"CUST6853",2,4.0,51547.0,25773.5,"Repeat"
"CUST6854",3,7.0,154448.0,51482.67,"Repeat"
"CUST6855",3,4.0,65355.0,21785.0,"Repeat"
"CUST6856",1,1.0,6123.0,6123.0,"One-time"
"CUST6857",1,1.0,25558.0,25558.0,"One-time"
"CUST6858",1,4.0,139071.0,139071.0,"One-time"
"CUST6859",2,6.0,239399.0,119699.5,"Repeat"
"CUST6860",2,7.0,213632.0,106816.0,"Repeat"
"CUST6861",2,4.0,124584.0,62292.0,"Repeat"
"CUST6862",2,2.0,11357.0,5678.5,"Repeat"
"CUST6863",1,4.0,47037.0,47037.0,"One-time"
"CUST6864",4,11.0,490384.0,122596.0,"Repeat"
"CUST6865",1,3.0,61823.0,61823.0,"One-time"
"CUST6866",2,6.0,128819.0,64409.5,"Repeat"
"CUST6867",1,4.0,154454.0,154454.0,"One-time"
"CUST6868",1,5.0,26198.0,26198.0,"One-time"
"CUST6869",4,13.0,357737.0,89434.25,"Repeat"
"CUST6870",2,7.0,94171.0,47085.5,"Repeat"
"CUST6871",1,1.0,125.0,125.0,"One-time"
"CUST6872",1,2.0,150.0,150.0,"One-time"
"CUST6873",2,5.0,45303.0,22651.5,"Repeat"
"CUST6876",4,12.0,330010.0,82502.5,"Repeat"
"CUST6877",1,5.0,3440.0,3440.0,"One-time"
"CUST6878",3,11.0,288698.0,96232.67,"Repeat"
"CUST6879",3,7.0,140271.0,46757.0,"Repeat"
"CUST6880",2,6.0,102889.0,51444.5,"Repeat"
"CUST6881",1,5.0,182312.0,182312.0,"One-time"
"CUST6882",1,1.0,14989.0,14989.0,"One-time"
"CUST6883",1,2.0,27327.0,27327.0,"One-time"
"CUST6884",2,7.0,213623.0,106811.5,"Repeat"
"CUST6886",3,10.0,299551.0,99850.33,"Repeat"
"CUST6889",6,17.0,485810.0,80968.33,"Repeat"
"CUST6890",1,1.0,13133.0,13133.0,"One-time"
"CUST6891",2,5.0,129596.0,64798.0,"Repeat"
"CUST6892",1,4.0,85626.0,85626.0,"One-time"
"CUST6893",1,2.0,18409.0,18409.0,"One-time"
"CUST6894",1,1.0,125.0,125.0,"One-time"
"CUST6895",2,6.0,25824.0,12912.0,"Repeat"
"CUST6896",2,3.0,63605.0,31802.5,"Repeat"
"CUST6897",1,1.0,35841.0,35841.0,"One-time"
"CUST6900",3,11.0,339573.0,113191.0,"Repeat"
"CUST6901",1,4.0,130675.0,130675.0,"One-time"
"CUST6902",4,10.0,298565.0,74641.25,"Repeat"
"CUST6904",3,6.0,43516.0,14505.33,"Repeat"
"CUST6905",3,7.0,160574.0,53524.67,"Repeat"
"CUST6907",2,9.0,113332.0,56666.0,"Repeat"
"CUST6908",2,8.0,69589.0,34794.5,"Repeat"
"CUST6909",1,1.0,28866.0,28866.0,"One-time"
"CUST6910",2,9.0,331840.0,165920.0,"Repeat"
"CUST6912",3,9.0,206264.0,68754.67,"Repeat"
"CUST6914",4,12.0,533875.0,133468.75,"Repeat"
"CUST6916",2,5.0,203136.0,101568.0,"Repeat"
"CUST6917",2,6.0,121193.0,60596.5,"Repeat"
"CUST6918",2,9.0,119102.0,59551.0,"Repeat"
"CUST6920",1,3.0,85011.0,85011.0,"One-time"
"CUST6921",2,6.0,214320.0,107160.0,"Repeat"
"CUST6922",4,13.0,418815.0,104703.75,"Repeat"
"CUST6923",1,5.0,202271.0,202271.0,"One-time"
"CUST6924",1,3.0,80498.0,80498.0,"One-time"
"CUST6925",2,2.0,44783.0,22391.5,"Repeat"
"CUST6926",2,5.0,126253.0,63126.5,"Repeat"
"CUST6928",1,1.0,28795.0,28795.0,"One-time"
"CUST6929",3,9.0,118414.0,39471.33,"Repeat"
"CUST6930",2,5.0,157401.0,78700.5,"Repeat"
"CUST6931",4,12.0,98516.0,24629.0,"Repeat"
"CUST6932",4,7.0,198440.0,49610.0,"Repeat"
"CUST6933",1,4.0,65926.0,65926.0,"One-time"
"CUST6934",1,5.0,171072.0,171072.0,"One-time"
"CUST6935",2,4.0,122334.0,61167.0,"Repeat"
"CUST6936",2,7.0,123927.0,61963.5,"Repeat"
"CUST6937",3,7.0,144214.0,48071.33,"Repeat"
"CUST6938",3,14.0,284294.0,94764.67,"Repeat"
"CUST6940",4,10.0,161613.0,40403.25,"Repeat"
"CUST6941",2,7.0,98477.0,49238.5,"Repeat"
"CUST6942",1,4.0,157229.0,157229.0,"One-time"
"CUST6944",1,1.0,6908.0,6908.0,"One-time"
"CUST6946",2,4.0,120271.0,60135.5,"Repeat"
"CUST6947",1,3.0,175.0,175.0,"One-time"
"CUST6948",1,1.0,44652.0,44652.0,"One-time"
"CUST6950",2,5.0,187060.0,93530.0,"Repeat"
"CUST6951",2,4.0,109439.0,54719.5,"Repeat"
"CUST6953",3,11.0,306211.0,102070.33,"Repeat"
"CUST6954",2,8.0,261816.0,130908.0,"Repeat"
"CUST6955",2,3.0,86517.0,43258.5,"Repeat"
"CUST6956",2,6.0,108275.0,54137.5,"Repeat"
"CUST6957",1,4.0,162850.0,162850.0,"One-time"
"CUST6958",2,4.0,45386.0,22693.0,"Repeat"
"CUST6959",3,14.0,248543.0,82847.67,"Repeat"
"CUST6961",1,1.0,36356.0,36356.0,"One-time"
"CUST6962",1,2.0,92306.0,92306.0,"One-time"
"CUST6963",4,10.0,291162.0,72790.5,"Repeat"
"CUST6964",1,2.0,31036.0,31036.0,"One-time"
"CUST6965",2,7.0,266375.0,133187.5,"Repeat"
"CUST6966",2,4.0,22312.0,11156.0,"Repeat"
"CUST6967",3,11.0,433723.0,144574.33,"Repeat"
"CUST6968",2,4.0,119436.0,59718.0,"Repeat"
"CUST6969",2,8.0,76160.0,38080.0,"Repeat"
"CUST6970",1,4.0,89334.0,89334.0,"One-time"
"CUST6971",2,7.0,241228.0,120614.0,"Repeat"
"CUST6973",3,8.0,297481.0,99160.33,"Repeat"
"CUST6974",1,3.0,74505.0,74505.0,"One-time"
"CUST6975",1,2.0,50001.0,50001.0,"One-time"
"CUST6977",2,3.0,114884.0,57442.0,"Repeat"
"CUST6978",2,2.0,69058.0,34529.0,"Repeat"
"CUST6979",3,11.0,249939.0,83313.0,"Repeat"
"CUST6980",1,2.0,84773.0,84773.0,"One-time"
"CUST6981",1,5.0,195192.0,195192.0,"One-time"
"CUST6982",3,9.0,35581.0,11860.33,"Repeat"
"CUST6983",2,2.0,39748.0,19874.0,"Repeat"
"CUST6984",4,14.0,459588.0,114897.0,"Repeat"
"CUST6985",2,6.0,185859.0,92929.5,"Repeat"
"CUST6986",2,3.0,72408.0,36204.0,"Repeat"
"CUST6987",1,3.0,33559.0,33559.0,"One-time"
"CUST6988",1,5.0,61303.0,61303.0,"One-time"
"CUST6991",2,7.0,113002.0,56501.0,"Repeat"
"CUST6992",2,9.0,291905.0,145952.5,"Repeat"
"CUST6993",4,9.0,190535.0,47633.75,"Repeat"
"CUST6994",2,4.0,51938.0,25969.0,"Repeat"
"CUST6995",2,9.0,281915.0,140957.5,"Repeat"
"CUST6996",4,12.0,349057.0,87264.25,"Repeat"
"CUST6997",2,8.0,227730.0,113865.0,"Repeat"
"CUST6998",1,4.0,119600.0,119600.0,"One-time"
"CUST7000",4,15.0,82494.0,20623.5,"Repeat"
"CUST7002",1,4.0,119749.0,119749.0,"One-time"
"CUST7004",1,3.0,175.0,175.0,"One-time"
"CUST7005",1,3.0,128763.0,128763.0,"One-time"
"CUST7006",2,7.0,43579.0,21789.5,"Repeat"
"CUST7007",3,14.0,165391.0,55130.33,"Repeat"
"CUST7009",2,5.0,164781.0,82390.5,"Repeat"
"CUST7010",1,1.0,6902.0,6902.0,"One-time"
"CUST7011",1,1.0,25135.0,25135.0,"One-time"
"CUST7012",1,2.0,60432.0,60432.0,"One-time"
"CUST7013",2,6.0,32079.0,16039.5,"Repeat"
"CUST7014",2,9.0,22425.0,11212.5,"Repeat"
"CUST7015",3,15.0,425065.0,141688.33,"Repeat"
"CUST7016",3,12.0,267361.0,89120.33,"Repeat"
"CUST7020",2,4.0,12023.0,6011.5,"Repeat"
"CUST7022",1,5.0,231673.0,231673.0,"One-time"
"CUST7023",1,4.0,200.0,200.0,"One-time"
"CUST7024",1,3.0,26200.0,26200.0,"One-time"
"CUST7025",2,3.0,26834.0,13417.0,"Repeat"
"CUST7026",2,6.0,62537.0,31268.5,"Repeat"
"CUST7027",3,8.0,196408.0,65469.33,"Repeat"
"CUST7028",2,6.0,193128.0,96564.0,"Repeat"
"CUST7029",2,7.0,196164.0,98082.0,"Repeat"
"CUST7030",3,11.0,138803.0,46267.67,"Repeat"
"CUST7033",5,7.0,215203.0,43040.6,"Repeat"
"CUST7034",2,4.0,26140.0,13070.0,"Repeat"
"CUST7035",5,11.0,260597.0,52119.4,"Repeat"
"CUST7039",2,10.0,268458.0,134229.0,"Repeat"
"CUST7040",1,3.0,70382.0,70382.0,"One-time"
"CUST7041",3,15.0,280930.0,93643.33,"Repeat"
"CUST7042",1,4.0,62288.0,62288.0,"One-time"
"CUST7043",2,7.0,321951.0,160975.5,"Repeat"
"CUST7044",1,4.0,6036.0,6036.0,"One-time"
"CUST7045",2,6.0,7175.0,3587.5,"Repeat"
"CUST7046",5,18.0,707958.0,141591.6,"Repeat"
"CUST7048",1,5.0,222809.0,222809.0,"One-time"
"CUST7049",3,14.0,202424.0,67474.67,"Repeat"
"CUST7050",4,15.0,229453.0,57363.25,"Repeat"
"CUST7051",2,5.0,65672.0,32836.0,"Repeat"
"CUST7052",2,4.0,7008.0,3504.0,"Repeat"
"CUST7053",2,6.0,25100.0,12550.0,"Repeat"
"CUST7054",1,5.0,8194.0,8194.0,"One-time"
"CUST7056",1,2.0,85253.0,85253.0,"One-time"
"CUST7057",3,3.0,83140.0,27713.33,"Repeat"
"CUST7058",3,13.0,233905.0,77968.33,"Repeat"
"CUST7059",1,1.0,1018.0,1018.0,"One-time"
"CUST7060",3,5.0,38053.0,12684.33,"Repeat"
"CUST7061",3,8.0,173975.0,57991.67,"Repeat"
"CUST7062",2,7.0,239402.0,119701.0,"Repeat"
"CUST7063",1,4.0,6504.0,6504.0,"One-time"
"CUST7065",1,3.0,69069.0,69069.0,"One-time"
"CUST7066",3,7.0,174126.0,58042.0,"Repeat"
"CUST7068",2,2.0,39539.0,19769.5,"Repeat"
"CUST7069",2,5.0,325.0,162.5,"Repeat"
"CUST7070",4,9.0,262877.0,65719.25,"Repeat"
"CUST7072",3,9.0,249716.0,83238.67,"Repeat"
"CUST7073",1,4.0,43211.0,43211.0,"One-time"
"CUST7074",2,6.0,174984.0,87492.0,"Repeat"
"CUST7075",1,2.0,93311.0,93311.0,"One-time"
"CUST7076",2,4.0,62133.0,31066.5,"Repeat"
"CUST7077",1,2.0,17152.0,17152.0,"One-time"
"CUST7078",1,1.0,3572.0,3572.0,"One-time"
"CUST7079",1,4.0,193068.0,193068.0,"One-time"
"CUST7081",1,4.0,182962.0,182962.0,"One-time"
"CUST7084",1,4.0,182040.0,182040.0,"One-time"
"CUST7085",2,4.0,70051.0,35025.5,"Repeat"
"CUST7086",2,5.0,65651.0,32825.5,"Repeat"
"CUST7087",1,1.0,40430.0,40430.0,"One-time"
"CUST7089",1,2.0,36031.0,36031.0,"One-time"
"CUST7090",3,9.0,192614.0,64204.67,"Repeat"
"CUST7092",1,4.0,54569.0,54569.0,"One-time"
"CUST7093",1,2.0,23537.0,23537.0,"One-time"
"CUST7094",1,5.0,227463.0,227463.0,"One-time"
"CUST7095",1,3.0,3119.0,3119.0,"One-time"
"CUST7096",2,3.0,13215.0,6607.5,"Repeat"
"CUST7097",1,4.0,33197.0,33197.0,"One-time"
"CUST7098",1,4.0,21763.0,21763.0,"One-time"
"CUST7099",2,8.0,235730.0,117865.0,"Repeat"
"CUST7100",1,1.0,31625.0,31625.0,"One-time"
"CUST7101",2,4.0,115076.0,57538.0,"Repeat"
"CUST7102",3,5.0,111079.0,37026.33,"Repeat"
"CUST7103",3,11.0,343225.0,114408.33,"Repeat"
"CUST7104",5,14.0,439295.0,87859.0,"Repeat"
"CUST7105",2,8.0,160747.0,80373.5,"Repeat"
"CUST7106",4,11.0,226405.0,56601.25,"Repeat"
"CUST7107",2,7.0,115296.0,57648.0,"Repeat"
"CUST7108",1,5.0,131164.0,131164.0,"One-time"
"CUST7110",1,1.0,125.0,125.0,"One-time"
"CUST7111",3,5.0,122619.0,40873.0,"Repeat"
"CUST7112",1,1.0,37511.0,37511.0,"One-time"
"CUST7113",4,9.0,88026.0,22006.5,"Repeat"
"CUST7114",1,5.0,158767.0,158767.0,"One-time"
"CUST7115",2,8.0,343059.0,171529.5,"Repeat"
"CUST7117",5,18.0,608272.0,121654.4,"Repeat"
"CUST7118",3,10.0,209231.0,69743.67,"Repeat"
"CUST7120",2,3.0,101733.0,50866.5,"Repeat"
"CUST7121",4,18.0,357424.0,89356.0,"Repeat"
"CUST7122",5,24.0,286486.0,57297.2,"Repeat"
"CUST7124",2,7.0,117228.0,58614.0,"Repeat"
"CUST7126",2,8.0,217669.0,108834.5,"Repeat"
"CUST7127",2,3.0,66743.0,33371.5,"Repeat"
"CUST7128",3,8.0,50209.0,16736.33,"Repeat"
"CUST7129",1,4.0,177831.0,177831.0,"One-time"
"CUST7131",4,13.0,394464.0,98616.0,"Repeat"
"CUST7132",1,4.0,9987.0,9987.0,"One-time"
"CUST7133",2,8.0,254712.0,127356.0,"Repeat"
"CUST7134",3,9.0,213088.0,71029.33,"Repeat"
"CUST7136",4,10.0,101704.0,25426.0,"Repeat"
"CUST7139",1,5.0,103027.0,103027.0,"One-time"
"CUST7140",2,7.0,115938.0,57969.0,"Repeat"
"CUST7141",3,13.0,292708.0,97569.33,"Repeat"
"CUST7142",2,6.0,69294.0,34647.0,"Repeat"
"CUST7143",2,7.0,247422.0,123711.0,"Repeat"
"CUST7144",2,3.0,59634.0,29817.0,"Repeat"
"CUST7145",1,4.0,31801.0,31801.0,"One-time"
"CUST7146",1,4.0,7968.0,7968.0,"One-time"
"CUST7149",2,3.0,46609.0,23304.5,"Repeat"
"CUST7151",2,2.0,6892.0,3446.0,"Repeat"
"CUST7152",1,2.0,41517.0,41517.0,"One-time"
"CUST7153",3,5.0,128013.0,42671.0,"Repeat"
"CUST7154",1,3.0,148654.0,148654.0,"One-time"
"CUST7155",2,2.0,18461.0,9230.5,"Repeat"
"CUST7157",2,4.0,29021.0,14510.5,"Repeat"
"CUST7158",1,4.0,98713.0,98713.0,"One-time"
"CUST7160",1,1.0,5884.0,5884.0,"One-time"
"CUST7161",5,15.0,324354.0,64870.8,"Repeat"
"CUST7162",1,3.0,89717.0,89717.0,"One-time"
"CUST7163",1,5.0,146059.0,146059.0,"One-time"
"CUST7164",1,2.0,57123.0,57123.0,"One-time"
"CUST7165",4,9.0,102612.0,25653.0,"Repeat"
"CUST7166",1,5.0,114769.0,114769.0,"One-time"
"CUST7168",1,5.0,47531.0,47531.0,"One-time"
"CUST7169",1,1.0,125.0,125.0,"One-time"
"CUST7171",2,8.0,390547.0,195273.5,"Repeat"
"CUST7173",1,4.0,66594.0,66594.0,"One-time"
"CUST7174",3,10.0,354718.0,118239.33,"Repeat"
"CUST7175",2,5.0,107880.0,53940.0,"Repeat"
"CUST7176",1,2.0,96805.0,96805.0,"One-time"
"CUST7177",4,12.0,145011.0,36252.75,"Repeat"
"CUST7178",2,6.0,134954.0,67477.0,"Repeat"
"CUST7179",3,10.0,98970.0,32990.0,"Repeat"
"CUST7181",2,9.0,131644.0,65822.0,"Repeat"
"CUST7183",2,5.0,38772.0,19386.0,"Repeat"
"CUST7185",1,4.0,90922.0,90922.0,"One-time"
"CUST7186",2,6.0,202684.0,101342.0,"Repeat"
"CUST7187",4,14.0,429550.0,107387.5,"Repeat"
"CUST7188",1,2.0,74376.0,74376.0,"One-time"
"CUST7189",3,6.0,131937.0,43979.0,"Repeat"
"CUST7190",1,2.0,6616.0,6616.0,"One-time"
"CUST7191",3,10.0,13057.0,4352.33,"Repeat"
"CUST7194",1,2.0,62984.0,62984.0,"One-time"
"CUST7195",2,4.0,105447.0,52723.5,"Repeat"
"CUST7196",3,7.0,247903.0,82634.33,"Repeat"
"CUST7197",1,1.0,37084.0,37084.0,"One-time"
"CUST7198",1,2.0,16660.0,16660.0,"One-time"
"CUST7199",1,2.0,48095.0,48095.0,"One-time"
"CUST7200",1,1.0,32707.0,32707.0,"One-time"
"CUST7201",4,15.0,342902.0,85725.5,"Repeat"
"CUST7203",1,1.0,11489.0,11489.0,"One-time"
"CUST7204",3,14.0,169301.0,56433.67,"Repeat"
"CUST7205",1,3.0,62828.0,62828.0,"One-time"
"CUST7207",1,2.0,13563.0,13563.0,"One-time"
"CUST7208",5,17.0,414934.0,82986.8,"Repeat"
"CUST7209",1,5.0,130341.0,130341.0,"One-time"
"CUST7210",2,4.0,49294.0,24647.0,"Repeat"
"CUST7211",3,8.0,228530.0,76176.67,"Repeat"
"CUST7212",1,2.0,749.0,749.0,"One-time"
"CUST7213",2,7.0,224338.0,112169.0,"Repeat"
"CUST7214",1,1.0,10990.0,10990.0,"One-time"
"CUST7215",1,1.0,44002.0,44002.0,"One-time"
"CUST7216",3,8.0,47245.0,15748.33,"Repeat"
"CUST7217",3,6.0,119252.0,39750.67,"Repeat"
"CUST7218",2,7.0,198662.0,99331.0,"Repeat"
"CUST7219",1,1.0,47918.0,47918.0,"One-time"
"CUST7220",2,4.0,75426.0,37713.0,"Repeat"
"CUST7221",1,4.0,102371.0,102371.0,"One-time"
"CUST7222",2,6.0,79340.0,39670.0,"Repeat"
"CUST7223",3,5.0,71460.0,23820.0,"Repeat"
"CUST7224",5,11.0,227153.0,45430.6,"Repeat"
"CUST7225",1,4.0,55553.0,55553.0,"One-time"
"CUST7226",1,5.0,136684.0,136684.0,"One-time"
"CUST7227",1,5.0,250.0,250.0,"One-time"
"CUST7228",3,11.0,374447.0,124815.67,"Repeat"
"CUST7229",2,4.0,114399.0,57199.5,"Repeat"
"CUST7230",3,4.0,101344.0,33781.33,"Repeat"
"CUST7232",2,8.0,80126.0,40063.0,"Repeat"
"CUST7234",2,3.0,37162.0,18581.0,"Repeat"
"CUST7235",1,5.0,118509.0,118509.0,"One-time"
"CUST7236",2,8.0,187264.0,93632.0,"Repeat"
"CUST7237",4,10.0,361770.0,90442.5,"Repeat"
"CUST7238",2,5.0,135101.0,67550.5,"Repeat"
"CUST7239",2,4.0,95123.0,47561.5,"Repeat"
"CUST7240",2,5.0,122307.0,61153.5,"Repeat"
"CUST7241",2,6.0,91197.0,45598.5,"Repeat"
"CUST7242",1,1.0,27278.0,27278.0,"One-time"
"CUST7243",1,4.0,155129.0,155129.0,"One-time"
"CUST7244",1,2.0,81498.0,81498.0,"One-time"
"CUST7245",1,5.0,13659.0,13659.0,"One-time"
"CUST7246",3,9.0,208354.0,69451.33,"Repeat"
"CUST7247",3,9.0,253141.0,84380.33,"Repeat"
"CUST7248",2,4.0,23046.0,11523.0,"Repeat"
"CUST7249",4,11.0,300212.0,75053.0,"Repeat"
"CUST7250",1,4.0,198941.0,198941.0,"One-time"
"CUST7251",1,4.0,125343.0,125343.0,"One-time"
"CUST7253",2,5.0,36709.0,18354.5,"Repeat"
"CUST7254",2,8.0,62732.0,31366.0,"Repeat"
"CUST7255",2,9.0,106356.0,53178.0,"Repeat"
"CUST7256",1,5.0,246126.0,246126.0,"One-time"
"CUST7258",3,4.0,104303.0,34767.67,"Repeat"
"CUST7259",1,4.0,200.0,200.0,"One-time"
"CUST7261",2,7.0,113805.0,56902.5,"Repeat"
"CUST7262",3,11.0,276930.0,92310.0,"Repeat"
"CUST7263",1,1.0,6989.0,6989.0,"One-time"
"CUST7264",5,14.0,202534.0,40506.8,"Repeat"
"CUST7265",3,11.0,76398.0,25466.0,"Repeat"
"CUST7266",3,8.0,203408.0,67802.67,"Repeat"
"CUST7267",2,4.0,113379.0,56689.5,"Repeat"
"CUST7268",2,9.0,144598.0,72299.0,"Repeat"
"CUST7269",1,2.0,64748.0,64748.0,"One-time"
"CUST7271",1,3.0,61121.0,61121.0,"One-time"
"CUST7272",1,4.0,99531.0,99531.0,"One-time"
"CUST7273",1,4.0,152107.0,152107.0,"One-time"
"CUST7274",3,8.0,297246.0,99082.0,"Repeat"
"CUST7275",2,9.0,92584.0,46292.0,"Repeat"
"CUST7276",3,10.0,302900.0,100966.67,"Repeat"
"CUST7280",2,3.0,38127.0,19063.5,"Repeat"
"CUST7281",1,1.0,19435.0,19435.0,"One-time"
"CUST7282",2,2.0,61244.0,30622.0,"Repeat"
"CUST7283",3,12.0,118749.0,39583.0,"Repeat"
"CUST7284",2,10.0,183014.0,91507.0,"Repeat"
"CUST7285",2,9.0,151445.0,75722.5,"Repeat"
"CUST7287",2,5.0,15133.0,7566.5,"Repeat"
"CUST7288",2,6.0,109436.0,54718.0,"Repeat"
"CUST7289",2,6.0,22281.0,11140.5,"Repeat"
"CUST7290",2,6.0,62174.0,31087.0,"Repeat"
"CUST7291",3,7.0,168508.0,56169.33,"Repeat"
"CUST7292",2,7.0,70638.0,35319.0,"Repeat"
"CUST7293",2,7.0,252270.0,126135.0,"Repeat"
"CUST7294",6,22.0,504837.0,84139.5,"Repeat"
"CUST7296",5,15.0,325587.0,65117.4,"Repeat"
"CUST7297",1,3.0,175.0,175.0,"One-time"
"CUST7298",3,11.0,437824.0,145941.33,"Repeat"
"CUST7299",1,2.0,42705.0,42705.0,"One-time"
"CUST7300",2,6.0,234197.0,117098.5,"Repeat"
"CUST7301",1,3.0,48444.0,48444.0,"One-time"
"CUST7302",1,5.0,250.0,250.0,"One-time"
"CUST7303",1,2.0,35590.0,35590.0,"One-time"
"CUST7304",1,1.0,45579.0,45579.0,"One-time"
"CUST7306",1,4.0,200.0,200.0,"One-time"
"CUST7307",2,6.0,103428.0,51714.0,"Repeat"
"CUST7308",2,10.0,264884.0,132442.0,"Repeat"
"CUST7309",2,5.0,111496.0,55748.0,"Repeat"
"CUST7310",3,11.0,294471.0,98157.0,"Repeat"
"CUST7311",1,2.0,75159.0,75159.0,"One-time"
"CUST7312",1,5.0,250.0,250.0,"One-time"
"CUST7313",1,2.0,84446.0,84446.0,"One-time"
"CUST7314",2,6.0,16107.0,8053.5,"Repeat"
"CUST7315",2,6.0,227402.0,113701.0,"Repeat"
"CUST7316",2,4.0,174394.0,87197.0,"Repeat"
"CUST7318",1,5.0,250.0,250.0,"One-time"
"CUST7319",1,5.0,8310.0,8310.0,"One-time"
"CUST7320",3,14.0,413225.0,137741.67,"Repeat"
"CUST7321",1,4.0,73974.0,73974.0,"One-time"
"CUST7324",1,4.0,184898.0,184898.0,"One-time"
"CUST7326",2,6.0,184966.0,92483.0,"Repeat"
"CUST7327",2,3.0,108842.0,54421.0,"Repeat"
"CUST7328",2,6.0,28017.0,14008.5,"Repeat"
"CUST7329",2,8.0,15809.0,7904.5,"Repeat"
"CUST7332",1,5.0,229729.0,229729.0,"One-time"
"CUST7333",2,7.0,179641.0,89820.5,"Repeat"
"CUST7334",3,8.0,150375.0,50125.0,"Repeat"
"CUST7335",2,8.0,161963.0,80981.5,"Repeat"
"CUST7337",1,4.0,137590.0,137590.0,"One-time"
"CUST7338",2,8.0,224234.0,112117.0,"Repeat"
"CUST7340",1,4.0,32712.0,32712.0,"One-time"
"CUST7341",1,3.0,80011.0,80011.0,"One-time"
"CUST7342",1,1.0,27127.0,27127.0,"One-time"
"CUST7343",2,5.0,114607.0,57303.5,"Repeat"
"CUST7345",2,8.0,148056.0,74028.0,"Repeat"
"CUST7347",3,11.0,91804.0,30601.33,"Repeat"
"CUST7348",3,9.0,67483.0,22494.33,"Repeat"
"CUST7349",3,6.0,72289.0,24096.33,"Repeat"
"CUST7350",2,4.0,111333.0,55666.5,"Repeat"
"CUST7352",1,4.0,78031.0,78031.0,"One-time"
"CUST7354",1,5.0,115535.0,115535.0,"One-time"
"CUST7355",1,2.0,26234.0,26234.0,"One-time"
"CUST7357",1,5.0,250.0,250.0,"One-time"
"CUST7358",2,7.0,57083.0,28541.5,"Repeat"
"CUST7359",1,1.0,15186.0,15186.0,"One-time"
"CUST7361",4,10.0,172441.0,43110.25,"Repeat"
"CUST7362",4,16.0,240313.0,60078.25,"Repeat"
"CUST7365",2,5.0,4965.0,2482.5,"Repeat"
"CUST7366",2,6.0,10436.0,5218.0,"Repeat"
"CUST7367",3,10.0,114726.0,38242.0,"Repeat"
"CUST7368",1,1.0,23921.0,23921.0,"One-time"
"CUST7369",2,6.0,271818.0,135909.0,"Repeat"
"CUST7370",3,7.0,176930.0,58976.67,"Repeat"
"CUST7371",1,4.0,21214.0,21214.0,"One-time"
"CUST7373",2,2.0,50415.0,25207.5,"Repeat"
"CUST7374",1,4.0,127247.0,127247.0,"One-time"
"CUST7375",2,5.0,149800.0,74900.0,"Repeat"
"CUST7377",2,7.0,120208.0,60104.0,"Repeat"
"CUST7380",2,2.0,4737.0,2368.5,"Repeat"
"CUST7381",4,11.0,122313.0,30578.25,"Repeat"
"CUST7384",1,1.0,19001.0,19001.0,"One-time"
"CUST7385",3,11.0,244609.0,81536.33,"Repeat"
"CUST7386",2,2.0,57022.0,28511.0,"Repeat"
"CUST7387",2,4.0,50866.0,25433.0,"Repeat"
"CUST7388",2,6.0,249745.0,124872.5,"Repeat"
"CUST7389",3,11.0,98116.0,32705.33,"Repeat"
"CUST7390",2,5.0,7632.0,3816.0,"Repeat"
"CUST7391",1,4.0,119302.0,119302.0,"One-time"
"CUST7392",3,6.0,205437.0,68479.0,"Repeat"
"CUST7393",2,10.0,16227.0,8113.5,"Repeat"
"CUST7394",2,10.0,230974.0,115487.0,"Repeat"
"CUST7395",1,2.0,63720.0,63720.0,"One-time"
"CUST7396",2,8.0,212355.0,106177.5,"Repeat"
"CUST7397",1,4.0,54239.0,54239.0,"One-time"
"CUST7398",2,5.0,74314.0,37157.0,"Repeat"
"CUST7400",1,5.0,216869.0,216869.0,"One-time"
"CUST7402",3,8.0,332022.0,110674.0,"Repeat"
"CUST7403",2,8.0,79801.0,39900.5,"Repeat"
"CUST7404",1,3.0,175.0,175.0,"One-time"
"CUST7406",1,2.0,26825.0,26825.0,"One-time"
"CUST7407",1,1.0,36595.0,36595.0,"One-time"
"CUST7408",3,9.0,97542.0,32514.0,"Repeat"
"CUST7409",1,3.0,51355.0,51355.0,"One-time"
"CUST7410",2,5.0,37482.0,18741.0,"Repeat"
"CUST7411",1,4.0,104287.0,104287.0,"One-time"
"CUST7412",3,6.0,104169.0,34723.0,"Repeat"
"CUST7413",3,7.0,140026.0,46675.33,"Repeat"
"CUST7414",1,4.0,160369.0,160369.0,"One-time"
"CUST7415",1,4.0,58997.0,58997.0,"One-time"
"CUST7416",2,8.0,173172.0,86586.0,"Repeat"
"CUST7417",1,4.0,191594.0,191594.0,"One-time"
"CUST7418",1,4.0,170127.0,170127.0,"One-time"
"CUST7421",3,12.0,230220.0,76740.0,"Repeat"
"CUST7422",2,3.0,80046.0,40023.0,"Repeat"
"CUST7424",3,5.0,105637.0,35212.33,"Repeat"
"CUST7425",2,6.0,213517.0,106758.5,"Repeat"
"CUST7426",1,4.0,16733.0,16733.0,"One-time"
"CUST7427",1,2.0,150.0,150.0,"One-time"
"CUST7428",2,6.0,35967.0,17983.5,"Repeat"
"CUST7429",1,4.0,88440.0,88440.0,"One-time"
"CUST7430",2,3.0,54035.0,27017.5,"Repeat"
"CUST7431",1,3.0,117365.0,117365.0,"One-time"
"CUST7432",2,5.0,176221.0,88110.5,"Repeat"
"CUST7434",1,2.0,45518.0,45518.0,"One-time"
"CUST7435",1,1.0,22328.0,22328.0,"One-time"
"CUST7436",2,2.0,74989.0,37494.5,"Repeat"
"CUST7437",1,3.0,45032.0,45032.0,"One-time"
"CUST7440",1,1.0,36694.0,36694.0,"One-time"
"CUST7442",2,9.0,137320.0,68660.0,"Repeat"
"CUST7443",4,10.0,323259.0,80814.75,"Repeat"
"CUST7444",1,2.0,55752.0,55752.0,"One-time"
"CUST7445",3,5.0,147988.0,49329.33,"Repeat"
"CUST7446",2,6.0,25352.0,12676.0,"Repeat"
"CUST7447",1,2.0,77427.0,77427.0,"One-time"
"CUST7448",2,7.0,66018.0,33009.0,"Repeat"
"CUST7449",2,5.0,55978.0,27989.0,"Repeat"
"CUST7450",4,13.0,253711.0,63427.75,"Repeat"
"CUST7453",1,3.0,18168.0,18168.0,"One-time"
"CUST7454",3,13.0,212897.0,70965.67,"Repeat"
"CUST7455",1,2.0,98080.0,98080.0,"One-time"
"CUST7456",6,19.0,155974.0,25995.67,"Repeat"
"CUST7457",1,1.0,30475.0,30475.0,"One-time"
"CUST7458",2,5.0,161882.0,80941.0,"Repeat"
"CUST7460",1,2.0,54269.0,54269.0,"One-time"
"CUST7462",3,10.0,174589.0,58196.33,"Repeat"
"CUST7463",1,1.0,125.0,125.0,"One-time"
"CUST7464",1,2.0,150.0,150.0,"One-time"
"CUST7465",4,11.0,252978.0,63244.5,"Repeat"
"CUST7466",3,7.0,66075.0,22025.0,"Repeat"
"CUST7467",3,8.0,112356.0,37452.0,"Repeat"
"CUST7468",3,11.0,45521.0,15173.67,"Repeat"
"CUST7471",2,5.0,106280.0,53140.0,"Repeat"
"CUST7473",1,5.0,123880.0,123880.0,"One-time"
"CUST7474",2,8.0,352003.0,176001.5,"Repeat"
"CUST7475",3,5.0,165157.0,55052.33,"Repeat"
"CUST7476",4,15.0,230926.0,57731.5,"Repeat"
"CUST7477",1,5.0,200381.0,200381.0,"One-time"
"CUST7478",2,7.0,273501.0,136750.5,"Repeat"
"CUST7479",4,13.0,176624.0,44156.0,"Repeat"
"CUST7480",1,5.0,11028.0,11028.0,"One-time"
"CUST7481",2,8.0,282255.0,141127.5,"Repeat"
"CUST7482",1,4.0,106198.0,106198.0,"One-time"
"CUST7484",5,20.0,437615.0,87523.0,"Repeat"
"CUST7485",1,4.0,200.0,200.0,"One-time"
"CUST7486",2,4.0,30853.0,15426.5,"Repeat"
"CUST7487",1,1.0,28028.0,28028.0,"One-time"
"CUST7488",2,3.0,89492.0,44746.0,"Repeat"
"CUST7489",1,3.0,74013.0,74013.0,"One-time"
"CUST7491",1,5.0,28809.0,28809.0,"One-time"
"CUST7492",4,12.0,320696.0,80174.0,"Repeat"
"CUST7493",2,2.0,250.0,125.0,"Repeat"
"CUST7494",4,13.0,232797.0,58199.25,"Repeat"
"CUST7495",2,6.0,38674.0,19337.0,"Repeat"
"CUST7496",1,5.0,151022.0,151022.0,"One-time"
"CUST7499",4,10.0,125267.0,31316.75,"Repeat"
"CUST7500",3,8.0,140714.0,46904.67,"Repeat"
"CUST7501",2,5.0,35459.0,17729.5,"Repeat"
"CUST7502",2,6.0,252319.0,126159.5,"Repeat"
"CUST7503",2,6.0,98408.0,49204.0,"Repeat"
"CUST7504",3,6.0,185280.0,61760.0,"Repeat"
"CUST7505",2,8.0,319898.0,159949.0,"Repeat"
"CUST7506",1,3.0,31627.0,31627.0,"One-time"
"CUST7508",3,6.0,60146.0,20048.67,"Repeat"
"CUST7511",3,8.0,300882.0,100294.0,"Repeat"
"CUST7512",7,21.0,442747.0,63249.57,"Repeat"
"CUST7513",1,1.0,125.0,125.0,"One-time"
"CUST7514",4,10.0,272679.0,68169.75,"Repeat"
"CUST7515",1,2.0,47454.0,47454.0,"One-time"
"CUST7516",2,10.0,426951.0,213475.5,"Repeat"
"CUST7517",3,7.0,25273.0,8424.33,"Repeat"
"CUST7518",1,2.0,28824.0,28824.0,"One-time"
"CUST7519",1,2.0,83403.0,83403.0,"One-time"
"CUST7520",4,12.0,317807.0,79451.75,"Repeat"
"CUST7521",1,3.0,72283.0,72283.0,"One-time"
"CUST7522",1,3.0,148283.0,148283.0,"One-time"
"CUST7523",4,13.0,150614.0,37653.5,"Repeat"
"CUST7524",3,10.0,354321.0,118107.0,"Repeat"
"CUST7525",4,12.0,151308.0,37827.0,"Repeat"
"CUST7526",1,4.0,108811.0,108811.0,"One-time"
"CUST7527",1,4.0,86305.0,86305.0,"One-time"
"CUST7528",2,3.0,275.0,137.5,"Repeat"
"CUST7529",4,13.0,196714.0,49178.5,"Repeat"
"CUST7530",4,16.0,544044.0,136011.0,"Repeat"
"CUST7531",3,8.0,133082.0,44360.67,"Repeat"
"CUST7532",1,4.0,115010.0,115010.0,"One-time"
"CUST7536",1,4.0,13873.0,13873.0,"One-time"
"CUST7537",1,3.0,100257.0,100257.0,"One-time"
"CUST7539",3,7.0,225018.0,75006.0,"Repeat"
"CUST7540",3,10.0,152264.0,50754.67,"Repeat"
"CUST7541",4,17.0,350320.0,87580.0,"Repeat"
"CUST7542",2,7.0,100066.0,50033.0,"Repeat"
"CUST7543",2,8.0,122486.0,61243.0,"Repeat"
"CUST7544",1,4.0,165799.0,165799.0,"One-time"
"CUST7545",2,7.0,138285.0,69142.5,"Repeat"
"CUST7548",2,6.0,49636.0,24818.0,"Repeat"
"CUST7549",1,5.0,134740.0,134740.0,"One-time"
"CUST7551",3,7.0,113846.0,37948.67,"Repeat"
"CUST7552",1,4.0,164686.0,164686.0,"One-time"
"CUST7553",5,15.0,312148.0,62429.6,"Repeat"
"CUST7554",1,4.0,50355.0,50355.0,"One-time"
"CUST7555",2,5.0,203311.0,101655.5,"Repeat"
"CUST7556",1,2.0,25875.0,25875.0,"One-time"
"CUST7557",5,13.0,366439.0,73287.8,"Repeat"
"CUST7558",3,12.0,225610.0,75203.33,"Repeat"
"CUST7559",1,4.0,1034.0,1034.0,"One-time"
"CUST7560",1,3.0,175.0,175.0,"One-time"
"CUST7561",3,7.0,237454.0,79151.33,"Repeat"
"CUST7562",2,2.0,77203.0,38601.5,"Repeat"
"CUST7563",2,3.0,30591.0,15295.5,"Repeat"
"CUST7564",4,11.0,249234.0,62308.5,"Repeat"
"CUST7565",2,6.0,237812.0,118906.0,"Repeat"
"CUST7566",3,8.0,50412.0,16804.0,"Repeat"
"CUST7567",3,12.0,172197.0,57399.0,"Repeat"
"CUST7568",4,9.0,253950.0,63487.5,"Repeat"
"CUST7569",1,2.0,69145.0,69145.0,"One-time"
"CUST7570",2,8.0,400.0,200.0,"Repeat"
"CUST7571",1,2.0,59354.0,59354.0,"One-time"
"CUST7572",1,4.0,70129.0,70129.0,"One-time"
"CUST7573",1,1.0,5438.0,5438.0,"One-time"
"CUST7574",1,1.0,31147.0,31147.0,"One-time"
"CUST7576",2,6.0,187891.0,93945.5,"Repeat"
"CUST7577",3,10.0,225120.0,75040.0,"Repeat"
"CUST7578",1,4.0,126146.0,126146.0,"One-time"
"CUST7579",2,10.0,309012.0,154506.0,"Repeat"
"CUST7581",1,3.0,78405.0,78405.0,"One-time"
"CUST7582",2,3.0,107501.0,53750.5,"Repeat"
"CUST7583",4,10.0,105883.0,26470.75,"Repeat"
"CUST7584",1,3.0,65243.0,65243.0,"One-time"
"CUST7585",2,7.0,288708.0,144354.0,"Repeat"
"CUST7587",1,3.0,4821.0,4821.0,"One-time"
"CUST7588",4,12.0,369993.0,92498.25,"Repeat"
"CUST7589",1,1.0,44967.0,44967.0,"One-time"
"CUST7590",1,4.0,142369.0,142369.0,"One-time"
"CUST7591",2,9.0,49487.0,24743.5,"Repeat"
"CUST7592",1,4.0,60640.0,60640.0,"One-time"
"CUST7593",2,6.0,187099.0,93549.5,"Repeat"
"CUST7595",2,3.0,99258.0,49629.0,"Repeat"
"CUST7596",1,4.0,105465.0,105465.0,"One-time"
"CUST7597",2,7.0,88257.0,44128.5,"Repeat"
"CUST7598",3,5.0,74997.0,24999.0,"Repeat"
"CUST7599",1,1.0,1890.0,1890.0,"One-time"
"CUST7600",1,4.0,200.0,200.0,"One-time"
"CUST7601",1,4.0,2929.0,2929.0,"One-time"
"CUST7602",1,3.0,17082.0,17082.0,"One-time"
"CUST7603",2,7.0,182373.0,91186.5,"Repeat"
"CUST7605",1,4.0,200.0,200.0,"One-time"
"CUST7606",3,11.0,144259.0,48086.33,"Repeat"
"CUST7607",4,10.0,296086.0,74021.5,"Repeat"
"CUST7608",2,7.0,138042.0,69021.0,"Repeat"
"CUST7609",1,3.0,73065.0,73065.0,"One-time"
"CUST7610",3,8.0,37784.0,12594.67,"Repeat"
"CUST7611",3,15.0,175106.0,58368.67,"Repeat"
"CUST7612",2,6.0,64922.0,32461.0,"Repeat"
"CUST7613",2,9.0,61807.0,30903.5,"Repeat"
"CUST7614",3,14.0,224114.0,74704.67,"Repeat"
"CUST7615",6,13.0,380967.0,63494.5,"Repeat"
"CUST7616",3,9.0,37347.0,12449.0,"Repeat"
"CUST7617",2,6.0,49500.0,24750.0,"Repeat"
"CUST7620",1,3.0,37616.0,37616.0,"One-time"
"CUST7621",1,5.0,231359.0,231359.0,"One-time"
"CUST7622",2,2.0,32151.0,16075.5,"Repeat"
"CUST7623",1,1.0,48525.0,48525.0,"One-time"
"CUST7624",1,5.0,127318.0,127318.0,"One-time"
"CUST7625",2,8.0,15031.0,7515.5,"Repeat"
"CUST7626",2,4.0,68649.0,34324.5,"Repeat"
"CUST7627",3,8.0,209337.0,69779.0,"Repeat"
"CUST7628",5,18.0,406084.0,81216.8,"Repeat"
"CUST7629",1,1.0,4709.0,4709.0,"One-time"
"CUST7630",2,8.0,141277.0,70638.5,"Repeat"
"CUST7631",1,2.0,62334.0,62334.0,"One-time"
"CUST7632",4,9.0,169507.0,42376.75,"Repeat"
"CUST7633",1,4.0,43170.0,43170.0,"One-time"
"CUST7634",1,2.0,99076.0,99076.0,"One-time"
"CUST7635",4,9.0,346491.0,86622.75,"Repeat"
"CUST7636",2,8.0,234674.0,117337.0,"Repeat"
"CUST7638",1,4.0,196332.0,196332.0,"One-time"
"CUST7639",1,5.0,181678.0,181678.0,"One-time"
"CUST7640",2,5.0,23726.0,11863.0,"Repeat"
"CUST7641",2,7.0,49367.0,24683.5,"Repeat"
"CUST7642",2,5.0,215215.0,107607.5,"Repeat"
"CUST7644",1,5.0,183380.0,183380.0,"One-time"
"CUST7645",3,6.0,131846.0,43948.67,"Repeat"
"CUST7646",3,8.0,161733.0,53911.0,"Repeat"
"CUST7647",2,4.0,187906.0,93953.0,"Repeat"
"CUST7648",1,2.0,92651.0,92651.0,"One-time"
"CUST7649",1,4.0,200.0,200.0,"One-time"
"CUST7650",2,6.0,211049.0,105524.5,"Repeat"
"CUST7651",2,2.0,3482.0,1741.0,"Repeat"
"CUST7653",1,3.0,6190.0,6190.0,"One-time"
"CUST7654",2,3.0,134805.0,67402.5,"Repeat"
"CUST7655",4,14.0,265023.0,66255.75,"Repeat"
"CUST7657",2,7.0,132263.0,66131.5,"Repeat"
"CUST7659",3,12.0,472826.0,157608.67,"Repeat"
"CUST7660",1,4.0,46081.0,46081.0,"One-time"
"CUST7663",4,12.0,252208.0,63052.0,"Repeat"
"CUST7664",4,9.0,171616.0,42904.0,"Repeat"
"CUST7665",1,4.0,144804.0,144804.0,"One-time"
"CUST7667",1,3.0,97247.0,97247.0,"One-time"
"CUST7668",2,2.0,41426.0,20713.0,"Repeat"
"CUST7670",6,24.0,413834.0,68972.33,"Repeat"
"CUST7671",5,15.0,422486.0,84497.2,"Repeat"
"CUST7672",1,5.0,204797.0,204797.0,"One-time"
"CUST7673",3,6.0,149593.0,49864.33,"Repeat"
"CUST7674",1,3.0,62212.0,62212.0,"One-time"
"CUST7675",2,5.0,116094.0,58047.0,"Repeat"
"CUST7676",3,14.0,397586.0,132528.67,"Repeat"
"CUST7677",3,7.0,219150.0,73050.0,"Repeat"
"CUST7678",2,3.0,275.0,137.5,"Repeat"
"CUST7679",1,5.0,149581.0,149581.0,"One-time"
"CUST7680",5,18.0,507851.0,101570.2,"Repeat"
"CUST7681",1,5.0,173663.0,173663.0,"One-time"
"CUST7682",2,9.0,141709.0,70854.5,"Repeat"
"CUST7684",6,23.0,571025.0,95170.83,"Repeat"
"CUST7685",4,8.0,235788.0,58947.0,"Repeat"
"CUST7686",1,3.0,27842.0,27842.0,"One-time"
"CUST7687",4,8.0,278135.0,69533.75,"Repeat"
"CUST7688",2,9.0,224931.0,112465.5,"Repeat"
"CUST7690",3,7.0,36974.0,12324.67,"Repeat"
"CUST7691",2,8.0,103108.0,51554.0,"Repeat"
"CUST7692",2,9.0,160814.0,80407.0,"Repeat"
"CUST7693",6,17.0,353056.0,58842.67,"Repeat"
"CUST7694",1,4.0,127838.0,127838.0,"One-time"
"CUST7695",1,5.0,246994.0,246994.0,"One-time"
"CUST7696",2,6.0,30953.0,15476.5,"Repeat"
"CUST7697",6,20.0,407991.0,67998.5,"Repeat"
"CUST7698",3,10.0,22122.0,7374.0,"Repeat"
"CUST7700",2,7.0,43595.0,21797.5,"Repeat"
"CUST7701",1,4.0,8687.0,8687.0,"One-time"
"CUST7702",1,1.0,20441.0,20441.0,"One-time"
"CUST7703",1,3.0,141707.0,141707.0,"One-time"
"CUST7704",2,5.0,23876.0,11938.0,"Repeat"
"CUST7707",2,3.0,133928.0,66964.0,"Repeat"
"CUST7708",3,11.0,234067.0,78022.33,"Repeat"
"CUST7709",2,7.0,117674.0,58837.0,"Repeat"
"CUST7710",3,11.0,384557.0,128185.67,"Repeat"
"CUST7711",3,11.0,347394.0,115798.0,"Repeat"
"CUST7714",4,9.0,146411.0,36602.75,"Repeat"
"CUST7716",5,14.0,446346.0,89269.2,"Repeat"
"CUST7718",2,5.0,56154.0,28077.0,"Repeat"
"CUST7719",2,7.0,303587.0,151793.5,"Repeat"
"CUST7720",1,1.0,35097.0,35097.0,"One-time"
"CUST7721",4,13.0,186753.0,46688.25,"Repeat"
"CUST7723",2,6.0,183928.0,91964.0,"Repeat"
"CUST7724",1,4.0,176376.0,176376.0,"One-time"
"CUST7725",1,4.0,14898.0,14898.0,"One-time"
"CUST7726",1,1.0,20686.0,20686.0,"One-time"
"CUST7727",1,3.0,46886.0,46886.0,"One-time"
"CUST7728",1,2.0,37384.0,37384.0,"One-time"
"CUST7729",3,10.0,228230.0,76076.67,"Repeat"
"CUST7730",3,7.0,26313.0,8771.0,"Repeat"
"CUST7732",2,6.0,96371.0,48185.5,"Repeat"
"CUST7733",1,1.0,45764.0,45764.0,"One-time"
"CUST7735",3,7.0,227498.0,75832.67,"Repeat"
"CUST7736",3,14.0,304805.0,101601.67,"Repeat"
"CUST7737",1,3.0,17110.0,17110.0,"One-time"
"CUST7738",1,1.0,4664.0,4664.0,"One-time"
"CUST7739",2,3.0,82619.0,41309.5,"Repeat"
"CUST7740",1,2.0,69985.0,69985.0,"One-time"
"CUST7743",1,3.0,80289.0,80289.0,"One-time"
"CUST7744",1,5.0,166136.0,166136.0,"One-time"
"CUST7745",3,10.0,433631.0,144543.67,"Repeat"
"CUST7746",1,1.0,33658.0,33658.0,"One-time"
"CUST7747",1,1.0,46326.0,46326.0,"One-time"
"CUST7748",3,6.0,198591.0,66197.0,"Repeat"
"CUST7749",3,12.0,444973.0,148324.33,"Repeat"
"CUST7750",2,6.0,277316.0,138658.0,"Repeat"
"CUST7752",1,2.0,13699.0,13699.0,"One-time"
"CUST7753",1,3.0,175.0,175.0,"One-time"
"CUST7754",4,12.0,237980.0,59495.0,"Repeat"
"CUST7756",2,5.0,171005.0,85502.5,"Repeat"
"CUST7759",1,1.0,3740.0,3740.0,"One-time"
"CUST7760",2,3.0,48887.0,24443.5,"Repeat"
"CUST7761",1,5.0,250.0,250.0,"One-time"
"CUST7762",1,1.0,31054.0,31054.0,"One-time"
"CUST7763",1,3.0,175.0,175.0,"One-time"
"CUST7765",2,5.0,130197.0,65098.5,"Repeat"
"CUST7766",1,4.0,114571.0,114571.0,"One-time"
"CUST7767",1,2.0,97522.0,97522.0,"One-time"
"CUST7768",1,2.0,81297.0,81297.0,"One-time"
"CUST7769",2,7.0,97676.0,48838.0,"Repeat"
"CUST7770",1,5.0,155047.0,155047.0,"One-time"
"CUST7771",7,26.0,578143.0,82591.86,"Repeat"
"CUST7773",3,10.0,278100.0,92700.0,"Repeat"
"CUST7774",1,1.0,125.0,125.0,"One-time"
"CUST7775",3,6.0,193255.0,64418.33,"Repeat"
"CUST7776",1,5.0,96957.0,96957.0,"One-time"
"CUST7777",3,7.0,193399.0,64466.33,"Repeat"
"CUST7778",1,1.0,20391.0,20391.0,"One-time"
"CUST7779",1,2.0,53664.0,53664.0,"One-time"
"CUST7780",1,4.0,197533.0,197533.0,"One-time"
"CUST7781",1,3.0,60870.0,60870.0,"One-time"
"CUST7782",3,10.0,210143.0,70047.67,"Repeat"
"CUST7783",5,18.0,419715.0,83943.0,"Repeat"
"CUST7784",1,1.0,49846.0,49846.0,"One-time"
"CUST7785",2,9.0,95342.0,47671.0,"Repeat"
"CUST7787",1,1.0,23402.0,23402.0,"One-time"
"CUST7789",1,4.0,121973.0,121973.0,"One-time"
"CUST7790",2,9.0,93662.0,46831.0,"Repeat"
"CUST7791",3,9.0,231662.0,77220.67,"Repeat"
"CUST7795",2,9.0,264112.0,132056.0,"Repeat"
"CUST7796",1,5.0,114593.0,114593.0,"One-time"
"CUST7798",2,3.0,65445.0,32722.5,"Repeat"
"CUST7800",4,12.0,48342.0,12085.5,"Repeat"
"CUST7801",3,9.0,142457.0,47485.67,"Repeat"
"CUST7803",3,8.0,223646.0,74548.67,"Repeat"
"CUST7804",5,19.0,449306.0,89861.2,"Repeat"
"CUST7805",2,6.0,127222.0,63611.0,"Repeat"
"CUST7806",1,2.0,85265.0,85265.0,"One-time"
"CUST7807",2,5.0,41590.0,20795.0,"Repeat"
"CUST7808",1,5.0,205989.0,205989.0,"One-time"
"CUST7809",2,5.0,165635.0,82817.5,"Repeat"
"CUST7810",2,8.0,276376.0,138188.0,"Repeat"
"CUST7811",1,1.0,125.0,125.0,"One-time"
"CUST7812",4,15.0,272038.0,68009.5,"Repeat"
"CUST7813",2,9.0,155426.0,77713.0,"Repeat"
"CUST7814",2,10.0,196198.0,98099.0,"Repeat"
"CUST7815",3,9.0,151005.0,50335.0,"Repeat"
"CUST7816",4,14.0,455360.0,113840.0,"Repeat"
"CUST7817",1,4.0,154544.0,154544.0,"One-time"
"CUST7818",1,4.0,108286.0,108286.0,"One-time"
"CUST7819",3,7.0,58258.0,19419.33,"Repeat"
"CUST7821",1,4.0,157332.0,157332.0,"One-time"
"CUST7822",2,4.0,26571.0,13285.5,"Repeat"
"CUST7824",1,5.0,250.0,250.0,"One-time"
"CUST7825",2,6.0,230830.0,115415.0,"Repeat"
"CUST7826",2,5.0,162650.0,81325.0,"Repeat"
"CUST7827",1,5.0,39544.0,39544.0,"One-time"
"CUST7828",1,1.0,45726.0,45726.0,"One-time"
"CUST7829",3,5.0,74866.0,24955.33,"Repeat"
"CUST7831",2,6.0,75621.0,37810.5,"Repeat"
"CUST7832",1,2.0,68345.0,68345.0,"One-time"
"CUST7833",2,7.0,67692.0,33846.0,"Repeat"
"CUST7834",3,8.0,143308.0,47769.33,"Repeat"
"CUST7835",2,5.0,23594.0,11797.0,"Repeat"
"CUST7837",2,8.0,172490.0,86245.0,"Repeat"
"CUST7839",2,7.0,188366.0,94183.0,"Repeat"
"CUST7840",2,8.0,117052.0,58526.0,"Repeat"
"CUST7841",4,6.0,87393.0,21848.25,"Repeat"
"CUST7842",1,3.0,122530.0,122530.0,"One-time"
"CUST7843",2,3.0,77999.0,38999.5,"Repeat"
"CUST7844",3,8.0,352740.0,117580.0,"Repeat"
"CUST7846",2,4.0,156909.0,78454.5,"Repeat"
"CUST7847",2,9.0,360173.0,180086.5,"Repeat"
"CUST7848",1,3.0,175.0,175.0,"One-time"
"CUST7849",2,6.0,117147.0,58573.5,"Repeat"
"CUST7850",3,6.0,168153.0,56051.0,"Repeat"
"CUST7851",1,5.0,250.0,250.0,"One-time"
"CUST7852",4,9.0,170571.0,42642.75,"Repeat"
"CUST7853",2,2.0,86371.0,43185.5,"Repeat"
"CUST7854",2,8.0,103295.0,51647.5,"Repeat"
"CUST7855",2,8.0,77955.0,38977.5,"Repeat"
"CUST7856",1,5.0,69732.0,69732.0,"One-time"
"CUST7858",2,4.0,188033.0,94016.5,"Repeat"
"CUST7859",1,1.0,40287.0,40287.0,"One-time"
"CUST7860",1,5.0,13818.0,13818.0,"One-time"
"CUST7861",2,10.0,201469.0,100734.5,"Repeat"
"CUST7863",2,7.0,318618.0,159309.0,"Repeat"
"CUST7864",3,11.0,32260.0,10753.33,"Repeat"
"CUST7867",1,3.0,17552.0,17552.0,"One-time"
"CUST7868",4,9.0,297149.0,74287.25,"Repeat"
"CUST7870",3,10.0,49439.0,16479.67,"Repeat"
"CUST7871",1,2.0,73134.0,73134.0,"One-time"
"CUST7872",2,7.0,66885.0,33442.5,"Repeat"
"CUST7873",2,5.0,112766.0,56383.0,"Repeat"
"CUST7874",1,2.0,48957.0,48957.0,"One-time"
"CUST7875",1,4.0,56299.0,56299.0,"One-time"
"CUST7876",1,5.0,30860.0,30860.0,"One-time"
"CUST7877",2,3.0,65471.0,32735.5,"Repeat"
"CUST7879",3,6.0,223690.0,74563.33,"Repeat"
"CUST7880",1,3.0,11453.0,11453.0,"One-time"
"CUST7881",2,8.0,280598.0,140299.0,"Repeat"
"CUST7882",3,9.0,155423.0,51807.67,"Repeat"
"CUST7883",1,5.0,250.0,250.0,"One-time"
"CUST7884",1,2.0,22890.0,22890.0,"One-time"
"CUST7885",2,7.0,123110.0,61555.0,"Repeat"
"CUST7886",2,6.0,49194.0,24597.0,"Repeat"
"CUST7890",1,5.0,160673.0,160673.0,"One-time"
"CUST7892",1,1.0,44869.0,44869.0,"One-time"
"CUST7893",1,1.0,12282.0,12282.0,"One-time"
"CUST7894",2,7.0,34173.0,17086.5,"Repeat"
"CUST7896",4,13.0,326047.0,81511.75,"Repeat"
"CUST7898",2,6.0,98659.0,49329.5,"Repeat"
"CUST7899",2,4.0,46689.0,23344.5,"Repeat"
"CUST7900",1,4.0,156992.0,156992.0,"One-time"
"CUST7903",7,24.0,790646.0,112949.43,"Repeat"
"CUST7904",1,5.0,186477.0,186477.0,"One-time"
"CUST7905",2,6.0,54874.0,27437.0,"Repeat"
"CUST7906",1,4.0,81450.0,81450.0,"One-time"
"CUST7907",1,1.0,34680.0,34680.0,"One-time"
"CUST7908",4,12.0,252398.0,63099.5,"Repeat"
"CUST7910",2,3.0,59671.0,29835.5,"Repeat"
"CUST7912",2,5.0,325.0,162.5,"Repeat"
"CUST7913",4,14.0,327199.0,81799.75,"Repeat"
"CUST7915",5,16.0,477537.0,95507.4,"Repeat"
"CUST7917",3,8.0,179261.0,59753.67,"Repeat"
"CUST7919",1,2.0,51684.0,51684.0,"One-time"
"CUST7920",2,6.0,86063.0,43031.5,"Repeat"
"CUST7921",2,6.0,195305.0,97652.5,"Repeat"
"CUST7922",1,5.0,34490.0,34490.0,"One-time"
"CUST7923",1,3.0,3181.0,3181.0,"One-time"
"CUST7924",4,14.0,487027.0,121756.75,"Repeat"
"CUST7925",2,2.0,32308.0,16154.0,"Repeat"
"CUST7926",2,8.0,183093.0,91546.5,"Repeat"
"CUST7927",1,3.0,80986.0,80986.0,"One-time"
"CUST7929",3,10.0,187199.0,62399.67,"Repeat"
"CUST7930",2,9.0,53878.0,26939.0,"Repeat"
"CUST7931",2,7.0,193049.0,96524.5,"Repeat"
"CUST7932",2,6.0,142065.0,71032.5,"Repeat"
"CUST7933",1,3.0,112028.0,112028.0,"One-time"
"CUST7934",2,3.0,112134.0,56067.0,"Repeat"
"CUST7936",1,5.0,250.0,250.0,"One-time"
"CUST7937",1,3.0,74246.0,74246.0,"One-time"
"CUST7938",2,4.0,149778.0,74889.0,"Repeat"
"CUST7939",3,7.0,199468.0,66489.33,"Repeat"
"CUST7940",1,2.0,46190.0,46190.0,"One-time"
"CUST7941",1,2.0,57703.0,57703.0,"One-time"
"CUST7944",1,5.0,219659.0,219659.0,"One-time"
"CUST7946",3,11.0,390718.0,130239.33,"Repeat"
"CUST7948",1,1.0,9206.0,9206.0,"One-time"
"CUST7949",1,2.0,42793.0,42793.0,"One-time"
"CUST7951",2,6.0,211852.0,105926.0,"Repeat"
"CUST7954",1,5.0,42772.0,42772.0,"One-time"
"CUST7955",2,7.0,65523.0,32761.5,"Repeat"
"CUST7956",1,1.0,27759.0,27759.0,"One-time"
"CUST7957",2,9.0,310258.0,155129.0,"Repeat"
"CUST7958",1,2.0,37995.0,37995.0,"One-time"
"CUST7959",1,2.0,20136.0,20136.0,"One-time"
"CUST7960",2,5.0,90227.0,45113.5,"Repeat"
"CUST7961",2,7.0,211456.0,105728.0,"Repeat"
"CUST7962",2,8.0,122510.0,61255.0,"Repeat"
"CUST7963",2,4.0,5915.0,2957.5,"Repeat"
"CUST7964",1,2.0,2749.0,2749.0,"One-time"
"CUST7967",2,9.0,314117.0,157058.5,"Repeat"
"CUST7968",3,9.0,251021.0,83673.67,"Repeat"
"CUST7970",3,8.0,70143.0,23381.0,"Repeat"
"CUST7971",1,3.0,34798.0,34798.0,"One-time"
"CUST7972",2,4.0,180191.0,90095.5,"Repeat"
"CUST7974",2,8.0,300629.0,150314.5,"Repeat"
"CUST7975",3,7.0,66537.0,22179.0,"Repeat"
"CUST7976",3,13.0,163479.0,54493.0,"Repeat"
"CUST7977",1,4.0,25957.0,25957.0,"One-time"
"CUST7979",1,3.0,118600.0,118600.0,"One-time"
"CUST7980",3,8.0,196889.0,65629.67,"Repeat"
"CUST7981",2,6.0,257359.0,128679.5,"Repeat"
"CUST7982",2,5.0,43925.0,21962.5,"Repeat"
"CUST7983",1,1.0,29622.0,29622.0,"One-time"
"CUST7985",4,14.0,172801.0,43200.25,"Repeat"
"CUST7986",1,5.0,47774.0,47774.0,"One-time"
"CUST7987",2,6.0,212841.0,106420.5,"Repeat"
"CUST7988",2,5.0,109818.0,54909.0,"Repeat"
"CUST7989",3,8.0,226552.0,75517.33,"Repeat"
"CUST7990",3,14.0,490029.0,163343.0,"Repeat"
"CUST7991",2,6.0,21190.0,10595.0,"Repeat"
"CUST7992",2,6.0,144022.0,72011.0,"Repeat"
"CUST7993",3,7.0,146349.0,48783.0,"Repeat"
"CUST7995",1,3.0,66846.0,66846.0,"One-time"
"CUST7997",4,12.0,229259.0,57314.75,"Repeat"
"CUST7999",2,5.0,238201.0,119100.5,"Repeat"
"CUST8001",2,4.0,87428.0,43714.0,"Repeat"
"CUST8002",1,4.0,177299.0,177299.0,"One-time"
"CUST8006",2,7.0,41894.0,20947.0,"Repeat"
"CUST8007",3,12.0,232913.0,77637.67,"Repeat"
"CUST8008",1,2.0,68199.0,68199.0,"One-time"
"CUST8009",6,17.0,237024.0,39504.0,"Repeat"
"CUST8010",2,6.0,120464.0,60232.0,"Repeat"
"CUST8011",2,7.0,249517.0,124758.5,"Repeat"
"CUST8012",5,12.0,374140.0,74828.0,"Repeat"
"CUST8013",1,2.0,38936.0,38936.0,"One-time"
"CUST8015",1,3.0,60634.0,60634.0,"One-time"
"CUST8016",2,8.0,330809.0,165404.5,"Repeat"
"CUST8017",3,8.0,212320.0,70773.33,"Repeat"
"CUST8018",2,6.0,75523.0,37761.5,"Repeat"
"CUST8020",3,13.0,221752.0,73917.33,"Repeat"
"CUST8021",3,9.0,106803.0,35601.0,"Repeat"
"CUST8023",1,2.0,90726.0,90726.0,"One-time"
"CUST8024",2,2.0,47362.0,23681.0,"Repeat"
"CUST8025",1,3.0,130342.0,130342.0,"One-time"
"CUST8026",2,3.0,23696.0,11848.0,"Repeat"
"CUST8027",5,18.0,499717.0,99943.4,"Repeat"
"CUST8028",2,6.0,77096.0,38548.0,"Repeat"
"CUST8029",3,12.0,338920.0,112973.33,"Repeat"
"CUST8030",1,3.0,116303.0,116303.0,"One-time"
"CUST8031",3,4.0,73302.0,24434.0,"Repeat"
"CUST8033",4,7.0,98278.0,24569.5,"Repeat"
"CUST8034",5,17.0,195394.0,39078.8,"Repeat"
"CUST8035",1,2.0,26665.0,26665.0,"One-time"
"CUST8036",1,5.0,164370.0,164370.0,"One-time"
"CUST8039",3,4.0,25761.0,8587.0,"Repeat"
"CUST8040",1,4.0,164168.0,164168.0,"One-time"
"CUST8041",1,1.0,13032.0,13032.0,"One-time"
"CUST8042",4,13.0,203673.0,50918.25,"Repeat"
"CUST8043",2,7.0,133064.0,66532.0,"Repeat"
"CUST8044",4,14.0,281528.0,70382.0,"Repeat"
"CUST8045",1,4.0,200.0,200.0,"One-time"
"CUST8046",5,17.0,750352.0,150070.4,"Repeat"
"CUST8047",2,4.0,125518.0,62759.0,"Repeat"
"CUST8049",2,9.0,161132.0,80566.0,"Repeat"
"CUST8051",3,4.0,77287.0,25762.33,"Repeat"
"CUST8052",2,10.0,216489.0,108244.5,"Repeat"
"CUST8054",3,11.0,221571.0,73857.0,"Repeat"
"CUST8055",1,1.0,20209.0,20209.0,"One-time"
"CUST8057",2,5.0,62496.0,31248.0,"Repeat"
"CUST8058",3,12.0,285241.0,95080.33,"Repeat"
"CUST8059",1,3.0,175.0,175.0,"One-time"
"CUST8060",3,10.0,243222.0,81074.0,"Repeat"
"CUST8061",1,3.0,175.0,175.0,"One-time"
"CUST8062",1,5.0,168800.0,168800.0,"One-time"
"CUST8064",1,1.0,125.0,125.0,"One-time"
"CUST8065",1,5.0,1021.0,1021.0,"One-time"
"CUST8066",2,10.0,157446.0,78723.0,"Repeat"
"CUST8068",1,4.0,121827.0,121827.0,"One-time"
"CUST8069",3,7.0,67795.0,22598.33,"Repeat"
"CUST8070",2,5.0,227037.0,113518.5,"Repeat"
"CUST8071",1,5.0,53373.0,53373.0,"One-time"
"CUST8073",3,6.0,119860.0,39953.33,"Repeat"
"CUST8074",1,1.0,43019.0,43019.0,"One-time"
"CUST8075",1,5.0,250.0,250.0,"One-time"
"CUST8076",3,9.0,202724.0,67574.67,"Repeat"
"CUST8077",1,5.0,133829.0,133829.0,"One-time"
"CUST8078",2,8.0,281271.0,140635.5,"Repeat"
"CUST8079",3,7.0,82097.0,27365.67,"Repeat"
"CUST8080",1,5.0,233276.0,233276.0,"One-time"
"CUST8081",1,1.0,3170.0,3170.0,"One-time"
"CUST8082",4,12.0,172899.0,43224.75,"Repeat"
"CUST8083",1,4.0,171975.0,171975.0,"One-time"
"CUST8085",1,1.0,23542.0,23542.0,"One-time"
"CUST8086",4,16.0,560007.0,140001.75,"Repeat"
"CUST8091",1,2.0,19319.0,19319.0,"One-time"
"CUST8092",4,14.0,503606.0,125901.5,"Repeat"
"CUST8093",1,2.0,21228.0,21228.0,"One-time"
"CUST8094",1,4.0,200.0,200.0,"One-time"
"CUST8095",1,2.0,150.0,150.0,"One-time"
"CUST8096",4,11.0,115864.0,28966.0,"Repeat"
"CUST8097",1,1.0,125.0,125.0,"One-time"
"CUST8098",3,10.0,73221.0,24407.0,"Repeat"
"CUST8100",3,8.0,71108.0,23702.67,"Repeat"
"CUST8101",2,5.0,80207.0,40103.5,"Repeat"
"CUST8102",2,7.0,157540.0,78770.0,"Repeat"
"CUST8103",2,5.0,50843.0,25421.5,"Repeat"
"CUST8104",1,5.0,171711.0,171711.0,"One-time"
"CUST8106",1,3.0,140612.0,140612.0,"One-time"
"CUST8107",1,2.0,66406.0,66406.0,"One-time"
"CUST8108",1,2.0,96194.0,96194.0,"One-time"
"CUST8110",2,10.0,85736.0,42868.0,"Repeat"
"CUST8111",1,2.0,150.0,150.0,"One-time"
"CUST8112",3,6.0,124233.0,41411.0,"Repeat"
"CUST8113",2,8.0,112670.0,56335.0,"Repeat"
"CUST8114",2,5.0,146408.0,73204.0,"Repeat"
"CUST8115",2,7.0,284047.0,142023.5,"Repeat"
"CUST8116",3,13.0,232779.0,77593.0,"Repeat"
"CUST8117",3,10.0,249154.0,83051.33,"Repeat"
"CUST8118",2,5.0,135670.0,67835.0,"Repeat"
"CUST8119",1,3.0,135108.0,135108.0,"One-time"
"CUST8120",3,5.0,107217.0,35739.0,"Repeat"
"CUST8121",1,3.0,121764.0,121764.0,"One-time"
"CUST8122",5,17.0,316451.0,63290.2,"Repeat"
"CUST8123",2,5.0,73073.0,36536.5,"Repeat"
"CUST8124",5,18.0,571436.0,114287.2,"Repeat"
"CUST8125",3,9.0,98115.0,32705.0,"Repeat"
"CUST8126",2,5.0,192466.0,96233.0,"Repeat"
"CUST8127",1,4.0,26790.0,26790.0,"One-time"
"CUST8129",3,6.0,69194.0,23064.67,"Repeat"
"CUST8130",2,6.0,81562.0,40781.0,"Repeat"
"CUST8131",2,4.0,43899.0,21949.5,"Repeat"
"CUST8132",1,1.0,24185.0,24185.0,"One-time"
"CUST8133",2,4.0,95287.0,47643.5,"Repeat"
"CUST8134",1,2.0,82294.0,82294.0,"One-time"
"CUST8135",1,2.0,63374.0,63374.0,"One-time"
"CUST8136",2,3.0,29793.0,14896.5,"Repeat"
"CUST8137",4,12.0,365254.0,91313.5,"Repeat"
"CUST8138",1,4.0,154772.0,154772.0,"One-time"
"CUST8139",1,5.0,223536.0,223536.0,"One-time"
"CUST8140",4,8.0,229528.0,57382.0,"Repeat"
"CUST8141",1,5.0,163226.0,163226.0,"One-time"
"CUST8142",1,4.0,37548.0,37548.0,"One-time"
"CUST8143",1,1.0,11020.0,11020.0,"One-time"
"CUST8144",2,8.0,186821.0,93410.5,"Repeat"
"CUST8146",5,14.0,166842.0,33368.4,"Repeat"
"CUST8147",1,4.0,28825.0,28825.0,"One-time"
"CUST8148",2,6.0,66923.0,33461.5,"Repeat"
"CUST8149",1,3.0,100053.0,100053.0,"One-time"
"CUST8151",1,5.0,38329.0,38329.0,"One-time"
"CUST8153",2,6.0,102088.0,51044.0,"Repeat"
"CUST8154",2,4.0,63954.0,31977.0,"Repeat"
"CUST8155",4,7.0,97165.0,24291.25,"Repeat"
"CUST8156",1,1.0,8878.0,8878.0,"One-time"
"CUST8158",4,15.0,360022.0,90005.5,"Repeat"
"CUST8159",3,11.0,255233.0,85077.67,"Repeat"
"CUST8160",1,1.0,32911.0,32911.0,"One-time"
"CUST8162",1,5.0,211746.0,211746.0,"One-time"
"CUST8163",2,8.0,116658.0,58329.0,"Repeat"
"CUST8164",1,2.0,10451.0,10451.0,"One-time"
"CUST8165",1,2.0,28285.0,28285.0,"One-time"
"CUST8167",7,23.0,515806.0,73686.57,"Repeat"
"CUST8168",1,5.0,189323.0,189323.0,"One-time"
"CUST8169",3,12.0,455879.0,151959.67,"Repeat"
"CUST8170",1,2.0,3661.0,3661.0,"One-time"
"CUST8171",2,6.0,83368.0,41684.0,"Repeat"
"CUST8172",1,4.0,14696.0,14696.0,"One-time"
"CUST8173",3,8.0,336772.0,112257.33,"Repeat"
"CUST8174",3,11.0,131507.0,43835.67,"Repeat"
"CUST8175",3,8.0,177887.0,59295.67,"Repeat"
"CUST8177",1,4.0,5330.0,5330.0,"One-time"
"CUST8178",2,6.0,209315.0,104657.5,"Repeat"
"CUST8179",1,1.0,5915.0,5915.0,"One-time"
"CUST8180",1,1.0,27986.0,27986.0,"One-time"
"CUST8181",1,1.0,33021.0,33021.0,"One-time"
"CUST8182",2,6.0,232536.0,116268.0,"Repeat"
"CUST8183",1,2.0,47867.0,47867.0,"One-time"
"CUST8184",2,5.0,153293.0,76646.5,"Repeat"
"CUST8185",6,22.0,463952.0,77325.33,"Repeat"
"CUST8186",1,5.0,216254.0,216254.0,"One-time"
"CUST8187",3,4.0,58986.0,19662.0,"Repeat"
"CUST8188",3,7.0,183073.0,61024.33,"Repeat"
"CUST8189",2,7.0,122472.0,61236.0,"Repeat"
"CUST8190",1,3.0,82494.0,82494.0,"One-time"
"CUST8191",3,11.0,301060.0,100353.33,"Repeat"
"CUST8192",1,1.0,48446.0,48446.0,"One-time"
"CUST8193",3,4.0,81467.0,27155.67,"Repeat"
"CUST8194",1,3.0,122983.0,122983.0,"One-time"
"CUST8195",2,5.0,96226.0,48113.0,"Repeat"
"CUST8198",1,5.0,170274.0,170274.0,"One-time"
"CUST8201",2,8.0,158013.0,79006.5,"Repeat"
"CUST8202",2,5.0,5684.0,2842.0,"Repeat"
"CUST8203",3,7.0,110291.0,36763.67,"Repeat"
"CUST8204",1,3.0,29986.0,29986.0,"One-time"
"CUST8206",3,9.0,157693.0,52564.33,"Repeat"
"CUST8207",1,3.0,107045.0,107045.0,"One-time"
"CUST8208",3,9.0,254792.0,84930.67,"Repeat"
"CUST8210",1,1.0,9791.0,9791.0,"One-time"
"CUST8211",2,6.0,23420.0,11710.0,"Repeat"
"CUST8212",1,2.0,47730.0,47730.0,"One-time"
"CUST8213",1,2.0,1616.0,1616.0,"One-time"
"CUST8214",1,4.0,117181.0,117181.0,"One-time"
"CUST8215",2,3.0,54649.0,27324.5,"Repeat"
"CUST8218",1,5.0,250.0,250.0,"One-time"
"CUST8219",2,5.0,179525.0,89762.5,"Repeat"
"CUST8220",2,6.0,237391.0,118695.5,"Repeat"
"CUST8221",1,5.0,47649.0,47649.0,"One-time"
"CUST8222",1,1.0,125.0,125.0,"One-time"
"CUST8223",2,5.0,42354.0,21177.0,"Repeat"
"CUST8224",3,8.0,129328.0,43109.33,"Repeat"
"CUST8225",1,5.0,118610.0,118610.0,"One-time"
"CUST8226",2,4.0,145291.0,72645.5,"Repeat"
"CUST8227",2,9.0,76107.0,38053.5,"Repeat"
"CUST8228",2,9.0,450.0,225.0,"Repeat"
"CUST8230",1,2.0,48973.0,48973.0,"One-time"
"CUST8231",2,7.0,62241.0,31120.5,"Repeat"
"CUST8232",2,6.0,140011.0,70005.5,"Repeat"
"CUST8233",3,6.0,127736.0,42578.67,"Repeat"
"CUST8234",1,2.0,5379.0,5379.0,"One-time"
"CUST8235",1,2.0,31639.0,31639.0,"One-time"
"CUST8236",3,7.0,238458.0,79486.0,"Repeat"
"CUST8237",3,11.0,214953.0,71651.0,"Repeat"
"CUST8238",4,15.0,540273.0,135068.25,"Repeat"
"CUST8239",2,9.0,169516.0,84758.0,"Repeat"
"CUST8240",3,5.0,126217.0,42072.33,"Repeat"
"CUST8242",2,7.0,257303.0,128651.5,"Repeat"
"CUST8243",1,4.0,99544.0,99544.0,"One-time"
"CUST8244",1,3.0,22455.0,22455.0,"One-time"
"CUST8245",3,7.0,302484.0,100828.0,"Repeat"
"CUST8246",2,8.0,281736.0,140868.0,"Repeat"
"CUST8247",2,3.0,70827.0,35413.5,"Repeat"
"CUST8248",2,5.0,208832.0,104416.0,"Repeat"
"CUST8249",2,4.0,140730.0,70365.0,"Repeat"
"CUST8250",4,9.0,365367.0,91341.75,"Repeat"
"CUST8252",2,6.0,216955.0,108477.5,"Repeat"
"CUST8253",5,17.0,362749.0,72549.8,"Repeat"
"CUST8255",2,5.0,14110.0,7055.0,"Repeat"
"CUST8256",2,7.0,175831.0,87915.5,"Repeat"
"CUST8257",2,4.0,128846.0,64423.0,"Repeat"
"CUST8258",2,3.0,14183.0,7091.5,"Repeat"
"CUST8259",1,3.0,4789.0,4789.0,"One-time"
"CUST8260",2,3.0,57945.0,28972.5,"Repeat"
"CUST8261",1,5.0,250.0,250.0,"One-time"
"CUST8262",4,16.0,204527.0,51131.75,"Repeat"
"CUST8264",1,4.0,71795.0,71795.0,"One-time"
"CUST8265",1,2.0,99148.0,99148.0,"One-time"
"CUST8266",1,1.0,28685.0,28685.0,"One-time"
"CUST8267",1,4.0,85714.0,85714.0,"One-time"
"CUST8268",3,11.0,25191.0,8397.0,"Repeat"
"CUST8270",2,8.0,249941.0,124970.5,"Repeat"
"CUST8271",2,8.0,186884.0,93442.0,"Repeat"
"CUST8272",6,22.0,536927.0,89487.83,"Repeat"
"CUST8274",1,4.0,60088.0,60088.0,"One-time"
"CUST8275",1,5.0,200738.0,200738.0,"One-time"
"CUST8277",1,2.0,93628.0,93628.0,"One-time"
"CUST8278",2,5.0,159497.0,79748.5,"Repeat"
"CUST8279",3,10.0,10726.0,3575.33,"Repeat"
"CUST8280",1,3.0,175.0,175.0,"One-time"
"CUST8282",1,2.0,32007.0,32007.0,"One-time"
"CUST8283",1,1.0,438.0,438.0,"One-time"
"CUST8285",1,4.0,66437.0,66437.0,"One-time"
"CUST8287",3,7.0,177467.0,59155.67,"Repeat"
"CUST8288",1,2.0,28471.0,28471.0,"One-time"
"CUST8289",4,13.0,321143.0,80285.75,"Repeat"
"CUST8290",2,7.0,183415.0,91707.5,"Repeat"
"CUST8291",2,10.0,437795.0,218897.5,"Repeat"
"CUST8294",2,4.0,118378.0,59189.0,"Repeat"
"CUST8295",3,6.0,126554.0,42184.67,"Repeat"
"CUST8296",2,7.0,115054.0,57527.0,"Repeat"
"CUST8297",4,15.0,401225.0,100306.25,"Repeat"
"CUST8299",3,12.0,328185.0,109395.0,"Repeat"
"CUST8300",1,3.0,46424.0,46424.0,"One-time"
"CUST8301",1,4.0,15116.0,15116.0,"One-time"
"CUST8303",3,7.0,85877.0,28625.67,"Repeat"
"CUST8304",3,6.0,93021.0,31007.0,"Repeat"
"CUST8305",2,7.0,47434.0,23717.0,"Repeat"
"CUST8306",7,24.0,617865.0,88266.43,"Repeat"
"CUST8307",2,5.0,144112.0,72056.0,"Repeat"
"CUST8308",1,4.0,190545.0,190545.0,"One-time"
"CUST8309",3,8.0,176651.0,58883.67,"Repeat"
"CUST8310",1,2.0,34656.0,34656.0,"One-time"
"CUST8311",1,5.0,246818.0,246818.0,"One-time"
"CUST8313",1,5.0,79947.0,79947.0,"One-time"
"CUST8314",1,3.0,59909.0,59909.0,"One-time"
"CUST8315",2,6.0,162176.0,81088.0,"Repeat"
"CUST8317",2,7.0,73674.0,36837.0,"Repeat"
"CUST8318",2,6.0,57817.0,28908.5,"Repeat"
"CUST8319",2,7.0,182574.0,91287.0,"Repeat"
"CUST8321",1,3.0,108457.0,108457.0,"One-time"
"CUST8323",1,5.0,250.0,250.0,"One-time"
"CUST8324",4,12.0,327236.0,81809.0,"Repeat"
"CUST8325",2,7.0,151725.0,75862.5,"Repeat"
"CUST8327",3,12.0,283792.0,94597.33,"Repeat"
"CUST8328",3,12.0,342127.0,114042.33,"Repeat"
"CUST8329",3,6.0,15751.0,5250.33,"Repeat"
"CUST8330",3,14.0,171857.0,57285.67,"Repeat"
"CUST8331",2,8.0,8240.0,4120.0,"Repeat"
"CUST8333",1,3.0,100652.0,100652.0,"One-time"
"CUST8334",1,2.0,62119.0,62119.0,"One-time"
"CUST8335",1,3.0,98646.0,98646.0,"One-time"
"CUST8336",1,1.0,18007.0,18007.0,"One-time"
"CUST8337",4,11.0,193238.0,48309.5,"Repeat"
"CUST8338",4,13.0,396893.0,99223.25,"Repeat"
"CUST8339",1,4.0,128688.0,128688.0,"One-time"
"CUST8340",1,4.0,174139.0,174139.0,"One-time"
"CUST8342",1,3.0,138562.0,138562.0,"One-time"
"CUST8343",2,4.0,165971.0,82985.5,"Repeat"
"CUST8344",2,8.0,23120.0,11560.0,"Repeat"
"CUST8346",1,1.0,38719.0,38719.0,"One-time"
"CUST8347",5,17.0,297066.0,59413.2,"Repeat"
"CUST8348",2,7.0,149233.0,74616.5,"Repeat"
"CUST8349",1,4.0,119919.0,119919.0,"One-time"
"CUST8350",1,5.0,250.0,250.0,"One-time"
"CUST8351",1,4.0,101490.0,101490.0,"One-time"
"CUST8353",4,9.0,236786.0,59196.5,"Repeat"
"CUST8356",3,11.0,322817.0,107605.67,"Repeat"
"CUST8357",1,2.0,71638.0,71638.0,"One-time"
"CUST8358",2,7.0,3747.0,1873.5,"Repeat"
"CUST8359",1,5.0,234480.0,234480.0,"One-time"
"CUST8360",2,4.0,55873.0,27936.5,"Repeat"
"CUST8361",2,8.0,227036.0,113518.0,"Repeat"
"CUST8362",2,5.0,137673.0,68836.5,"Repeat"
"CUST8363",2,6.0,177173.0,88586.5,"Repeat"
"CUST8364",3,13.0,519354.0,173118.0,"Repeat"
"CUST8365",1,4.0,79600.0,79600.0,"One-time"
"CUST8366",3,10.0,239906.0,79968.67,"Repeat"
"CUST8367",1,2.0,39769.0,39769.0,"One-time"
"CUST8369",2,9.0,349587.0,174793.5,"Repeat"
"CUST8370",5,21.0,326154.0,65230.8,"Repeat"
"CUST8371",5,19.0,168895.0,33779.0,"Repeat"
"CUST8372",4,13.0,337469.0,84367.25,"Repeat"
"CUST8373",2,8.0,216286.0,108143.0,"Repeat"
"CUST8374",2,7.0,187287.0,93643.5,"Repeat"
"CUST8375",2,9.0,166956.0,83478.0,"Repeat"
"CUST8376",1,2.0,150.0,150.0,"One-time"
"CUST8377",4,14.0,433749.0,108437.25,"Repeat"
"CUST8378",4,13.0,159264.0,39816.0,"Repeat"
"CUST8379",2,9.0,61128.0,30564.0,"Repeat"
"CUST8380",2,7.0,208686.0,104343.0,"Repeat"
"CUST8381",2,4.0,40111.0,20055.5,"Repeat"
"CUST8382",2,9.0,83664.0,41832.0,"Repeat"
"CUST8383",1,2.0,33895.0,33895.0,"One-time"
"CUST8384",2,6.0,92425.0,46212.5,"Repeat"
"CUST8385",1,3.0,127846.0,127846.0,"One-time"
"CUST8386",5,14.0,204788.0,40957.6,"Repeat"
"CUST8387",3,7.0,137438.0,45812.67,"Repeat"
"CUST8388",2,4.0,194279.0,97139.5,"Repeat"
"CUST8390",4,12.0,300774.0,75193.5,"Repeat"
"CUST8391",2,6.0,44569.0,22284.5,"Repeat"
"CUST8392",1,3.0,21054.0,21054.0,"One-time"
"CUST8393",6,17.0,608828.0,101471.33,"Repeat"
"CUST8395",1,5.0,72741.0,72741.0,"One-time"
"CUST8396",3,7.0,79082.0,26360.67,"Repeat"
"CUST8397",1,3.0,175.0,175.0,"One-time"
"CUST8398",2,6.0,108018.0,54009.0,"Repeat"
"CUST8399",5,16.0,630139.0,126027.8,"Repeat"
"CUST8400",1,2.0,150.0,150.0,"One-time"
"CUST8401",2,3.0,54708.0,27354.0,"Repeat"
"CUST8403",3,6.0,127424.0,42474.67,"Repeat"
"CUST8404",6,18.0,378373.0,63062.17,"Repeat"
"CUST8405",2,6.0,191257.0,95628.5,"Repeat"
"CUST8406",1,4.0,133900.0,133900.0,"One-time"
"CUST8407",2,5.0,131092.0,65546.0,"Repeat"
"CUST8408",2,8.0,339712.0,169856.0,"Repeat"
"CUST8409",1,4.0,149429.0,149429.0,"One-time"
"CUST8410",3,10.0,301456.0,100485.33,"Repeat"
"CUST8411",3,9.0,225871.0,75290.33,"Repeat"
"CUST8413",2,8.0,366403.0,183201.5,"Repeat"
"CUST8414",2,5.0,21441.0,10720.5,"Repeat"
"CUST8416",1,4.0,152762.0,152762.0,"One-time"
"CUST8417",1,2.0,9709.0,9709.0,"One-time"
"CUST8418",3,9.0,117356.0,39118.67,"Repeat"
"CUST8421",1,3.0,16436.0,16436.0,"One-time"
"CUST8422",3,7.0,110350.0,36783.33,"Repeat"
"CUST8424",3,9.0,174835.0,58278.33,"Repeat"
"CUST8426",2,6.0,37474.0,18737.0,"Repeat"
"CUST8427",2,6.0,204092.0,102046.0,"Repeat"
"CUST8428",1,3.0,175.0,175.0,"One-time"
"CUST8429",1,1.0,44965.0,44965.0,"One-time"
"CUST8430",2,7.0,109796.0,54898.0,"Repeat"
"CUST8432",2,6.0,163197.0,81598.5,"Repeat"
"CUST8433",1,2.0,83183.0,83183.0,"One-time"
"CUST8434",1,4.0,27825.0,27825.0,"One-time"
"CUST8435",2,6.0,195096.0,97548.0,"Repeat"
"CUST8436",3,11.0,38296.0,12765.33,"Repeat"
"CUST8437",2,9.0,183728.0,91864.0,"Repeat"
"CUST8438",2,8.0,226528.0,113264.0,"Repeat"
"CUST8439",4,15.0,177045.0,44261.25,"Repeat"
"CUST8441",2,5.0,94664.0,47332.0,"Repeat"
"CUST8442",2,8.0,96353.0,48176.5,"Repeat"
"CUST8443",5,12.0,277625.0,55525.0,"Repeat"
"CUST8444",3,10.0,331358.0,110452.67,"Repeat"
"CUST8446",1,1.0,48563.0,48563.0,"One-time"
"CUST8447",1,5.0,250.0,250.0,"One-time"
"CUST8448",1,5.0,228298.0,228298.0,"One-time"
"CUST8449",1,2.0,23611.0,23611.0,"One-time"
"CUST8450",1,4.0,187848.0,187848.0,"One-time"
"CUST8451",1,2.0,95925.0,95925.0,"One-time"
"CUST8452",1,4.0,53660.0,53660.0,"One-time"
"CUST8453",3,12.0,439752.0,146584.0,"Repeat"
"CUST8455",2,8.0,56739.0,28369.5,"Repeat"
"CUST8456",1,4.0,107040.0,107040.0,"One-time"
"CUST8457",1,5.0,10344.0,10344.0,"One-time"
"CUST8458",2,2.0,57800.0,28900.0,"Repeat"
"CUST8459",1,2.0,50819.0,50819.0,"One-time"
"CUST8460",2,6.0,97173.0,48586.5,"Repeat"
"CUST8461",4,12.0,234781.0,58695.25,"Repeat"
"CUST8464",2,6.0,198181.0,99090.5,"Repeat"
"CUST8465",1,4.0,37946.0,37946.0,"One-time"
"CUST8466",3,8.0,208911.0,69637.0,"Repeat"
"CUST8468",3,8.0,71612.0,23870.67,"Repeat"
"CUST8469",1,4.0,68811.0,68811.0,"One-time"
"CUST8470",3,9.0,154085.0,51361.67,"Repeat"
"CUST8471",4,12.0,224543.0,56135.75,"Repeat"
"CUST8472",3,11.0,236207.0,78735.67,"Repeat"
"CUST8474",2,6.0,214772.0,107386.0,"Repeat"
"CUST8475",1,5.0,103062.0,103062.0,"One-time"
"CUST8476",2,8.0,425.0,212.5,"Repeat"
"CUST8477",1,4.0,143753.0,143753.0,"One-time"
"CUST8478",2,8.0,109324.0,54662.0,"Repeat"
"CUST8479",4,11.0,231858.0,57964.5,"Repeat"
"CUST8480",3,10.0,12579.0,4193.0,"Repeat"
"CUST8481",2,5.0,56197.0,28098.5,"Repeat"
"CUST8482",4,14.0,64590.0,16147.5,"Repeat"
"CUST8483",6,21.0,473516.0,78919.33,"Repeat"
"CUST8484",2,9.0,271980.0,135990.0,"Repeat"
"CUST8486",1,3.0,111136.0,111136.0,"One-time"
"CUST8487",4,14.0,535741.0,133935.25,"Repeat"
"CUST8491",1,4.0,66325.0,66325.0,"One-time"
"CUST8493",4,13.0,279728.0,69932.0,"Repeat"
"CUST8494",1,5.0,227156.0,227156.0,"One-time"
"CUST8495",1,3.0,104057.0,104057.0,"One-time"
"CUST8496",1,4.0,71148.0,71148.0,"One-time"
"CUST8497",1,3.0,104620.0,104620.0,"One-time"
"CUST8498",1,3.0,71538.0,71538.0,"One-time"
"CUST8499",3,9.0,334803.0,111601.0,"Repeat"
"CUST8500",3,9.0,195157.0,65052.33,"Repeat"
"CUST8501",3,7.0,115830.0,38610.0,"Repeat"
"CUST8502",2,6.0,21644.0,10822.0,"Repeat"
"CUST8503",1,5.0,158890.0,158890.0,"One-time"
"CUST8504",1,3.0,175.0,175.0,"One-time"
"CUST8505",3,13.0,171502.0,57167.33,"Repeat"
"CUST8506",2,10.0,4505.0,2252.5,"Repeat"
"CUST8507",1,2.0,56976.0,56976.0,"One-time"
"CUST8508",1,4.0,63782.0,63782.0,"One-time"
"CUST8509",3,7.0,33518.0,11172.67,"Repeat"
"CUST8510",2,4.0,45782.0,22891.0,"Repeat"
"CUST8511",3,8.0,179587.0,59862.33,"Repeat"
"CUST8512",3,8.0,228544.0,76181.33,"Repeat"
"CUST8513",1,2.0,91941.0,91941.0,"One-time"
"CUST8515",1,3.0,119054.0,119054.0,"One-time"
"CUST8516",1,2.0,34419.0,34419.0,"One-time"
"CUST8517",1,4.0,200.0,200.0,"One-time"
"CUST8518",2,5.0,173798.0,86899.0,"Repeat"
"CUST8519",1,3.0,175.0,175.0,"One-time"
"CUST8520",2,4.0,64042.0,32021.0,"Repeat"
"CUST8521",2,9.0,343527.0,171763.5,"Repeat"
"CUST8522",1,4.0,200.0,200.0,"One-time"
"CUST8523",1,3.0,27859.0,27859.0,"One-time"
"CUST8524",2,6.0,164684.0,82342.0,"Repeat"
"CUST8525",1,3.0,40861.0,40861.0,"One-time"
"CUST8526",1,4.0,200.0,200.0,"One-time"
"CUST8527",3,12.0,108335.0,36111.67,"Repeat"
"CUST8528",2,5.0,168136.0,84068.0,"Repeat"
"CUST8530",1,1.0,125.0,125.0,"One-time"
"CUST8532",1,5.0,157397.0,157397.0,"One-time"
"CUST8533",2,4.0,81355.0,40677.5,"Repeat"
"CUST8534",2,7.0,170711.0,85355.5,"Repeat"
"CUST8535",1,2.0,94981.0,94981.0,"One-time"
"CUST8537",1,1.0,26643.0,26643.0,"One-time"
"CUST8538",2,9.0,20547.0,10273.5,"Repeat"
"CUST8539",1,2.0,150.0,150.0,"One-time"
"CUST8540",3,11.0,226684.0,75561.33,"Repeat"
"CUST8541",1,3.0,96796.0,96796.0,"One-time"
"CUST8542",1,3.0,107332.0,107332.0,"One-time"
"CUST8546",1,1.0,32353.0,32353.0,"One-time"
"CUST8547",1,3.0,10260.0,10260.0,"One-time"
"CUST8548",1,5.0,55760.0,55760.0,"One-time"
"CUST8549",2,7.0,109009.0,54504.5,"Repeat"
"CUST8550",1,2.0,6403.0,6403.0,"One-time"
"CUST8553",1,2.0,92614.0,92614.0,"One-time"
"CUST8554",1,4.0,31393.0,31393.0,"One-time"
"CUST8555",2,4.0,52225.0,26112.5,"Repeat"
"CUST8556",3,12.0,173388.0,57796.0,"Repeat"
"CUST8557",1,5.0,172455.0,172455.0,"One-time"
"CUST8558",2,7.0,287072.0,143536.0,"Repeat"
"CUST8559",2,9.0,303389.0,151694.5,"Repeat"
"CUST8560",1,3.0,34417.0,34417.0,"One-time"
"CUST8561",3,6.0,167656.0,55885.33,"Repeat"
"CUST8562",1,1.0,43192.0,43192.0,"One-time"
"CUST8564",1,5.0,124856.0,124856.0,"One-time"
"CUST8565",2,7.0,91450.0,45725.0,"Repeat"
"CUST8566",2,6.0,36006.0,18003.0,"Repeat"
"CUST8568",1,3.0,52347.0,52347.0,"One-time"
"CUST8569",3,6.0,43535.0,14511.67,"Repeat"
"CUST8570",2,10.0,320454.0,160227.0,"Repeat"
"CUST8571",3,11.0,341944.0,113981.33,"Repeat"
"CUST8572",2,9.0,176280.0,88140.0,"Repeat"
"CUST8573",2,8.0,171083.0,85541.5,"Repeat"
"CUST8574",1,4.0,200.0,200.0,"One-time"
"CUST8576",1,4.0,114855.0,114855.0,"One-time"
"CUST8577",1,1.0,125.0,125.0,"One-time"
"CUST8578",3,11.0,147159.0,49053.0,"Repeat"
"CUST8579",1,5.0,160602.0,160602.0,"One-time"
"CUST8580",1,4.0,79519.0,79519.0,"One-time"
"CUST8581",2,3.0,38352.0,19176.0,"Repeat"
"CUST8583",3,8.0,151875.0,50625.0,"Repeat"
"CUST8584",2,7.0,161023.0,80511.5,"Repeat"
"CUST8585",2,8.0,289976.0,144988.0,"Repeat"
"CUST8586",1,4.0,200.0,200.0,"One-time"
"CUST8587",1,4.0,170248.0,170248.0,"One-time"
"CUST8588",2,10.0,341883.0,170941.5,"Repeat"
"CUST8589",1,1.0,40034.0,40034.0,"One-time"
"CUST8590",1,3.0,110136.0,110136.0,"One-time"
"CUST8591",2,6.0,137222.0,68611.0,"Repeat"
"CUST8593",3,14.0,190229.0,63409.67,"Repeat"
"CUST8596",1,4.0,74280.0,74280.0,"One-time"
"CUST8597",2,7.0,129106.0,64553.0,"Repeat"
"CUST8598",1,3.0,56129.0,56129.0,"One-time"
"CUST8600",1,2.0,8040.0,8040.0,"One-time"
"CUST8601",1,5.0,105143.0,105143.0,"One-time"
"CUST8602",2,3.0,3159.0,1579.5,"Repeat"
"CUST8603",4,13.0,398868.0,99717.0,"Repeat"
"CUST8604",2,5.0,180193.0,90096.5,"Repeat"
"CUST8606",2,6.0,103995.0,51997.5,"Repeat"
"CUST8607",3,6.0,134899.0,44966.33,"Repeat"
"CUST8608",1,3.0,135686.0,135686.0,"One-time"
"CUST8610",2,6.0,91556.0,45778.0,"Repeat"
"CUST8611",4,20.0,265090.0,66272.5,"Repeat"
"CUST8612",1,4.0,3537.0,3537.0,"One-time"
"CUST8613",4,13.0,396772.0,99193.0,"Repeat"
"CUST8614",1,5.0,244748.0,244748.0,"One-time"
"CUST8615",1,4.0,70641.0,70641.0,"One-time"
"CUST8616",1,1.0,20569.0,20569.0,"One-time"
"CUST8617",1,2.0,73126.0,73126.0,"One-time"
"CUST8618",1,3.0,58693.0,58693.0,"One-time"
"CUST8619",1,4.0,87550.0,87550.0,"One-time"
"CUST8621",1,4.0,51182.0,51182.0,"One-time"
"CUST8622",1,4.0,64651.0,64651.0,"One-time"
"CUST8623",2,6.0,219722.0,109861.0,"Repeat"
"CUST8624",4,13.0,295222.0,73805.5,"Repeat"
"CUST8626",1,1.0,20429.0,20429.0,"One-time"
"CUST8627",1,1.0,33121.0,33121.0,"One-time"
"CUST8628",2,4.0,32670.0,16335.0,"Repeat"
"CUST8629",2,6.0,101688.0,50844.0,"Repeat"
"CUST8630",3,10.0,367230.0,122410.0,"Repeat"
"CUST8631",3,14.0,283792.0,94597.33,"Repeat"
"CUST8632",1,5.0,236167.0,236167.0,"One-time"
"CUST8633",2,8.0,244515.0,122257.5,"Repeat"
"CUST8634",1,1.0,29288.0,29288.0,"One-time"
"CUST8635",1,3.0,103464.0,103464.0,"One-time"
"CUST8636",1,4.0,113168.0,113168.0,"One-time"
"CUST8637",3,10.0,264121.0,88040.33,"Repeat"
"CUST8638",2,6.0,19065.0,9532.5,"Repeat"
"CUST8639",1,5.0,69134.0,69134.0,"One-time"
"CUST8640",2,8.0,181152.0,90576.0,"Repeat"
"CUST8641",1,1.0,26409.0,26409.0,"One-time"
"CUST8643",2,7.0,167900.0,83950.0,"Repeat"
"CUST8644",4,9.0,176242.0,44060.5,"Repeat"
"CUST8645",1,3.0,32050.0,32050.0,"One-time"
"CUST8647",5,14.0,261789.0,52357.8,"Repeat"
"CUST8648",1,2.0,76407.0,76407.0,"One-time"
"CUST8650",2,8.0,425.0,212.5,"Repeat"
"CUST8651",3,6.0,114470.0,38156.67,"Repeat"
"CUST8652",2,6.0,174845.0,87422.5,"Repeat"
"CUST8653",4,5.0,32437.0,8109.25,"Repeat"
"CUST8654",1,1.0,15369.0,15369.0,"One-time"
"CUST8655",1,4.0,97522.0,97522.0,"One-time"
"CUST8656",1,4.0,94200.0,94200.0,"One-time"
"CUST8657",5,18.0,393390.0,78678.0,"Repeat"
"CUST8658",1,5.0,155390.0,155390.0,"One-time"
"CUST8659",1,5.0,118630.0,118630.0,"One-time"
"CUST8661",1,1.0,11925.0,11925.0,"One-time"
"CUST8662",4,9.0,230896.0,57724.0,"Repeat"
"CUST8663",1,3.0,116183.0,116183.0,"One-time"
"CUST8664",4,12.0,208530.0,52132.5,"Repeat"
"CUST8666",2,5.0,46213.0,23106.5,"Repeat"
"CUST8667",2,8.0,322268.0,161134.0,"Repeat"
"CUST8668",1,1.0,13730.0,13730.0,"One-time"
"CUST8669",5,15.0,617525.0,123505.0,"Repeat"
"CUST8670",4,9.0,61447.0,15361.75,"Repeat"
"CUST8671",1,2.0,36121.0,36121.0,"One-time"
"CUST8672",1,5.0,101417.0,101417.0,"One-time"
"CUST8673",4,13.0,568181.0,142045.25,"Repeat"
"CUST8675",2,4.0,110933.0,55466.5,"Repeat"
"CUST8677",1,3.0,11129.0,11129.0,"One-time"
"CUST8678",1,5.0,151286.0,151286.0,"One-time"
"CUST8679",4,8.0,274560.0,68640.0,"Repeat"
"CUST8680",1,3.0,175.0,175.0,"One-time"
"CUST8681",1,1.0,17248.0,17248.0,"One-time"
"CUST8682",1,2.0,60358.0,60358.0,"One-time"
"CUST8683",1,4.0,40797.0,40797.0,"One-time"
"CUST8684",1,3.0,175.0,175.0,"One-time"
"CUST8685",2,8.0,244231.0,122115.5,"Repeat"
"CUST8686",2,4.0,133334.0,66667.0,"Repeat"
"CUST8688",2,5.0,128290.0,64145.0,"Repeat"
"CUST8689",1,5.0,165591.0,165591.0,"One-time"
"CUST8690",1,4.0,28486.0,28486.0,"One-time"
"CUST8691",2,2.0,34688.0,17344.0,"Repeat"
"CUST8692",4,13.0,151237.0,37809.25,"Repeat"
"CUST8693",2,7.0,134778.0,67389.0,"Repeat"
"CUST8694",3,9.0,228203.0,76067.67,"Repeat"
"CUST8695",3,11.0,472923.0,157641.0,"Repeat"
"CUST8696",2,5.0,43497.0,21748.5,"Repeat"
"CUST8697",1,1.0,6572.0,6572.0,"One-time"
"CUST8698",2,9.0,284534.0,142267.0,"Repeat"
"CUST8699",3,9.0,39993.0,13331.0,"Repeat"
"CUST8700",2,6.0,64084.0,32042.0,"Repeat"
"CUST8702",1,3.0,116483.0,116483.0,"One-time"
"CUST8703",2,6.0,237379.0,118689.5,"Repeat"
"CUST8704",1,5.0,160440.0,160440.0,"One-time"
"CUST8705",4,7.0,212007.0,53001.75,"Repeat"
"CUST8707",1,2.0,31795.0,31795.0,"One-time"
"CUST8708",2,4.0,189247.0,94623.5,"Repeat"
"CUST8709",3,7.0,92945.0,30981.67,"Repeat"
"CUST8710",2,6.0,223050.0,111525.0,"Repeat"
"CUST8711",1,1.0,125.0,125.0,"One-time"
"CUST8712",3,10.0,231940.0,77313.33,"Repeat"
"CUST8713",1,5.0,250.0,250.0,"One-time"
"CUST8714",2,9.0,184166.0,92083.0,"Repeat"
"CUST8715",1,3.0,3339.0,3339.0,"One-time"
"CUST8716",3,11.0,19157.0,6385.67,"Repeat"
"CUST8717",2,7.0,223582.0,111791.0,"Repeat"
"CUST8718",2,10.0,237438.0,118719.0,"Repeat"
"CUST8719",1,3.0,81288.0,81288.0,"One-time"
"CUST8720",1,4.0,32873.0,32873.0,"One-time"
"CUST8721",5,17.0,523550.0,104710.0,"Repeat"
"CUST8722",4,11.0,225432.0,56358.0,"Repeat"
"CUST8723",4,9.0,265639.0,66409.75,"Repeat"
"CUST8725",2,4.0,94124.0,47062.0,"Repeat"
"CUST8727",1,1.0,21683.0,21683.0,"One-time"
"CUST8728",3,7.0,110143.0,36714.33,"Repeat"
"CUST8729",2,8.0,159323.0,79661.5,"Repeat"
"CUST8730",1,3.0,66056.0,66056.0,"One-time"
"CUST8731",1,4.0,49077.0,49077.0,"One-time"
"CUST8732",1,1.0,33698.0,33698.0,"One-time"
"CUST8733",4,7.0,225912.0,56478.0,"Repeat"
"CUST8735",2,4.0,57582.0,28791.0,"Repeat"
"CUST8736",1,4.0,200.0,200.0,"One-time"
"CUST8737",2,5.0,37299.0,18649.5,"Repeat"
"CUST8738",5,17.0,97400.0,19480.0,"Repeat"
"CUST8739",3,10.0,83305.0,27768.33,"Repeat"
"CUST8740",2,7.0,98005.0,49002.5,"Repeat"
"CUST8742",3,11.0,321352.0,107117.33,"Repeat"
"CUST8743",4,17.0,318123.0,79530.75,"Repeat"
"CUST8744",1,2.0,72446.0,72446.0,"One-time"
"CUST8746",1,1.0,125.0,125.0,"One-time"
"CUST8747",1,5.0,96115.0,96115.0,"One-time"
"CUST8748",1,2.0,69548.0,69548.0,"One-time"
"CUST8750",4,11.0,298374.0,74593.5,"Repeat"
"CUST8752",2,5.0,115880.0,57940.0,"Repeat"
"CUST8753",3,3.0,32076.0,10692.0,"Repeat"
"CUST8755",2,7.0,156492.0,78246.0,"Repeat"
"CUST8756",1,1.0,46836.0,46836.0,"One-time"
"CUST8757",2,4.0,112586.0,56293.0,"Repeat"
"CUST8758",4,13.0,218864.0,54716.0,"Repeat"
"CUST8759",3,9.0,343625.0,114541.67,"Repeat"
"CUST8760",4,12.0,340958.0,85239.5,"Repeat"
"CUST8761",4,9.0,208868.0,52217.0,"Repeat"
"CUST8762",5,18.0,611320.0,122264.0,"Repeat"
"CUST8763",1,2.0,89092.0,89092.0,"One-time"
"CUST8764",1,4.0,120766.0,120766.0,"One-time"
"CUST8766",1,3.0,60395.0,60395.0,"One-time"
"CUST8768",2,2.0,35940.0,17970.0,"Repeat"
"CUST8769",2,8.0,78064.0,39032.0,"Repeat"
"CUST8771",1,1.0,12581.0,12581.0,"One-time"
"CUST8772",3,7.0,98992.0,32997.33,"Repeat"
"CUST8773",3,13.0,389351.0,129783.67,"Repeat"
"CUST8774",1,2.0,61270.0,61270.0,"One-time"
"CUST8775",2,9.0,194723.0,97361.5,"Repeat"
"CUST8777",1,1.0,12105.0,12105.0,"One-time"
"CUST8778",4,13.0,152511.0,38127.75,"Repeat"
"CUST8779",4,12.0,354419.0,88604.75,"Repeat"
"CUST8780",3,8.0,132499.0,44166.33,"Repeat"
"CUST8781",2,4.0,131557.0,65778.5,"Repeat"
"CUST8782",1,4.0,140334.0,140334.0,"One-time"
"CUST8783",1,3.0,105220.0,105220.0,"One-time"
"CUST8784",1,3.0,104501.0,104501.0,"One-time"
"CUST8785",1,3.0,36506.0,36506.0,"One-time"
"CUST8786",4,14.0,497891.0,124472.75,"Repeat"
"CUST8788",1,2.0,2043.0,2043.0,"One-time"
"CUST8789",2,4.0,35926.0,17963.0,"Repeat"
"CUST8791",1,1.0,39639.0,39639.0,"One-time"
"CUST8792",4,13.0,384713.0,96178.25,"Repeat"
"CUST8793",2,4.0,147574.0,73787.0,"Repeat"
"CUST8794",2,4.0,37744.0,18872.0,"Repeat"
"CUST8795",1,4.0,57597.0,57597.0,"One-time"
"CUST8796",1,5.0,250.0,250.0,"One-time"
"CUST8798",1,2.0,98620.0,98620.0,"One-time"
"CUST8801",2,4.0,108460.0,54230.0,"Repeat"
"CUST8802",5,16.0,602270.0,120454.0,"Repeat"
"CUST8803",4,8.0,49477.0,12369.25,"Repeat"
"CUST8805",1,5.0,19416.0,19416.0,"One-time"
"CUST8807",3,4.0,97386.0,32462.0,"Repeat"
"CUST8808",3,11.0,241933.0,80644.33,"Repeat"
"CUST8809",2,3.0,44289.0,22144.5,"Repeat"
"CUST8810",3,5.0,71377.0,23792.33,"Repeat"
"CUST8812",2,7.0,104775.0,52387.5,"Repeat"
"CUST8814",3,9.0,276648.0,92216.0,"Repeat"
"CUST8815",1,1.0,30499.0,30499.0,"One-time"
"CUST8816",2,5.0,154718.0,77359.0,"Repeat"
"CUST8818",2,4.0,45994.0,22997.0,"Repeat"
"CUST8819",3,6.0,133009.0,44336.33,"Repeat"
"CUST8820",1,1.0,125.0,125.0,"One-time"
"CUST8822",2,8.0,202196.0,101098.0,"Repeat"
"CUST8824",1,4.0,103179.0,103179.0,"One-time"
"CUST8825",2,10.0,235955.0,117977.5,"Repeat"
"CUST8826",2,5.0,109213.0,54606.5,"Repeat"
"CUST8828",1,4.0,70958.0,70958.0,"One-time"
"CUST8829",2,5.0,213797.0,106898.5,"Repeat"
"CUST8832",2,8.0,154454.0,77227.0,"Repeat"
"CUST8833",3,7.0,146342.0,48780.67,"Repeat"
"CUST8834",2,7.0,107761.0,53880.5,"Repeat"
"CUST8836",5,17.0,452212.0,90442.4,"Repeat"
"CUST8837",3,10.0,230857.0,76952.33,"Repeat"
"CUST8841",3,6.0,90290.0,30096.67,"Repeat"
"CUST8842",2,3.0,82228.0,41114.0,"Repeat"
"CUST8843",4,16.0,566117.0,141529.25,"Repeat"
"CUST8844",2,3.0,275.0,137.5,"Repeat"
"CUST8845",1,1.0,48532.0,48532.0,"One-time"
"CUST8846",1,2.0,70571.0,70571.0,"One-time"
"CUST8847",2,6.0,31329.0,15664.5,"Repeat"
"CUST8848",2,3.0,70606.0,35303.0,"Repeat"
"CUST8849",1,1.0,43115.0,43115.0,"One-time"
"CUST8850",1,1.0,37076.0,37076.0,"One-time"
"CUST8851",1,4.0,200.0,200.0,"One-time"
"CUST8852",2,7.0,55270.0,27635.0,"Repeat"
"CUST8853",1,4.0,200.0,200.0,"One-time"
"CUST8854",1,3.0,99622.0,99622.0,"One-time"
"CUST8855",1,3.0,75502.0,75502.0,"One-time"
"CUST8856",2,5.0,132718.0,66359.0,"Repeat"
"CUST8857",3,5.0,86363.0,28787.67,"Repeat"
"CUST8858",3,10.0,103598.0,34532.67,"Repeat"
"CUST8859",3,8.0,314808.0,104936.0,"Repeat"
"CUST8860",1,4.0,50983.0,50983.0,"One-time"
"CUST8861",1,2.0,22746.0,22746.0,"One-time"
"CUST8862",4,11.0,215915.0,53978.75,"Repeat"
"CUST8863",2,7.0,246655.0,123327.5,"Repeat"
"CUST8864",4,7.0,123192.0,30798.0,"Repeat"
"CUST8865",1,5.0,250.0,250.0,"One-time"
"CUST8866",3,10.0,219551.0,73183.67,"Repeat"
"CUST8867",1,3.0,30569.0,30569.0,"One-time"
"CUST8868",3,11.0,98481.0,32827.0,"Repeat"
"CUST8869",2,6.0,3954.0,1977.0,"Repeat"
"CUST8870",2,6.0,106902.0,53451.0,"Repeat"
"CUST8871",2,4.0,167071.0,83535.5,"Repeat"
"CUST8872",3,7.0,111697.0,37232.33,"Repeat"
"CUST8873",2,4.0,49597.0,24798.5,"Repeat"
"CUST8874",4,12.0,371940.0,92985.0,"Repeat"
"CUST8875",3,8.0,190171.0,63390.33,"Repeat"
"CUST8876",2,6.0,10099.0,5049.5,"Repeat"
"CUST8877",3,9.0,234217.0,78072.33,"Repeat"
"CUST8880",2,6.0,143951.0,71975.5,"Repeat"
"CUST8881",4,10.0,172079.0,43019.75,"Repeat"
"CUST8882",1,5.0,168884.0,168884.0,"One-time"
"CUST8883",2,6.0,249989.0,124994.5,"Repeat"
"CUST8884",4,18.0,473889.0,118472.25,"Repeat"
"CUST8885",2,7.0,125728.0,62864.0,"Repeat"
"CUST8886",4,9.0,42175.0,10543.75,"Repeat"
"CUST8888",4,14.0,336501.0,84125.25,"Repeat"
"CUST8889",4,19.0,286806.0,71701.5,"Repeat"
"CUST8890",1,3.0,25181.0,25181.0,"One-time"
"CUST8891",1,5.0,181151.0,181151.0,"One-time"
"CUST8892",4,17.0,366981.0,91745.25,"Repeat"
"CUST8893",3,14.0,404073.0,134691.0,"Repeat"
"CUST8894",5,22.0,354119.0,70823.8,"Repeat"
"CUST8896",2,5.0,55954.0,27977.0,"Repeat"
"CUST8897",1,4.0,101454.0,101454.0,"One-time"
"CUST8898",1,2.0,91702.0,91702.0,"One-time"
"CUST8899",3,11.0,163093.0,54364.33,"Repeat"
"CUST8900",2,4.0,130338.0,65169.0,"Repeat"
"CUST8902",2,3.0,87011.0,43505.5,"Repeat"
"CUST8903",3,10.0,121541.0,40513.67,"Repeat"
"CUST8904",2,6.0,203148.0,101574.0,"Repeat"
"CUST8905",5,14.0,427371.0,85474.2,"Repeat"
"CUST8906",2,8.0,151311.0,75655.5,"Repeat"
"CUST8907",4,7.0,40040.0,10010.0,"Repeat"
"CUST8908",1,4.0,72413.0,72413.0,"One-time"
"CUST8909",4,14.0,400365.0,100091.25,"Repeat"
"CUST8910",1,1.0,44619.0,44619.0,"One-time"
"CUST8911",2,10.0,52845.0,26422.5,"Repeat"
"CUST8913",1,3.0,120501.0,120501.0,"One-time"
"CUST8915",1,5.0,112789.0,112789.0,"One-time"
"CUST8916",1,1.0,125.0,125.0,"One-time"
"CUST8917",2,6.0,170297.0,85148.5,"Repeat"
"CUST8918",3,7.0,120127.0,40042.33,"Repeat"
"CUST8919",1,3.0,25342.0,25342.0,"One-time"
"CUST8921",1,4.0,107527.0,107527.0,"One-time"
"CUST8922",1,1.0,46888.0,46888.0,"One-time"
"CUST8924",3,7.0,74022.0,24674.0,"Repeat"
"CUST8925",1,1.0,46317.0,46317.0,"One-time"
"CUST8926",2,7.0,226119.0,113059.5,"Repeat"
"CUST8927",2,8.0,425.0,212.5,"Repeat"
"CUST8929",1,1.0,11291.0,11291.0,"One-time"
"CUST8930",2,10.0,321386.0,160693.0,"Repeat"
"CUST8931",2,7.0,208243.0,104121.5,"Repeat"
"CUST8932",1,3.0,82213.0,82213.0,"One-time"
"CUST8933",3,5.0,55223.0,18407.67,"Repeat"
"CUST8934",1,5.0,194129.0,194129.0,"One-time"
"CUST8935",3,9.0,239600.0,79866.67,"Repeat"
"CUST8936",2,5.0,120527.0,60263.5,"Repeat"
"CUST8938",1,5.0,83684.0,83684.0,"One-time"
"CUST8939",5,16.0,450685.0,90137.0,"Repeat"
"CUST8941",3,6.0,203303.0,67767.67,"Repeat"
"CUST8943",3,13.0,258093.0,86031.0,"Repeat"
"CUST8944",3,7.0,192533.0,64177.67,"Repeat"
"CUST8946",3,10.0,299255.0,99751.67,"Repeat"
"CUST8948",3,9.0,213420.0,71140.0,"Repeat"
"CUST8949",1,3.0,84233.0,84233.0,"One-time"
"CUST8950",2,5.0,152935.0,76467.5,"Repeat"
"CUST8951",3,12.0,226572.0,75524.0,"Repeat"
"CUST8952",4,13.0,98452.0,24613.0,"Repeat"
"CUST8953",3,8.0,96807.0,32269.0,"Repeat"
"CUST8954",3,10.0,223896.0,74632.0,"Repeat"
"CUST8956",2,4.0,119862.0,59931.0,"Repeat"
"CUST8957",2,10.0,332104.0,166052.0,"Repeat"
"CUST8958",2,8.0,69272.0,34636.0,"Repeat"
"CUST8959",5,16.0,191883.0,38376.6,"Repeat"
"CUST8960",4,15.0,197429.0,49357.25,"Repeat"
"CUST8961",1,1.0,125.0,125.0,"One-time"
"CUST8962",3,11.0,180979.0,60326.33,"Repeat"
"CUST8964",2,10.0,142069.0,71034.5,"Repeat"
"CUST8965",2,4.0,85309.0,42654.5,"Repeat"
"CUST8966",5,12.0,273744.0,54748.8,"Repeat"
"CUST8967",4,9.0,220448.0,55112.0,"Repeat"
"CUST8968",2,7.0,176701.0,88350.5,"Repeat"
"CUST8970",2,7.0,73935.0,36967.5,"Repeat"
"CUST8971",4,12.0,266059.0,66514.75,"Repeat"
"CUST8972",1,3.0,56051.0,56051.0,"One-time"
"CUST8973",2,6.0,220915.0,110457.5,"Repeat"
"CUST8974",1,4.0,200.0,200.0,"One-time"
"CUST8975",5,17.0,289245.0,57849.0,"Repeat"
"CUST8976",2,10.0,207119.0,103559.5,"Repeat"
"CUST8978",1,2.0,6549.0,6549.0,"One-time"
"CUST8980",2,7.0,209997.0,104998.5,"Repeat"
"CUST8981",1,4.0,37644.0,37644.0,"One-time"
"CUST8982",3,8.0,243646.0,81215.33,"Repeat"
"CUST8983",1,1.0,12748.0,12748.0,"One-time"
"CUST8984",1,5.0,91602.0,91602.0,"One-time"
"CUST8985",1,5.0,70915.0,70915.0,"One-time"
"CUST8986",3,6.0,262672.0,87557.33,"Repeat"
"CUST8987",2,5.0,130568.0,65284.0,"Repeat"
"CUST8988",4,11.0,313069.0,78267.25,"Repeat"
"CUST8989",2,5.0,325.0,162.5,"Repeat"
"CUST8991",3,10.0,406311.0,135437.0,"Repeat"
"CUST8993",3,5.0,126824.0,42274.67,"Repeat"
"CUST8995",2,10.0,89693.0,44846.5,"Repeat"
"CUST8996",1,1.0,17649.0,17649.0,"One-time"
"CUST8997",3,7.0,200278.0,66759.33,"Repeat"
"CUST8998",4,5.0,105138.0,26284.5,"Repeat"
"CUST9000",4,13.0,179276.0,44819.0,"Repeat"
"CUST9001",1,5.0,98185.0,98185.0,"One-time"
"CUST9002",1,5.0,20606.0,20606.0,"One-time"
"CUST9004",1,1.0,19811.0,19811.0,"One-time"
"CUST9005",2,7.0,229855.0,114927.5,"Repeat"
"CUST9007",1,1.0,13554.0,13554.0,"One-time"
"CUST9008",1,1.0,34122.0,34122.0,"One-time"
"CUST9009",3,6.0,48653.0,16217.67,"Repeat"
"CUST9010",1,5.0,250.0,250.0,"One-time"
"CUST9011",3,11.0,131429.0,43809.67,"Repeat"
"CUST9012",2,5.0,113688.0,56844.0,"Repeat"
"CUST9014",1,2.0,70348.0,70348.0,"One-time"
"CUST9015",4,10.0,320865.0,80216.25,"Repeat"
"CUST9016",2,6.0,90428.0,45214.0,"Repeat"
"CUST9017",3,12.0,137960.0,45986.67,"Repeat"
"CUST9018",1,2.0,150.0,150.0,"One-time"
"CUST9019",2,6.0,99000.0,49500.0,"Repeat"
"CUST9020",3,11.0,278191.0,92730.33,"Repeat"
"CUST9021",2,9.0,390560.0,195280.0,"Repeat"
"CUST9022",3,10.0,73324.0,24441.33,"Repeat"
"CUST9025",1,3.0,17711.0,17711.0,"One-time"
"CUST9026",2,6.0,19400.0,9700.0,"Repeat"
"CUST9027",3,5.0,145923.0,48641.0,"Repeat"
"CUST9028",1,2.0,20368.0,20368.0,"One-time"
"CUST9029",2,2.0,66590.0,33295.0,"Repeat"
"CUST9030",1,4.0,83198.0,83198.0,"One-time"
"CUST9031",2,4.0,113700.0,56850.0,"Repeat"
"CUST9032",1,5.0,230353.0,230353.0,"One-time"
"CUST9033",3,7.0,200601.0,66867.0,"Repeat"
"CUST9034",4,14.0,220548.0,55137.0,"Repeat"
"CUST9035",2,3.0,40651.0,20325.5,"Repeat"
"CUST9037",3,11.0,202633.0,67544.33,"Repeat"
"CUST9038",2,7.0,180740.0,90370.0,"Repeat"
"CUST9039",3,8.0,76671.0,25557.0,"Repeat"
"CUST9040",2,5.0,81639.0,40819.5,"Repeat"
"CUST9041",4,17.0,270384.0,67596.0,"Repeat"
"CUST9044",3,7.0,174268.0,58089.33,"Repeat"
"CUST9045",3,14.0,437825.0,145941.67,"Repeat"
"CUST9047",2,4.0,168820.0,84410.0,"Repeat"
"CUST9049",2,8.0,146017.0,73008.5,"Repeat"
"CUST9051",4,14.0,237918.0,59479.5,"Repeat"
"CUST9054",2,6.0,46530.0,23265.0,"Repeat"
"CUST9055",2,6.0,144880.0,72440.0,"Repeat"
"CUST9056",1,5.0,250.0,250.0,"One-time"
"CUST9057",1,4.0,21845.0,21845.0,"One-time"
"CUST9058",1,2.0,39966.0,39966.0,"One-time"
"CUST9059",2,4.0,70823.0,35411.5,"Repeat"
"CUST9060",2,6.0,56983.0,28491.5,"Repeat"
"CUST9061",2,8.0,315681.0,157840.5,"Repeat"
"CUST9062",4,15.0,412171.0,103042.75,"Repeat"
"CUST9063",2,5.0,121129.0,60564.5,"Repeat"
"CUST9064",1,1.0,769.0,769.0,"One-time"
"CUST9066",2,5.0,138530.0,69265.0,"Repeat"
"CUST9067",3,8.0,234914.0,78304.67,"Repeat"
"CUST9068",2,8.0,51036.0,25518.0,"Repeat"
"CUST9069",2,6.0,195966.0,97983.0,"Repeat"
"CUST9070",1,2.0,10799.0,10799.0,"One-time"
"CUST9071",2,2.0,7286.0,3643.0,"Repeat"
"CUST9072",4,13.0,84008.0,21002.0,"Repeat"
"CUST9074",4,10.0,334812.0,83703.0,"Repeat"
"CUST9075",1,3.0,90207.0,90207.0,"One-time"
"CUST9076",2,8.0,101403.0,50701.5,"Repeat"
"CUST9077",3,10.0,90230.0,30076.67,"Repeat"
"CUST9078",2,7.0,187290.0,93645.0,"Repeat"
"CUST9080",3,8.0,162684.0,54228.0,"Repeat"
"CUST9081",1,4.0,78696.0,78696.0,"One-time"
"CUST9083",2,3.0,52226.0,26113.0,"Repeat"
"CUST9084",2,6.0,124118.0,62059.0,"Repeat"
"CUST9085",3,8.0,280689.0,93563.0,"Repeat"
"CUST9086",3,11.0,12555.0,4185.0,"Repeat"
"CUST9089",2,8.0,30948.0,15474.0,"Repeat"
"CUST9090",4,7.0,186123.0,46530.75,"Repeat"
"CUST9091",1,5.0,198629.0,198629.0,"One-time"
"CUST9092",1,3.0,43114.0,43114.0,"One-time"
"CUST9093",1,3.0,86284.0,86284.0,"One-time"
"CUST9095",2,2.0,12280.0,6140.0,"Repeat"
"CUST9096",1,2.0,19378.0,19378.0,"One-time"
"CUST9099",2,3.0,121717.0,60858.5,"Repeat"
"CUST9100",2,8.0,152935.0,76467.5,"Repeat"
"CUST9101",2,3.0,81651.0,40825.5,"Repeat"
"CUST9102",3,5.0,108417.0,36139.0,"Repeat"
"CUST9104",1,4.0,150401.0,150401.0,"One-time"
"CUST9106",2,5.0,103837.0,51918.5,"Repeat"
"CUST9107",1,3.0,92369.0,92369.0,"One-time"
"CUST9108",5,16.0,386877.0,77375.4,"Repeat"
"CUST9109",2,2.0,19392.0,9696.0,"Repeat"
"CUST9110",5,19.0,88498.0,17699.6,"Repeat"
"CUST9111",3,13.0,237168.0,79056.0,"Repeat"
"CUST9112",1,4.0,60829.0,60829.0,"One-time"
"CUST9114",3,11.0,353693.0,117897.67,"Repeat"
"CUST9115",3,6.0,120273.0,40091.0,"Repeat"
"CUST9116",2,6.0,27843.0,13921.5,"Repeat"
"CUST9117",6,24.0,353762.0,58960.33,"Repeat"
"CUST9118",2,7.0,177121.0,88560.5,"Repeat"
"CUST9119",2,7.0,92405.0,46202.5,"Repeat"
"CUST9121",3,5.0,58898.0,19632.67,"Repeat"
"CUST9122",1,1.0,7209.0,7209.0,"One-time"
"CUST9124",2,7.0,281510.0,140755.0,"Repeat"
"CUST9125",5,18.0,467161.0,93432.2,"Repeat"
"CUST9126",1,4.0,93399.0,93399.0,"One-time"
"CUST9128",1,3.0,29880.0,29880.0,"One-time"
"CUST9129",2,4.0,143823.0,71911.5,"Repeat"
"CUST9130",1,4.0,5723.0,5723.0,"One-time"
"CUST9131",2,5.0,82014.0,41007.0,"Repeat"
"CUST9132",1,5.0,116368.0,116368.0,"One-time"
"CUST9133",3,8.0,192179.0,64059.67,"Repeat"
"CUST9134",2,4.0,27408.0,13704.0,"Repeat"
"CUST9136",4,18.0,332118.0,83029.5,"Repeat"
"CUST9137",2,4.0,45549.0,22774.5,"Repeat"
"CUST9138",4,16.0,510352.0,127588.0,"Repeat"
"CUST9139",2,3.0,130596.0,65298.0,"Repeat"
"CUST9140",2,7.0,65550.0,32775.0,"Repeat"
"CUST9141",2,9.0,182306.0,91153.0,"Repeat"
"CUST9142",2,7.0,217014.0,108507.0,"Repeat"
"CUST9143",1,4.0,166753.0,166753.0,"One-time"
"CUST9144",2,3.0,61342.0,30671.0,"Repeat"
"CUST9145",1,1.0,42967.0,42967.0,"One-time"
"CUST9146",1,2.0,32184.0,32184.0,"One-time"
"CUST9147",2,4.0,300.0,150.0,"Repeat"
"CUST9148",1,2.0,27381.0,27381.0,"One-time"
"CUST9149",1,4.0,6742.0,6742.0,"One-time"
"CUST9151",5,15.0,443212.0,88642.4,"Repeat"
"CUST9152",3,12.0,434868.0,144956.0,"Repeat"
"CUST9153",1,1.0,18660.0,18660.0,"One-time"
"CUST9154",3,6.0,76404.0,25468.0,"Repeat"
"CUST9155",2,6.0,250659.0,125329.5,"Repeat"
"CUST9156",4,17.0,335659.0,83914.75,"Repeat"
"CUST9158",2,6.0,978.0,489.0,"Repeat"
"CUST9159",3,12.0,306189.0,102063.0,"Repeat"
"CUST9160",1,5.0,83935.0,83935.0,"One-time"
"CUST9161",3,6.0,84205.0,28068.33,"Repeat"
"CUST9164",1,4.0,184576.0,184576.0,"One-time"
"CUST9165",2,5.0,112448.0,56224.0,"Repeat"
"CUST9166",4,14.0,259744.0,64936.0,"Repeat"
"CUST9167",2,9.0,450.0,225.0,"Repeat"
"CUST9168",1,3.0,128245.0,128245.0,"One-time"
"CUST9169",2,4.0,120220.0,60110.0,"Repeat"
"CUST9170",2,3.0,103503.0,51751.5,"Repeat"
"CUST9172",2,9.0,259840.0,129920.0,"Repeat"
"CUST9174",1,5.0,225028.0,225028.0,"One-time"
"CUST9176",2,9.0,189545.0,94772.5,"Repeat"
"CUST9177",3,3.0,91536.0,30512.0,"Repeat"
"CUST9178",2,8.0,310006.0,155003.0,"Repeat"
"CUST9179",1,2.0,77775.0,77775.0,"One-time"
"CUST9180",2,3.0,127898.0,63949.0,"Repeat"
"CUST9181",2,6.0,247952.0,123976.0,"Repeat"
"CUST9182",2,7.0,155098.0,77549.0,"Repeat"
"CUST9183",2,6.0,202028.0,101014.0,"Repeat"
"CUST9185",3,8.0,179371.0,59790.33,"Repeat"
"CUST9186",1,2.0,32308.0,32308.0,"One-time"
"CUST9187",1,5.0,224031.0,224031.0,"One-time"
"CUST9188",2,9.0,137904.0,68952.0,"Repeat"
"CUST9189",1,3.0,127895.0,127895.0,"One-time"
"CUST9190",1,2.0,55521.0,55521.0,"One-time"
"CUST9191",1,5.0,198295.0,198295.0,"One-time"
"CUST9192",1,4.0,98109.0,98109.0,"One-time"
"CUST9193",3,8.0,210925.0,70308.33,"Repeat"
"CUST9194",2,9.0,69791.0,34895.5,"Repeat"
"CUST9195",2,6.0,54691.0,27345.5,"Repeat"
"CUST9196",2,7.0,226194.0,113097.0,"Repeat"
"CUST9198",1,2.0,22377.0,22377.0,"One-time"
"CUST9199",1,1.0,21610.0,21610.0,"One-time"
"CUST9200",4,9.0,109134.0,27283.5,"Repeat"
"CUST9201",4,14.0,180528.0,45132.0,"Repeat"
"CUST9202",1,4.0,178929.0,178929.0,"One-time"
"CUST9203",1,3.0,175.0,175.0,"One-time"
"CUST9204",1,1.0,20088.0,20088.0,"One-time"
"CUST9207",2,6.0,62754.0,31377.0,"Repeat"
"CUST9208",3,8.0,185666.0,61888.67,"Repeat"
"CUST9209",1,4.0,138822.0,138822.0,"One-time"
"CUST9210",1,1.0,49697.0,49697.0,"One-time"
"CUST9211",2,10.0,346747.0,173373.5,"Repeat"
"CUST9212",4,11.0,174388.0,43597.0,"Repeat"
"CUST9213",1,1.0,45208.0,45208.0,"One-time"
"CUST9215",1,5.0,116118.0,116118.0,"One-time"
"CUST9216",2,6.0,132173.0,66086.5,"Repeat"
"CUST9217",1,1.0,36283.0,36283.0,"One-time"
"CUST9218",3,7.0,168116.0,56038.67,"Repeat"
"CUST9219",2,6.0,213662.0,106831.0,"Repeat"
"CUST9221",1,5.0,128075.0,128075.0,"One-time"
"CUST9223",1,3.0,75553.0,75553.0,"One-time"
"CUST9224",1,3.0,16359.0,16359.0,"One-time"
"CUST9225",1,5.0,49385.0,49385.0,"One-time"
"CUST9226",4,12.0,345796.0,86449.0,"Repeat"
"CUST9227",1,1.0,16700.0,16700.0,"One-time"
"CUST9228",4,13.0,402406.0,100601.5,"Repeat"
"CUST9229",1,5.0,235587.0,235587.0,"One-time"
"CUST9230",2,8.0,214287.0,107143.5,"Repeat"
"CUST9231",1,3.0,81266.0,81266.0,"One-time"
"CUST9232",2,6.0,237170.0,118585.0,"Repeat"
"CUST9233",2,7.0,143583.0,71791.5,"Repeat"
"CUST9234",1,3.0,132306.0,132306.0,"One-time"
"CUST9236",1,3.0,106075.0,106075.0,"One-time"
"CUST9238",1,2.0,45517.0,45517.0,"One-time"
"CUST9240",1,5.0,250.0,250.0,"One-time"
"CUST9241",2,4.0,104125.0,52062.5,"Repeat"
"CUST9242",3,12.0,233483.0,77827.67,"Repeat"
"CUST9243",2,5.0,36433.0,18216.5,"Repeat"
"CUST9244",2,5.0,82006.0,41003.0,"Repeat"
"CUST9245",1,1.0,25902.0,25902.0,"One-time"
"CUST9246",4,8.0,58830.0,14707.5,"Repeat"
"CUST9247",1,1.0,830.0,830.0,"One-time"
"CUST9248",6,23.0,684057.0,114009.5,"Repeat"
"CUST9249",1,1.0,8149.0,8149.0,"One-time"
"CUST9250",2,4.0,72233.0,36116.5,"Repeat"
"CUST9251",3,3.0,61236.0,20412.0,"Repeat"
"CUST9252",1,5.0,243361.0,243361.0,"One-time"
"CUST9253",4,12.0,46453.0,11613.25,"Repeat"
"CUST9254",1,1.0,41795.0,41795.0,"One-time"
"CUST9255",2,7.0,239136.0,119568.0,"Repeat"
"CUST9258",1,1.0,43750.0,43750.0,"One-time"
"CUST9260",1,5.0,2078.0,2078.0,"One-time"
"CUST9262",3,10.0,116707.0,38902.33,"Repeat"
"CUST9263",1,4.0,182169.0,182169.0,"One-time"
"CUST9265",2,5.0,174254.0,87127.0,"Repeat"
"CUST9266",3,6.0,187190.0,62396.67,"Repeat"
"CUST9267",2,4.0,97611.0,48805.5,"Repeat"
"CUST9268",2,6.0,166093.0,83046.5,"Repeat"
"CUST9270",1,2.0,29639.0,29639.0,"One-time"
"CUST9271",3,6.0,155893.0,51964.33,"Repeat"
"CUST9272",2,8.0,75855.0,37927.5,"Repeat"
"CUST9273",1,2.0,150.0,150.0,"One-time"
"CUST9274",3,10.0,227004.0,75668.0,"Repeat"
"CUST9275",1,1.0,40605.0,40605.0,"One-time"
"CUST9276",2,6.0,94640.0,47320.0,"Repeat"
"CUST9277",2,4.0,8519.0,4259.5,"Repeat"
"CUST9278",1,3.0,36656.0,36656.0,"One-time"
"CUST9281",3,9.0,259859.0,86619.67,"Repeat"
"CUST9283",6,17.0,467045.0,77840.83,"Repeat"
"CUST9284",6,14.0,348396.0,58066.0,"Repeat"
"CUST9285",1,5.0,160614.0,160614.0,"One-time"
"CUST9286",2,9.0,118043.0,59021.5,"Repeat"
"CUST9288",1,3.0,139229.0,139229.0,"One-time"
"CUST9289",1,2.0,50475.0,50475.0,"One-time"
"CUST9290",1,4.0,111895.0,111895.0,"One-time"
"CUST9291",3,7.0,121355.0,40451.67,"Repeat"
"CUST9293",2,5.0,86318.0,43159.0,"Repeat"
"CUST9294",1,2.0,20694.0,20694.0,"One-time"
"CUST9296",1,1.0,33564.0,33564.0,"One-time"
"CUST9297",2,3.0,120192.0,60096.0,"Repeat"
"CUST9298",1,3.0,21483.0,21483.0,"One-time"
"CUST9299",5,15.0,277468.0,55493.6,"Repeat"
"CUST9300",3,9.0,71377.0,23792.33,"Repeat"
"CUST9302",4,11.0,112647.0,28161.75,"Repeat"
"CUST9304",1,4.0,200.0,200.0,"One-time"
"CUST9305",1,2.0,150.0,150.0,"One-time"
"CUST9306",1,4.0,87190.0,87190.0,"One-time"
"CUST9307",1,2.0,72845.0,72845.0,"One-time"
"CUST9308",1,1.0,15051.0,15051.0,"One-time"
"CUST9309",2,6.0,50169.0,25084.5,"Repeat"
"CUST9311",2,4.0,24311.0,12155.5,"Repeat"
"CUST9313",4,18.0,558698.0,139674.5,"Repeat"
"CUST9315",1,2.0,47690.0,47690.0,"One-time"
"CUST9316",4,14.0,288562.0,72140.5,"Repeat"
"CUST9317",4,15.0,220066.0,55016.5,"Repeat"
"CUST9318",2,5.0,92030.0,46015.0,"Repeat"
"CUST9319",1,3.0,175.0,175.0,"One-time"
"CUST9320",1,3.0,61185.0,61185.0,"One-time"
"CUST9321",2,5.0,119570.0,59785.0,"Repeat"
"CUST9322",2,7.0,6555.0,3277.5,"Repeat"
"CUST9323",1,1.0,9470.0,9470.0,"One-time"
"CUST9324",2,6.0,136857.0,68428.5,"Repeat"
"CUST9325",2,8.0,146528.0,73264.0,"Repeat"
"CUST9326",3,9.0,248587.0,82862.33,"Repeat"
"CUST9327",2,10.0,103963.0,51981.5,"Repeat"
"CUST9328",1,2.0,150.0,150.0,"One-time"
"CUST9329",2,9.0,132833.0,66416.5,"Repeat"
"CUST9330",5,17.0,173522.0,34704.4,"Repeat"
"CUST9332",3,12.0,585173.0,195057.67,"Repeat"
"CUST9334",1,4.0,176512.0,176512.0,"One-time"
"CUST9335",1,2.0,71296.0,71296.0,"One-time"
"CUST9336",1,4.0,85372.0,85372.0,"One-time"
"CUST9338",5,10.0,233813.0,46762.6,"Repeat"
"CUST9339",2,6.0,46875.0,23437.5,"Repeat"
"CUST9340",2,5.0,193884.0,96942.0,"Repeat"
"CUST9341",5,16.0,358417.0,71683.4,"Repeat"
"CUST9342",4,11.0,179750.0,44937.5,"Repeat"
"CUST9343",2,4.0,39635.0,19817.5,"Repeat"
"CUST9344",1,5.0,203436.0,203436.0,"One-time"
"CUST9346",2,7.0,271911.0,135955.5,"Repeat"
"CUST9347",2,5.0,14151.0,7075.5,"Repeat"
"CUST9348",1,5.0,156721.0,156721.0,"One-time"
"CUST9349",2,4.0,168540.0,84270.0,"Repeat"
"CUST9350",3,10.0,87866.0,29288.67,"Repeat"
"CUST9351",3,10.0,324557.0,108185.67,"Repeat"
"CUST9352",2,2.0,16219.0,8109.5,"Repeat"
"CUST9353",2,6.0,264306.0,132153.0,"Repeat"
"CUST9354",1,3.0,175.0,175.0,"One-time"
"CUST9355",1,2.0,8007.0,8007.0,"One-time"
"CUST9357",3,8.0,292600.0,97533.33,"Repeat"
"CUST9358",3,6.0,148346.0,49448.67,"Repeat"
"CUST9359",1,4.0,134239.0,134239.0,"One-time"
"CUST9360",3,9.0,314753.0,104917.67,"Repeat"
"CUST9362",1,5.0,178892.0,178892.0,"One-time"
"CUST9363",2,4.0,47659.0,23829.5,"Repeat"
"CUST9364",3,6.0,127736.0,42578.67,"Repeat"
"CUST9365",1,2.0,32708.0,32708.0,"One-time"
"CUST9366",1,1.0,45882.0,45882.0,"One-time"
"CUST9367",2,5.0,94660.0,47330.0,"Repeat"
"CUST9368",1,3.0,35022.0,35022.0,"One-time"
"CUST9370",3,9.0,247543.0,82514.33,"Repeat"
"CUST9371",4,16.0,327434.0,81858.5,"Repeat"
"CUST9372",2,7.0,248271.0,124135.5,"Repeat"
"CUST9373",2,6.0,236867.0,118433.5,"Repeat"
"CUST9374",4,11.0,192111.0,48027.75,"Repeat"
"CUST9375",4,17.0,511862.0,127965.5,"Repeat"
"CUST9376",1,4.0,20352.0,20352.0,"One-time"
"CUST9377",1,5.0,245557.0,245557.0,"One-time"
"CUST9378",1,2.0,99706.0,99706.0,"One-time"
"CUST9379",1,2.0,18800.0,18800.0,"One-time"
"CUST9380",6,27.0,583999.0,97333.17,"Repeat"
"CUST9381",2,6.0,72533.0,36266.5,"Repeat"
"CUST9382",2,3.0,33919.0,16959.5,"Repeat"
"CUST9383",1,5.0,107898.0,107898.0,"One-time"
"CUST9386",5,14.0,348928.0,69785.6,"Repeat"
"CUST9387",3,7.0,36982.0,12327.33,"Repeat"
"CUST9388",1,3.0,89744.0,89744.0,"One-time"
"CUST9390",2,3.0,51656.0,25828.0,"Repeat"
"CUST9392",2,6.0,259453.0,129726.5,"Repeat"
"CUST9393",2,3.0,19153.0,9576.5,"Repeat"
"CUST9394",3,12.0,231521.0,77173.67,"Repeat"
"CUST9395",1,3.0,143336.0,143336.0,"One-time"
"CUST9396",2,4.0,150592.0,75296.0,"Repeat"
"CUST9398",2,7.0,140948.0,70474.0,"Repeat"
"CUST9399",3,11.0,235911.0,78637.0,"Repeat"
"CUST9400",1,4.0,66664.0,66664.0,"One-time"
"CUST9401",1,4.0,200.0,200.0,"One-time"
"CUST9402",3,4.0,86986.0,28995.33,"Repeat"
"CUST9403",1,1.0,21934.0,21934.0,"One-time"
"CUST9404",2,9.0,304849.0,152424.5,"Repeat"
"CUST9405",1,3.0,175.0,175.0,"One-time"
"CUST9406",1,3.0,109750.0,109750.0,"One-time"
"CUST9408",3,10.0,74398.0,24799.33,"Repeat"
"CUST9409",2,4.0,90799.0,45399.5,"Repeat"
"CUST9410",2,6.0,147387.0,73693.5,"Repeat"
"CUST9411",1,2.0,79202.0,79202.0,"One-time"
"CUST9412",3,12.0,137299.0,45766.33,"Repeat"
"CUST9413",2,5.0,227862.0,113931.0,"Repeat"
"CUST9417",1,2.0,99709.0,99709.0,"One-time"
"CUST9418",2,7.0,104407.0,52203.5,"Repeat"
"CUST9419",2,6.0,218399.0,109199.5,"Repeat"
"CUST9422",3,6.0,42963.0,14321.0,"Repeat"
"CUST9423",4,6.0,127723.0,31930.75,"Repeat"
"CUST9424",1,1.0,23704.0,23704.0,"One-time"
"CUST9425",5,18.0,293672.0,58734.4,"Repeat"
"CUST9426",3,9.0,188786.0,62928.67,"Repeat"
"CUST9427",1,1.0,46405.0,46405.0,"One-time"
"CUST9428",1,5.0,46691.0,46691.0,"One-time"
"CUST9430",2,3.0,61372.0,30686.0,"Repeat"
"CUST9431",1,1.0,32379.0,32379.0,"One-time"
"CUST9432",3,11.0,415911.0,138637.0,"Repeat"
"CUST9433",4,16.0,276808.0,69202.0,"Repeat"
"CUST9434",1,2.0,57053.0,57053.0,"One-time"
"CUST9435",2,7.0,247503.0,123751.5,"Repeat"
"CUST9436",4,8.0,145465.0,36366.25,"Repeat"
"CUST9437",2,6.0,128584.0,64292.0,"Repeat"
"CUST9438",2,6.0,160290.0,80145.0,"Repeat"
"CUST9439",1,2.0,64606.0,64606.0,"One-time"
"CUST9440",1,2.0,32026.0,32026.0,"One-time"
"CUST9441",4,12.0,154217.0,38554.25,"Repeat"
"CUST9442",3,6.0,81444.0,27148.0,"Repeat"
"CUST9443",1,2.0,69150.0,69150.0,"One-time"
"CUST9444",6,15.0,308233.0,51372.17,"Repeat"
"CUST9445",1,2.0,150.0,150.0,"One-time"
"CUST9446",2,2.0,42585.0,21292.5,"Repeat"
"CUST9447",2,6.0,160668.0,80334.0,"Repeat"
"CUST9448",1,4.0,200.0,200.0,"One-time"
"CUST9449",1,1.0,15756.0,15756.0,"One-time"
"CUST9450",1,2.0,84749.0,84749.0,"One-time"
"CUST9451",1,2.0,62890.0,62890.0,"One-time"
"CUST9452",2,4.0,132397.0,66198.5,"Repeat"
"CUST9454",3,10.0,72812.0,24270.67,"Repeat"
"CUST9456",2,8.0,69183.0,34591.5,"Repeat"
"CUST9457",2,7.0,85626.0,42813.0,"Repeat"
"CUST9458",1,5.0,203870.0,203870.0,"One-time"
"CUST9460",2,6.0,177235.0,88617.5,"Repeat"
"CUST9461",1,2.0,150.0,150.0,"One-time"
"CUST9462",4,9.0,281012.0,70253.0,"Repeat"
"CUST9464",1,4.0,148466.0,148466.0,"One-time"
"CUST9465",2,4.0,105457.0,52728.5,"Repeat"
"CUST9466",3,3.0,22781.0,7593.67,"Repeat"
"CUST9467",4,12.0,169377.0,42344.25,"Repeat"
"CUST9468",2,5.0,132775.0,66387.5,"Repeat"
"CUST9469",1,2.0,9716.0,9716.0,"One-time"
"CUST9470",5,17.0,292337.0,58467.4,"Repeat"
"CUST9471",5,12.0,319748.0,63949.6,"Repeat"
"CUST9472",2,9.0,182509.0,91254.5,"Repeat"
"CUST9473",2,9.0,52650.0,26325.0,"Repeat"
"CUST9474",2,7.0,50093.0,25046.5,"Repeat"
"CUST9476",2,4.0,80289.0,40144.5,"Repeat"
"CUST9479",2,9.0,391833.0,195916.5,"Repeat"
"CUST9480",3,3.0,54510.0,18170.0,"Repeat"
"CUST9481",2,8.0,113837.0,56918.5,"Repeat"
"CUST9482",6,19.0,275709.0,45951.5,"Repeat"
"CUST9484",3,8.0,149582.0,49860.67,"Repeat"
"CUST9485",1,5.0,97755.0,97755.0,"One-time"
"CUST9486",4,8.0,172730.0,43182.5,"Repeat"
"CUST9487",4,16.0,442455.0,110613.75,"Repeat"
"CUST9488",1,1.0,10501.0,10501.0,"One-time"
"CUST9489",4,14.0,440216.0,110054.0,"Repeat"
"CUST9490",2,9.0,412629.0,206314.5,"Repeat"
"CUST9492",1,2.0,41591.0,41591.0,"One-time"
"CUST9493",2,7.0,80081.0,40040.5,"Repeat"
"CUST9494",2,7.0,151900.0,75950.0,"Repeat"
"CUST9495",3,8.0,94825.0,31608.33,"Repeat"
"CUST9496",2,2.0,63283.0,31641.5,"Repeat"
"CUST9498",3,8.0,72859.0,24286.33,"Repeat"
"CUST9499",1,4.0,83937.0,83937.0,"One-time"
"CUST9500",3,12.0,344777.0,114925.67,"Repeat"
"CUST9502",2,5.0,113459.0,56729.5,"Repeat"
"CUST9503",3,7.0,58282.0,19427.33,"Repeat"
"CUST9504",3,8.0,319250.0,106416.67,"Repeat"
"CUST9505",7,16.0,262513.0,37501.86,"Repeat"
"CUST9506",1,1.0,16654.0,16654.0,"One-time"
"CUST9507",2,5.0,59657.0,29828.5,"Repeat"
"CUST9512",1,2.0,95026.0,95026.0,"One-time"
"CUST9514",3,9.0,195026.0,65008.67,"Repeat"
"CUST9515",2,5.0,140847.0,70423.5,"Repeat"
"CUST9517",2,5.0,155281.0,77640.5,"Repeat"
"CUST9518",2,6.0,70639.0,35319.5,"Repeat"
"CUST9519",1,3.0,129522.0,129522.0,"One-time"
"CUST9520",3,11.0,111911.0,37303.67,"Repeat"
"CUST9521",1,5.0,138673.0,138673.0,"One-time"
"CUST9522",5,10.0,245559.0,49111.8,"Repeat"
"CUST9523",2,7.0,228536.0,114268.0,"Repeat"
"CUST9524",2,5.0,74698.0,37349.0,"Repeat"
"CUST9525",1,3.0,141096.0,141096.0,"One-time"
"CUST9527",1,1.0,49260.0,49260.0,"One-time"
"CUST9528",2,9.0,367852.0,183926.0,"Repeat"
"CUST9529",4,11.0,239204.0,59801.0,"Repeat"
"CUST9530",3,12.0,268618.0,89539.33,"Repeat"
"CUST9531",1,5.0,99684.0,99684.0,"One-time"
"CUST9532",1,5.0,34794.0,34794.0,"One-time"
"CUST9533",3,9.0,317285.0,105761.67,"Repeat"
"CUST9534",1,4.0,25505.0,25505.0,"One-time"
"CUST9535",1,4.0,66844.0,66844.0,"One-time"
"CUST9536",3,12.0,76941.0,25647.0,"Repeat"
"CUST9537",2,6.0,56743.0,28371.5,"Repeat"
"CUST9538",3,5.0,133476.0,44492.0,"Repeat"
"CUST9539",1,2.0,22635.0,22635.0,"One-time"
"CUST9540",4,11.0,168792.0,42198.0,"Repeat"
"CUST9541",1,1.0,29392.0,29392.0,"One-time"
"CUST9543",1,5.0,56166.0,56166.0,"One-time"
"CUST9544",2,3.0,26528.0,13264.0,"Repeat"
"CUST9547",3,7.0,146656.0,48885.33,"Repeat"
"CUST9549",3,7.0,144424.0,48141.33,"Repeat"
"CUST9550",3,7.0,144394.0,48131.33,"Repeat"
"CUST9551",4,13.0,400432.0,100108.0,"Repeat"
"CUST9552",3,13.0,347049.0,115683.0,"Repeat"
"CUST9553",1,1.0,27107.0,27107.0,"One-time"
"CUST9554",2,5.0,185461.0,92730.5,"Repeat"
"CUST9555",2,9.0,450.0,225.0,"Repeat"
"CUST9556",5,18.0,617157.0,123431.4,"Repeat"
"CUST9557",1,5.0,250.0,250.0,"One-time"
"CUST9558",3,8.0,258550.0,86183.33,"Repeat"
"CUST9559",1,4.0,17810.0,17810.0,"One-time"
"CUST9560",1,5.0,250.0,250.0,"One-time"
"CUST9561",1,4.0,183499.0,183499.0,"One-time"
"CUST9562",2,6.0,242022.0,121011.0,"Repeat"
"CUST9563",5,14.0,275756.0,55151.2,"Repeat"
"CUST9564",2,4.0,142223.0,71111.5,"Repeat"
"CUST9565",1,1.0,15861.0,15861.0,"One-time"
"CUST9567",2,8.0,121113.0,60556.5,"Repeat"
"CUST9569",2,7.0,202910.0,101455.0,"Repeat"
"CUST9570",1,2.0,98425.0,98425.0,"One-time"
"CUST9573",2,7.0,272901.0,136450.5,"Repeat"
"CUST9574",2,3.0,99919.0,49959.5,"Repeat"
"CUST9575",1,1.0,5444.0,5444.0,"One-time"
"CUST9576",1,5.0,144791.0,144791.0,"One-time"
"CUST9577",2,6.0,15172.0,7586.0,"Repeat"
"CUST9578",1,1.0,19044.0,19044.0,"One-time"
"CUST9581",1,3.0,1455.0,1455.0,"One-time"
"CUST9582",2,5.0,86489.0,43244.5,"Repeat"
"CUST9583",1,2.0,5726.0,5726.0,"One-time"
"CUST9584",1,5.0,245120.0,245120.0,"One-time"
"CUST9585",3,10.0,67161.0,22387.0,"Repeat"
"CUST9586",1,5.0,116683.0,116683.0,"One-time"
"CUST9587",1,2.0,69343.0,69343.0,"One-time"
"CUST9588",2,4.0,58654.0,29327.0,"Repeat"
"CUST9589",6,15.0,491268.0,81878.0,"Repeat"
"CUST9590",2,4.0,17811.0,8905.5,"Repeat"
"CUST9593",3,14.0,329324.0,109774.67,"Repeat"
"CUST9594",1,5.0,151324.0,151324.0,"One-time"
"CUST9597",2,6.0,124952.0,62476.0,"Repeat"
"CUST9598",2,6.0,104582.0,52291.0,"Repeat"
"CUST9599",4,15.0,359074.0,89768.5,"Repeat"
"CUST9600",2,10.0,171069.0,85534.5,"Repeat"
"CUST9601",3,10.0,421236.0,140412.0,"Repeat"
"CUST9602",2,10.0,195455.0,97727.5,"Repeat"
"CUST9603",1,2.0,1780.0,1780.0,"One-time"
"CUST9604",1,1.0,15195.0,15195.0,"One-time"
"CUST9605",1,4.0,10950.0,10950.0,"One-time"
"CUST9606",1,1.0,47898.0,47898.0,"One-time"
"CUST9607",1,1.0,23095.0,23095.0,"One-time"
"CUST9608",1,4.0,200.0,200.0,"One-time"
"CUST9609",2,7.0,44960.0,22480.0,"Repeat"
"CUST9610",1,4.0,150245.0,150245.0,"One-time"
"CUST9611",2,2.0,45523.0,22761.5,"Repeat"
"CUST9613",2,7.0,56671.0,28335.5,"Repeat"
"CUST9615",4,12.0,295345.0,73836.25,"Repeat"
"CUST9616",3,11.0,202105.0,67368.33,"Repeat"
"CUST9617",1,1.0,37142.0,37142.0,"One-time"
"CUST9618",1,5.0,226950.0,226950.0,"One-time"
"CUST9619",1,1.0,13513.0,13513.0,"One-time"
"CUST9620",6,21.0,547795.0,91299.17,"Repeat"
"CUST9621",1,1.0,4910.0,4910.0,"One-time"
"CUST9622",3,7.0,143259.0,47753.0,"Repeat"
"CUST9623",2,5.0,88805.0,44402.5,"Repeat"
"CUST9625",2,2.0,38099.0,19049.5,"Repeat"
"CUST9626",2,6.0,153269.0,76634.5,"Repeat"
"CUST9627",1,3.0,175.0,175.0,"One-time"
"CUST9628",4,16.0,240539.0,60134.75,"Repeat"
"CUST9631",1,3.0,13075.0,13075.0,"One-time"
"CUST9632",1,3.0,43079.0,43079.0,"One-time"
"CUST9634",1,4.0,11934.0,11934.0,"One-time"
"CUST9635",5,14.0,139406.0,27881.2,"Repeat"
"CUST9636",1,2.0,88902.0,88902.0,"One-time"
"CUST9637",3,10.0,232515.0,77505.0,"Repeat"
"CUST9640",1,3.0,49860.0,49860.0,"One-time"
"CUST9641",3,9.0,275144.0,91714.67,"Repeat"
"CUST9642",1,3.0,86043.0,86043.0,"One-time"
"CUST9644",1,5.0,72135.0,72135.0,"One-time"
"CUST9645",4,12.0,294209.0,73552.25,"Repeat"
"CUST9646",2,8.0,357048.0,178524.0,"Repeat"
"CUST9647",2,4.0,143142.0,71571.0,"Repeat"
"CUST9648",2,3.0,43439.0,21719.5,"Repeat"
"CUST9649",2,6.0,98512.0,49256.0,"Repeat"
"CUST9650",2,9.0,111191.0,55595.5,"Repeat"
"CUST9651",1,3.0,175.0,175.0,"One-time"
"CUST9652",2,4.0,39503.0,19751.5,"Repeat"
"CUST9653",4,14.0,300642.0,75160.5,"Repeat"
"CUST9654",1,3.0,33959.0,33959.0,"One-time"
"CUST9656",2,6.0,151641.0,75820.5,"Repeat"
"CUST9657",1,4.0,175397.0,175397.0,"One-time"
"CUST9659",3,7.0,159533.0,53177.67,"Repeat"
"CUST9660",4,10.0,228622.0,57155.5,"Repeat"
"CUST9661",3,13.0,307046.0,102348.67,"Repeat"
"CUST9664",1,4.0,173253.0,173253.0,"One-time"
"CUST9665",1,4.0,46420.0,46420.0,"One-time"
"CUST9666",3,8.0,63368.0,21122.67,"Repeat"
"CUST9667",1,2.0,79013.0,79013.0,"One-time"
"CUST9668",2,2.0,40555.0,20277.5,"Repeat"
"CUST9669",3,6.0,50570.0,16856.67,"Repeat"
"CUST9670",1,1.0,6663.0,6663.0,"One-time"
"CUST9671",3,11.0,192973.0,64324.33,"Repeat"
"CUST9672",1,2.0,10664.0,10664.0,"One-time"
"CUST9673",2,7.0,165271.0,82635.5,"Repeat"
"CUST9675",1,2.0,79704.0,79704.0,"One-time"
"CUST9679",2,5.0,83778.0,41889.0,"Repeat"
"CUST9680",1,3.0,149439.0,149439.0,"One-time"
"CUST9682",2,6.0,172851.0,86425.5,"Repeat"
"CUST9684",2,5.0,70280.0,35140.0,"Repeat"
"CUST9685",1,4.0,24094.0,24094.0,"One-time"
"CUST9686",2,6.0,196343.0,98171.5,"Repeat"
"CUST9687",3,5.0,9969.0,3323.0,"Repeat"
"CUST9688",2,7.0,105978.0,52989.0,"Repeat"
"CUST9689",4,12.0,131445.0,32861.25,"Repeat"
"CUST9690",2,6.0,197000.0,98500.0,"Repeat"
"CUST9692",3,5.0,113587.0,37862.33,"Repeat"
"CUST9693",3,5.0,60432.0,20144.0,"Repeat"
"CUST9694",2,2.0,40812.0,20406.0,"Repeat"
"CUST9695",1,1.0,26208.0,26208.0,"One-time"
"CUST9696",2,7.0,157991.0,78995.5,"Repeat"
"CUST9697",3,11.0,173029.0,57676.33,"Repeat"
"CUST9698",1,4.0,94135.0,94135.0,"One-time"
"CUST9700",3,9.0,341447.0,113815.67,"Repeat"
"CUST9701",2,3.0,98045.0,49022.5,"Repeat"
"CUST9702",2,6.0,94890.0,47445.0,"Repeat"
"CUST9703",3,10.0,222423.0,74141.0,"Repeat"
"CUST9704",5,17.0,406724.0,81344.8,"Repeat"
"CUST9705",2,8.0,115988.0,57994.0,"Repeat"
"CUST9706",2,8.0,98988.0,49494.0,"Repeat"
"CUST9707",2,7.0,90968.0,45484.0,"Repeat"
"CUST9711",2,6.0,79673.0,39836.5,"Repeat"
"CUST9712",3,11.0,64189.0,21396.33,"Repeat"
"CUST9713",1,5.0,224319.0,224319.0,"One-time"
"CUST9714",1,1.0,43567.0,43567.0,"One-time"
"CUST9715",4,12.0,340547.0,85136.75,"Repeat"
"CUST9717",1,4.0,25043.0,25043.0,"One-time"
"CUST9718",1,5.0,144624.0,144624.0,"One-time"
"CUST9719",2,5.0,137381.0,68690.5,"Repeat"
"CUST9720",2,6.0,59578.0,29789.0,"Repeat"
"CUST9721",2,7.0,27384.0,13692.0,"Repeat"
"CUST9724",1,5.0,124778.0,124778.0,"One-time"
"CUST9726",1,2.0,89715.0,89715.0,"One-time"
"CUST9727",1,3.0,53898.0,53898.0,"One-time"
"CUST9728",1,3.0,83689.0,83689.0,"One-time"
"CUST9729",1,3.0,85532.0,85532.0,"One-time"
"CUST9731",1,1.0,17548.0,17548.0,"One-time"
"CUST9732",3,6.0,136220.0,45406.67,"Repeat"
"CUST9733",2,4.0,97981.0,48990.5,"Repeat"
"CUST9734",3,7.0,106079.0,35359.67,"Repeat"
"CUST9735",1,1.0,10597.0,10597.0,"One-time"
"CUST9736",5,13.0,253584.0,50716.8,"Repeat"
"CUST9737",3,10.0,389786.0,129928.67,"Repeat"
"CUST9738",2,7.0,269115.0,134557.5,"Repeat"
"CUST9739",1,1.0,31309.0,31309.0,"One-time"
"CUST9741",3,11.0,200369.0,66789.67,"Repeat"
"CUST9742",4,14.0,294440.0,73610.0,"Repeat"
"CUST9743",1,3.0,125579.0,125579.0,"One-time"
"CUST9744",2,6.0,232971.0,116485.5,"Repeat"
"CUST9746",1,5.0,96730.0,96730.0,"One-time"
"CUST9748",1,4.0,110555.0,110555.0,"One-time"
"CUST9749",1,4.0,122431.0,122431.0,"One-time"
"CUST9750",2,5.0,88106.0,44053.0,"Repeat"
"CUST9751",3,6.0,174752.0,58250.67,"Repeat"
"CUST9752",3,12.0,183444.0,61148.0,"Repeat"
"CUST9753",1,4.0,85709.0,85709.0,"One-time"
"CUST9754",2,5.0,117561.0,58780.5,"Repeat"
"CUST9755",2,8.0,242475.0,121237.5,"Repeat"
"CUST9756",1,1.0,8017.0,8017.0,"One-time"
"CUST9757",1,3.0,29822.0,29822.0,"One-time"
"CUST9758",2,5.0,148339.0,74169.5,"Repeat"
"CUST9759",3,7.0,157471.0,52490.33,"Repeat"
"CUST9760",2,5.0,99078.0,49539.0,"Repeat"
"CUST9762",1,2.0,85481.0,85481.0,"One-time"
"CUST9763",2,5.0,40284.0,20142.0,"Repeat"
"CUST9764",1,1.0,31843.0,31843.0,"One-time"
"CUST9765",2,3.0,41459.0,20729.5,"Repeat"
"CUST9766",1,4.0,200.0,200.0,"One-time"
"CUST9768",1,2.0,32670.0,32670.0,"One-time"
"CUST9769",1,5.0,180415.0,180415.0,"One-time"
"CUST9771",1,4.0,133026.0,133026.0,"One-time"
"CUST9773",3,8.0,237226.0,79075.33,"Repeat"
"CUST9775",1,5.0,120592.0,120592.0,"One-time"
"CUST9777",1,3.0,127714.0,127714.0,"One-time"
"CUST9779",6,20.0,456975.0,76162.5,"Repeat"
"CUST9780",1,1.0,8404.0,8404.0,"One-time"
"CUST9781",1,4.0,84054.0,84054.0,"One-time"
"CUST9782",3,6.0,71504.0,23834.67,"Repeat"
"CUST9783",2,6.0,175282.0,87641.0,"Repeat"
"CUST9784",3,11.0,152521.0,50840.33,"Repeat"
"CUST9785",4,14.0,348566.0,87141.5,"Repeat"
"CUST9786",1,4.0,44165.0,44165.0,"One-time"
"CUST9787",2,8.0,123941.0,61970.5,"Repeat"
"CUST9788",1,2.0,94048.0,94048.0,"One-time"
"CUST9789",5,16.0,564520.0,112904.0,"Repeat"
"CUST9790",4,16.0,435352.0,108838.0,"Repeat"
"CUST9791",2,3.0,64788.0,32394.0,"Repeat"
"CUST9795",1,5.0,131967.0,131967.0,"One-time"
"CUST9796",3,11.0,156177.0,52059.0,"Repeat"
"CUST9798",1,1.0,5494.0,5494.0,"One-time"
"CUST9799",1,5.0,130750.0,130750.0,"One-time"
"CUST9800",1,2.0,31652.0,31652.0,"One-time"
"CUST9801",2,9.0,132453.0,66226.5,"Repeat"
"CUST9802",3,13.0,260108.0,86702.67,"Repeat"
"CUST9804",1,4.0,43375.0,43375.0,"One-time"
"CUST9805",3,12.0,177713.0,59237.67,"Repeat"
"CUST9807",1,4.0,124014.0,124014.0,"One-time"
"CUST9808",2,8.0,173073.0,86536.5,"Repeat"
"CUST9809",1,1.0,43798.0,43798.0,"One-time"
"CUST9810",1,5.0,229277.0,229277.0,"One-time"
"CUST9811",1,1.0,21240.0,21240.0,"One-time"
"CUST9812",4,9.0,109755.0,27438.75,"Repeat"
"CUST9813",1,2.0,3124.0,3124.0,"One-time"
"CUST9814",2,8.0,59976.0,29988.0,"Repeat"
"CUST9815",1,4.0,107113.0,107113.0,"One-time"
"CUST9816",1,5.0,18371.0,18371.0,"One-time"
"CUST9817",1,2.0,39057.0,39057.0,"One-time"
"CUST9818",2,10.0,403142.0,201571.0,"Repeat"
"CUST9820",3,8.0,164657.0,54885.67,"Repeat"
"CUST9821",3,8.0,91289.0,30429.67,"Repeat"
"CUST9824",1,1.0,125.0,125.0,"One-time"
"CUST9825",1,5.0,102670.0,102670.0,"One-time"
"CUST9827",2,5.0,189871.0,94935.5,"Repeat"
"CUST9828",1,4.0,26351.0,26351.0,"One-time"
"CUST9829",1,4.0,2118.0,2118.0,"One-time"
"CUST9830",1,1.0,20238.0,20238.0,"One-time"
"CUST9831",1,1.0,12938.0,12938.0,"One-time"
"CUST9832",2,8.0,144454.0,72227.0,"Repeat"
"CUST9833",1,5.0,242922.0,242922.0,"One-time"
"CUST9834",2,6.0,76305.0,38152.5,"Repeat"
"CUST9835",1,3.0,175.0,175.0,"One-time"
"CUST9836",1,5.0,110045.0,110045.0,"One-time"
"CUST9837",3,8.0,76689.0,25563.0,"Repeat"
"CUST9839",2,5.0,209004.0,104502.0,"Repeat"
"CUST9840",1,5.0,66331.0,66331.0,"One-time"
"CUST9842",2,3.0,115408.0,57704.0,"Repeat"
"CUST9844",3,7.0,75568.0,25189.33,"Repeat"
"CUST9846",1,3.0,75993.0,75993.0,"One-time"
"CUST9847",1,4.0,200.0,200.0,"One-time"
"CUST9849",3,8.0,114481.0,38160.33,"Repeat"
"CUST9850",3,8.0,189623.0,63207.67,"Repeat"
"CUST9851",2,3.0,94120.0,47060.0,"Repeat"
"CUST9854",4,11.0,82145.0,20536.25,"Repeat"
"CUST9856",1,1.0,39906.0,39906.0,"One-time"
"CUST9859",1,5.0,182986.0,182986.0,"One-time"
"CUST9860",2,10.0,68429.0,34214.5,"Repeat"
"CUST9861",2,6.0,103905.0,51952.5,"Repeat"
"CUST9862",3,8.0,164417.0,54805.67,"Repeat"
"CUST9863",2,4.0,105302.0,52651.0,"Repeat"
"CUST9864",2,9.0,211812.0,105906.0,"Repeat"
"CUST9867",1,1.0,21542.0,21542.0,"One-time"
"CUST9868",3,9.0,75655.0,25218.33,"Repeat"
"CUST9869",1,4.0,127872.0,127872.0,"One-time"
"CUST9870",2,7.0,164792.0,82396.0,"Repeat"
"CUST9871",1,1.0,21586.0,21586.0,"One-time"
"CUST9873",1,1.0,47740.0,47740.0,"One-time"
"CUST9874",1,1.0,16531.0,16531.0,"One-time"
"CUST9875",1,5.0,157070.0,157070.0,"One-time"
"CUST9876",2,7.0,400.0,200.0,"Repeat"
"CUST9877",3,12.0,247391.0,82463.67,"Repeat"
"CUST9878",1,1.0,9846.0,9846.0,"One-time"
"CUST9879",5,11.0,312775.0,62555.0,"Repeat"
"CUST9880",2,7.0,187340.0,93670.0,"Repeat"
"CUST9881",1,4.0,8071.0,8071.0,"One-time"
"CUST9882",3,7.0,113695.0,37898.33,"Repeat"
"CUST9883",2,5.0,230269.0,115134.5,"Repeat"
"CUST9884",5,13.0,219691.0,43938.2,"Repeat"
"CUST9885",3,8.0,156565.0,52188.33,"Repeat"
"CUST9887",2,7.0,34043.0,17021.5,"Repeat"
"CUST9891",2,2.0,41430.0,20715.0,"Repeat"
"CUST9893",4,6.0,34610.0,8652.5,"Repeat"
"CUST9894",1,1.0,8594.0,8594.0,"One-time"
"CUST9896",3,12.0,475838.0,158612.67,"Repeat"
"CUST9897",3,7.0,118428.0,39476.0,"Repeat"
"CUST9898",1,3.0,58581.0,58581.0,"One-time"
"CUST9899",3,9.0,156960.0,52320.0,"Repeat"
"CUST9900",2,9.0,293591.0,146795.5,"Repeat"
"CUST9901",3,4.0,122769.0,40923.0,"Repeat"
"CUST9902",2,5.0,160194.0,80097.0,"Repeat"
"CUST9903",1,4.0,200.0,200.0,"One-time"
"CUST9904",2,3.0,87637.0,43818.5,"Repeat"
"CUST9905",1,3.0,25738.0,25738.0,"One-time"
"CUST9906",2,3.0,12642.0,6321.0,"Repeat"
"CUST9907",3,7.0,103728.0,34576.0,"Repeat"
"CUST9909",1,4.0,200.0,200.0,"One-time"
"CUST9912",1,1.0,125.0,125.0,"One-time"
"CUST9914",3,9.0,345929.0,115309.67,"Repeat"
"CUST9916",2,6.0,199910.0,99955.0,"Repeat"
"CUST9917",2,8.0,179470.0,89735.0,"Repeat"
"CUST9918",2,8.0,223072.0,111536.0,"Repeat"
"CUST9919",2,6.0,41043.0,20521.5,"Repeat"
"CUST9920",3,7.0,298884.0,99628.0,"Repeat"
"CUST9922",1,2.0,78994.0,78994.0,"One-time"
"CUST9923",2,5.0,37540.0,18770.0,"Repeat"
"CUST9925",1,5.0,9763.0,9763.0,"One-time"
"CUST9926",4,14.0,223425.0,55856.25,"Repeat"
"CUST9929",1,5.0,78341.0,78341.0,"One-time"
"CUST9930",1,4.0,180962.0,180962.0,"One-time"
"CUST9931",3,9.0,307547.0,102515.67,"Repeat"
"CUST9932",1,5.0,250.0,250.0,"One-time"
"CUST9934",3,10.0,227470.0,75823.33,"Repeat"
"CUST9935",1,4.0,110142.0,110142.0,"One-time"
"CUST9936",3,8.0,268664.0,89554.67,"Repeat"
"CUST9937",1,5.0,1272.0,1272.0,"One-time"
"CUST9938",7,18.0,509537.0,72791.0,"Repeat"
"CUST9940",2,3.0,28833.0,14416.5,"Repeat"
"CUST9941",1,3.0,105123.0,105123.0,"One-time"
"CUST9943",1,4.0,200.0,200.0,"One-time"
"CUST9944",2,4.0,78106.0,39053.0,"Repeat"
"CUST9945",1,2.0,150.0,150.0,"One-time"
"CUST9946",5,12.0,201302.0,40260.4,"Repeat"
"CUST9947",1,2.0,150.0,150.0,"One-time"
"CUST9948",1,3.0,139301.0,139301.0,"One-time"
"CUST9949",1,5.0,44181.0,44181.0,"One-time"
"CUST9950",2,6.0,248266.0,124133.0,"Repeat"
"CUST9951",5,20.0,497765.0,99553.0,"Repeat"
"CUST9952",1,1.0,9153.0,9153.0,"One-time"
"CUST9953",5,17.0,666541.0,133308.2,"Repeat"
"CUST9954",2,9.0,158044.0,79022.0,"Repeat"
"CUST9955",4,12.0,397851.0,99462.75,"Repeat"
"CUST9956",2,7.0,4521.0,2260.5,"Repeat"
"CUST9957",1,4.0,112539.0,112539.0,"One-time"
"CUST9962",1,1.0,15995.0,15995.0,"One-time"
"CUST9965",1,4.0,102459.0,102459.0,"One-time"
"CUST9967",2,8.0,41206.0,20603.0,"Repeat"
"CUST9969",2,4.0,115003.0,57501.5,"Repeat"
"CUST9970",3,10.0,248140.0,82713.33,"Repeat"
"CUST9971",3,10.0,374934.0,124978.0,"Repeat"
"CUST9972",1,5.0,250.0,250.0,"One-time"
"CUST9973",1,3.0,76246.0,76246.0,"One-time"
"CUST9974",2,3.0,90568.0,45284.0,"Repeat"
"CUST9976",2,5.0,188187.0,94093.5,"Repeat"
"CUST9977",3,9.0,378560.0,126186.67,"Repeat"
"CUST9979",1,4.0,200.0,200.0,"One-time"
"CUST9980",1,2.0,16117.0,16117.0,"One-time"
"CUST9982",1,5.0,190292.0,190292.0,"One-time"
"CUST9984",3,11.0,180219.0,60073.0,"Repeat"
"CUST9985",1,5.0,224835.0,224835.0,"One-time"
"CUST9986",3,11.0,236657.0,78885.67,"Repeat"
"CUST9987",2,7.0,375.0,187.5,"Repeat"
"CUST9988",1,3.0,175.0,175.0,"One-time"
"CUST9989",1,1.0,6484.0,6484.0,"One-time"
"CUST9990",2,4.0,130034.0,65017.0,"Repeat"
"CUST9991",2,6.0,20899.0,10449.5,"Repeat"
"CUST9992",2,4.0,92041.0,46020.5,"Repeat"
"CUST9993",2,4.0,107845.0,53922.5,"Repeat"
"CUST9994",3,11.0,116135.0,38711.67,"Repeat"
"CUST9995",1,1.0,30909.0,30909.0,"One-time"
"CUST9996",2,3.0,56123.0,28061.5,"Repeat"
"CUST9997",3,10.0,236304.0,78768.0,"Repeat"
"CUST9998",2,8.0,257122.0,128561.0,"Repeat"
"CUST9999",3,8.0,248603.0,82867.67,"Repeat"
